relacion_id,documento_id,nombre_archivo,celula,nivel_relacion,servicio_termino_fuente,servicio_normalizado_propuesto,capacidad_termino_fuente,capacidad_normalizada_propuesta,aplicacion_termino_fuente,aplicacion_normalizada_propuesta,tema_editorial_derivado,pagina_fuente,seccion_fuente,evidencia,estado_revision,observaciones,origen_relacion_2A1B,resultado_auditoria_2A1B,estado_uso_2A1B,normalizacion_2A1B_estado,servicio_normalizado_validado_2A1B,capacidad_normalizada_validada_2A1B,aplicacion_normalizada_validada_2A1B,evidencia_verificada_2A1B,correccion_propuesta_2A1B,motivo_auditoria_2A1B,requiere_decision_usuario_2A1B,celula_validada_2A1B,estado_celula_2A1B,usar_como_evidencia_automatica_2A1B,grupo_documental_2A1B,fuente_independiente_2A1B,celula_2A2,estado_celula_2A2,criterio_asignacion_2A2,justificacion_celula_2A2,cambio_celula_vs_2A1B,requiere_revision_manual_celula_2A2,fecha_cierre_2A2
R0001,DOC-01,Brochure Idiem infraestructura VF.pdf,INFRA PÚBLICA RESILIENTE,COMPLEMENTARIA,Servicios en la fase de diseño,Servicios de ingeniería en etapa de diseño,estudios de ingeniería geotécnica,Estudios geotécnicos,zonas de emplazamiento de la infraestructura,Emplazamiento de infraestructura,DERIVADO: prevención temprana,4,Servicios en la fase de diseño,"Cita literal p.4: 'tenemos la capacidad de efectuar levantamientos topográficos, geodésicos y diversos estudios de ingeniería geotécnica'. Célula inferida por dominio de obra pública/infraestructura nacional (p.3).",OK,Célula asignada por inferencia temática; el documento no nombra células.,MAPA_2A1_ORIGINAL,CORRECTO_Y_VERIFICABLE,APTO_FACTUAL,ACEPTADA,Servicios de ingeniería en etapa de diseño,Estudios geotécnicos,Emplazamiento de infraestructura,"La fuente declara levantamientos topográficos y geodésicos y diversos estudios de ingeniería geotécnica, incluyendo caracterización de suelos/rocas, fundaciones, mecánica de suelos, estabilidad, peligros naturales y geología en zonas de emplazamiento de infraestructura.",Mantener la relación factual. La asignación a célula se resolverá en 2A.2.,"Servicio, capacidad y aplicación a emplazamiento de infraestructura están explícitos.",NO,,PENDIENTE_2A2,SI,,SI,,SIN_CELULA_PRIORIZADA,FUERA_ALCANCE_O_SIN_APLICACION_SECTORIAL,"Relación válida, pero sin aplicación explícita suficiente a una de las cinco células priorizadas o correspondiente a un ámbito transversal/no priorizado.",FUERA_DE_CELULAS_PRIORIZADAS,NO,2026-08-17
R0002,DOC-01,Brochure Idiem infraestructura VF.pdf,INFRA PÚBLICA RESILIENTE,PRINCIPAL,mitigación de riesgos naturales,Mitigación de riesgos naturales,detección temprana de amenazas relacionadas con factores ambientales,Detección temprana de amenazas ambientales,proyectos de infraestructura ubicados en zonas geográficas potencialmente riesgosas,Infraestructura en zonas de riesgo,DERIVADO: resiliencia,4,Servicios en la fase de diseño,Cita literal p.4: 'contamos con experiencia en la mitigación de riesgos naturales... enfocados en proyectos de infraestructura ubicados en zonas geográficas potencialmente riesgosas'.,OK,Sección desarrollada explícitamente; base para resiliencia.,MAPA_2A1_ORIGINAL,CORRECTO_Y_VERIFICABLE,APTO_FACTUAL,ACEPTADA,Mitigación de riesgos naturales,Detección temprana de amenazas ambientales,Infraestructura en zonas de riesgo,La fuente declara experiencia en mitigación de riesgos naturales y estudios para detección temprana de amenazas ambientales en proyectos de infraestructura ubicados en zonas geográficas potencialmente riesgosas.,Mantener la relación.,"Servicio, objetivo y aplicación están explícitos.",NO,,PENDIENTE_2A2,SI,,SI,,SIN_CELULA_PRIORIZADA,FUERA_ALCANCE_O_SIN_APLICACION_SECTORIAL,"Relación válida, pero sin aplicación explícita suficiente a una de las cinco células priorizadas o correspondiente a un ámbito transversal/no priorizado.",FUERA_DE_CELULAS_PRIORIZADAS,NO,2026-08-17
R0003,DOC-01,Brochure Idiem infraestructura VF.pdf,INFRA PÚBLICA RESILIENTE,COMPLEMENTARIA,revisión integral de proyectos,Revisión integral de proyectos,verificar el cumplimiento de la normativa y de las bases de diseño,Verificación normativa de diseño,"estructura, aceros, hormigones y suelos... incendios, eléctrica, sanitaria, ascensores y climatización",Especialidades de proyecto,DERIVADO: cumplimiento normativo,4,Servicios en la fase de diseño,"Cita literal p.4: 'realizamos la revisión integral de proyectos lo que considera la estructura, aceros, hormigones y suelos, además de especialidades como incendios, eléctrica, sanitaria, ascensores y climatización'.",OK,,MAPA_2A1_ORIGINAL,CORRECTO_Y_VERIFICABLE,APTO_FACTUAL,ACEPTADA,Revisión integral de proyectos,Verificación normativa de diseño,Especialidades de proyecto,"La fuente declara revisión integral de proyectos, incluyendo estructura, aceros, hormigones, suelos, incendios, electricidad, sanitaria, ascensores y climatización, para verificar normativa y bases de diseño.",Mantener la relación.,El alcance multidisciplinario y la finalidad de verificación están explícitos.,NO,,PENDIENTE_2A2,SI,,SI,,SIN_CELULA_PRIORIZADA,FUERA_ALCANCE_O_SIN_APLICACION_SECTORIAL,"Relación válida, pero sin aplicación explícita suficiente a una de las cinco células priorizadas o correspondiente a un ámbito transversal/no priorizado.",FUERA_DE_CELULAS_PRIORIZADAS,NO,2026-08-17
R0004,DOC-01,Brochure Idiem infraestructura VF.pdf,REQUIERE REVISIÓN,REQUIERE REVISIÓN,tecnología del hormigón,Tecnología del hormigón,Estudio de dosificaciones,Diseño de dosificaciones,NO IDENTIFICADO,NO IDENTIFICADO,DERIVADO: confiabilidad de materiales,5,Tecnología del hormigón,Cita literal p.5 (viñeta): 'Estudio de dosificaciones'. El documento no vincula esta capacidad a un tipo de infraestructura específico.,REQUIERE REVISIÓN,Capacidad transversal sin aplicación declarada; no se fuerza célula.,MAPA_2A1_ORIGINAL,CORRECTO_Y_VERIFICABLE,APTO_FACTUAL,ACEPTADA,Tecnología del hormigón,Diseño de dosificaciones,NO IDENTIFICADO,La fuente enumera literalmente 'Estudio de dosificaciones' dentro de Tecnología del hormigón.,"Mantener como capacidad de Tecnología del hormigón, sin sector de aplicación inferido.",La capacidad está explícita y el mapa conserva correctamente la ausencia de aplicación.,NO,,PENDIENTE_2A2,SI,,SI,,SIN_CELULA_PRIORIZADA,FUERA_ALCANCE_O_SIN_APLICACION_SECTORIAL,"Relación válida, pero sin aplicación explícita suficiente a una de las cinco células priorizadas o correspondiente a un ámbito transversal/no priorizado.",FUERA_DE_CELULAS_PRIORIZADAS,NO,2026-08-17
R0005,DOC-01,Brochure Idiem infraestructura VF.pdf,INFRA OPERACIÓN MINERA,COMPLEMENTARIA,tecnología del hormigón,Tecnología del hormigón,Asesoría en tecnología del shotcrete,Asesoría en shotcrete,NO IDENTIFICADO,NO IDENTIFICADO,DERIVADO: continuidad operacional,5,Tecnología del hormigón,Cita literal p.5 (viñeta): 'Asesoría en tecnología del shotcrete'. Vínculo con minería inferido por co-ocurrencia con 'túneles mineros' en la misma sección (p.5).,REQUIERE REVISIÓN,Inferencia de célula débil: el shotcrete no está atribuido explícitamente a minería en esta página.,MAPA_2A1_ORIGINAL,CORRECTO_CON_MATIZ,APTO_CON_MATIZ,ACEPTADA_CON_MATIZ,Tecnología del hormigón,Asesoría en shotcrete,NO IDENTIFICADO,La fuente enumera literalmente 'Asesoría en tecnología del shotcrete' dentro de Tecnología del hormigón.,Mantener la capacidad y la ausencia de aplicación sectorial. No usar la co-ocurrencia con 'túneles mineros' de otra viñeta para atribuir el shotcrete a minería.,La prestación es verificable; el vínculo minero corresponde solo a la célula inferida y no al texto de esta capacidad.,SI,,PENDIENTE_2A2,NO,,SI,,SIN_CELULA_PRIORIZADA,FUERA_ALCANCE_O_SIN_APLICACION_SECTORIAL,"Relación válida, pero sin aplicación explícita suficiente a una de las cinco células priorizadas o correspondiente a un ámbito transversal/no priorizado.",FUERA_DE_CELULAS_PRIORIZADAS,NO,2026-08-17
R0006,DOC-01,Brochure Idiem infraestructura VF.pdf,INFRA OPERACIÓN MINERA,COMPLEMENTARIA,tecnología del hormigón,Tecnología del hormigón,"Evaluación de materias primas alternativas (escorias, relaves, material de excavación de túneles mineros, etc.)",Valorización de materiales alternativos,"relaves, material de excavación de túneles mineros",Relaves y marina de túnel minero,DERIVADO: economía circular,5,Tecnología del hormigón,"Cita literal p.5 (viñeta): 'Evaluación de materias primas alternativas (escorias, relaves, material de excavación de túneles mineros, etc.) para el diseño y confección de hormigones'.",OK,Evidencia explícita de aplicación minera.,MAPA_2A1_ORIGINAL,CORRECCION_NECESARIA,NO_USAR_NORMALIZACION_ACTUAL,REEMPLAZAR_SEGUN_AUDITORIA,,,,"La fuente declara 'Evaluación de materias primas alternativas (escorias, relaves, material de excavación de túneles mineros, etc.) para el diseño y confección de hormigones'.","Cambiar 'Valorización de materiales alternativos' por una normalización que conserve 'Evaluación de materias primas alternativas'. Usar 'material de excavación de túneles mineros', no 'marina de túnel minero', salvo fuente adicional.","La normalización actual introduce 'valorización' y 'marina', términos no usados por la fuente.",NO,,PENDIENTE_2A2,NO,,SI,,SIN_CELULA_PRIORIZADA,FUERA_ALCANCE_O_SIN_APLICACION_SECTORIAL,"Relación válida, pero sin aplicación explícita suficiente a una de las cinco células priorizadas o correspondiente a un ámbito transversal/no priorizado.",FUERA_DE_CELULAS_PRIORIZADAS,NO,2026-08-17
R0007,DOC-01,Brochure Idiem infraestructura VF.pdf,REQUIERE REVISIÓN,COMPLEMENTARIA,tecnología del hormigón,Tecnología del hormigón,Inspección de plantas de hormigón y evaluación de conformidad,Inspección y certificación de plantas de hormigón,plantas de hormigón,Plantas de hormigón,DERIVADO: cumplimiento normativo,5,Tecnología del hormigón,Cita literal p.5 (viñeta): 'Inspección de plantas de hormigón y evaluación de conformidad'.,REQUIERE REVISIÓN,Servicio transversal a varias células; sin evidencia para asignar una.,MAPA_2A1_ORIGINAL,CORRECCION_NECESARIA,NO_USAR_NORMALIZACION_ACTUAL,REEMPLAZAR_SEGUN_AUDITORIA,,,,La fuente enumera 'Inspección de plantas de hormigón y evaluación de conformidad'.,Normalizar como 'Inspección de plantas de hormigón y evaluación de conformidad'; no convertirlo en 'Inspección y certificación de plantas de hormigón'.,La palabra 'certificación' no aparece en esta prestación y cambia el alcance.,NO,,PENDIENTE_2A2,NO,,SI,,SIN_CELULA_PRIORIZADA,FUERA_ALCANCE_O_SIN_APLICACION_SECTORIAL,"Relación válida, pero sin aplicación explícita suficiente a una de las cinco células priorizadas o correspondiente a un ámbito transversal/no priorizado.",FUERA_DE_CELULAS_PRIORIZADAS,NO,2026-08-17
R0008,DOC-01,Brochure Idiem infraestructura VF.pdf,REQUIERE REVISIÓN,COMPLEMENTARIA,certificación de casi toda la producción nacional de cemento,Certificación de cemento,NO IDENTIFICADO,NO IDENTIFICADO,cemento,Cemento,DERIVADO: cumplimiento normativo,5,Tecnología del hormigón,"Cita literal p.5: 'IDIEM realiza la certificación de casi toda la producción nacional de cemento, materia prima que constituye la base del hormigón'.",REQUIERE REVISIÓN,Afirmación de cobertura de mercado sin fuente citada en el propio documento.,MAPA_2A1_ORIGINAL,CORRECTO_CON_MATIZ,APTO_CON_MATIZ,ACEPTADA_CON_MATIZ,Certificación de cemento,NO IDENTIFICADO,Cemento,La fuente afirma que IDIEM realiza la certificación de casi toda la producción nacional de cemento.,Mantener 'Certificación de cemento' como capacidad. Tratar 'casi toda la producción nacional' como claim de cobertura de mercado pendiente de validación externa.,"La existencia de la prestación está respaldada, pero la magnitud de participación de mercado no tiene fuente citada.",SI,,PENDIENTE_2A2,NO,,SI,,SIN_CELULA_PRIORIZADA,FUERA_ALCANCE_O_SIN_APLICACION_SECTORIAL,"Relación válida, pero sin aplicación explícita suficiente a una de las cinco células priorizadas o correspondiente a un ámbito transversal/no priorizado.",FUERA_DE_CELULAS_PRIORIZADAS,NO,2026-08-17
R0009,DOC-01,Brochure Idiem infraestructura VF.pdf,REQUIERE REVISIÓN,COMPLEMENTARIA,coordinación 3D – BIM (Building Information Modelling),Coordinación BIM,"anticipar la construcción antes de su ejecución, visualizando zonas complejas",Detección de interferencias en modelo,"interferencias, inconsistencias y otros problemas de coordinación",Coordinación de proyecto,DERIVADO: digitalización,5,Etapa de diseño / tecnología,"Cita literal p.5: 'por medio de la coordinación 3D – BIM (Building Information Modelling), podemos anticipar la construcción antes de su ejecución'.",REQUIERE REVISIÓN,Candidata a LAB MINERO DIGITAL solo si esa célula cubre digitalización no minera; ver 04_revision_manual.,MAPA_2A1_ORIGINAL,CORRECTO_Y_VERIFICABLE,APTO_FACTUAL,ACEPTADA,Coordinación BIM,Detección de interferencias en modelo,Coordinación de proyecto,"La fuente declara coordinación 3D-BIM para anticipar la construcción, visualizar zonas complejas y adelantar soluciones sobre interferencias, inconsistencias y problemas de coordinación.",Mantener la relación; dejar cualquier asignación de célula digital para 2A.2.,La capacidad y el objetivo de coordinación están explícitos.,NO,,PENDIENTE_2A2,SI,,SI,,SIN_CELULA_PRIORIZADA,FUERA_ALCANCE_O_SIN_APLICACION_SECTORIAL,"Relación válida, pero sin aplicación explícita suficiente a una de las cinco células priorizadas o correspondiente a un ámbito transversal/no priorizado.",FUERA_DE_CELULAS_PRIORIZADAS,NO,2026-08-17
R0010,DOC-01,Brochure Idiem infraestructura VF.pdf,INFRA OPERACIÓN MINERA,PRINCIPAL,monitoreo geotécnico,Monitoreo geotécnico,proyectos de instrumentación de tranques de relaves para su monitoreo a distancia,Instrumentación y monitoreo remoto de depósitos de relaves,tranques de relaves,Depósitos de relaves,DERIVADO: seguridad de activos críticos,6,Trabajos en terreno / monitoreo geotécnico,"Cita literal p.6: 'desarrollado diversos proyectos de instrumentación de tranques de relaves para su monitoreo a distancia, con el fin de evaluar y resguardar de manera permanente la seguridad de dichas estructuras'.",OK,Aplicación minera explícita.,MAPA_2A1_ORIGINAL,CORRECTO_Y_VERIFICABLE,APTO_FACTUAL,ACEPTADA,Monitoreo geotécnico,Instrumentación y monitoreo remoto de depósitos de relaves,Depósitos de relaves,La fuente declara proyectos de instrumentación de tranques de relaves para monitoreo a distancia orientado a evaluar y resguardar permanentemente la seguridad de las estructuras.,Mantener la relación factual y la aplicación a tranques de relaves.,La aplicación minera y el monitoreo remoto están explícitos.,NO,,PENDIENTE_2A2,SI,,SI,INFRA OPERACIÓN MINERA,ASIGNADA_2A2,INTEGRIDAD_INGENIERIA_CONTINUIDAD_MINERIA,"Servicio de integridad, monitoreo, ingeniería, diagnóstico, confiabilidad, continuidad o soporte técnico de activos/operación minera.",SIN_CAMBIO,NO,2026-08-17
R0011,DOC-01,Brochure Idiem infraestructura VF.pdf,LAB MINERO DIGITAL,REQUIERE REVISIÓN,monitoreo geotécnico,Monitoreo geotécnico,monitoreo a distancia,Monitoreo remoto,tranques de relaves,Depósitos de relaves,DERIVADO: monitoreo remoto,6,Trabajos en terreno / monitoreo geotécnico,"Misma cita p.6. Combina eje minero y eje digital/remoto, que son los dos componentes del nombre de la célula.",REQUIERE REVISIÓN,Asignación tentativa: depende de la definición pendiente de LAB MINERO DIGITAL.,MAPA_2A1_ORIGINAL,CORRECTO_Y_VERIFICABLE,APTO_FACTUAL,ACEPTADA,Monitoreo geotécnico,Monitoreo remoto,Depósitos de relaves,La misma fuente declara monitoreo a distancia de tranques de relaves.,Mantener servicio/capacidad/aplicación; dejar LAB MINERO DIGITAL pendiente de definición.,La combinación minería + monitoreo remoto es explícita aunque la célula aún no esté validada.,SI,,PENDIENTE_2A2,SI,,SI,INFRA OPERACIÓN MINERA,ASIGNADA_2A2,INTEGRIDAD_INGENIERIA_CONTINUIDAD_MINERIA,"Servicio de integridad, monitoreo, ingeniería, diagnóstico, confiabilidad, continuidad o soporte técnico de activos/operación minera.",REASIGNADA,NO,2026-08-17
R0012,DOC-01,Brochure Idiem infraestructura VF.pdf,INFRA CRÍTICA TRANSPORTE,COMPLEMENTARIA,monitoreo geotécnico,Monitoreo geotécnico,monitoreo de procesos de excavación en túneles,Monitoreo de excavación en túneles,túneles,Túneles,DERIVADO: control de proceso constructivo,6,Trabajos en terreno / monitoreo geotécnico,"Cita literal p.6: 'llevamos a cabo el monitoreo de procesos de excavación en túneles, de manera de registrar los volúmenes de sobre excavación'. Célula inferida por mención de túneles Chacabuco y Lo Prado y Metro de Santiago (p.12).",REQUIERE REVISIÓN,Los túneles citados en p.6 no se identifican como viales ni mineros; la inferencia se apoya en p.12.,MAPA_2A1_ORIGINAL,CORRECTO_Y_VERIFICABLE,APTO_FACTUAL,ACEPTADA,Monitoreo geotécnico,Monitoreo de excavación en túneles,Túneles,La fuente declara monitoreo de procesos de excavación en túneles para registrar volúmenes de sobreexcavación.,Mantener la relación con aplicación 'Túneles'. No clasificar el tipo de túnel desde esta frase.,La capacidad y la aplicación genérica a túneles están explícitas.,SI,,PENDIENTE_2A2,SI,,SI,,SIN_CELULA_PRIORIZADA,FUERA_ALCANCE_O_SIN_APLICACION_SECTORIAL,"Relación válida, pero sin aplicación explícita suficiente a una de las cinco células priorizadas o correspondiente a un ámbito transversal/no priorizado.",FUERA_DE_CELULAS_PRIORIZADAS,NO,2026-08-17
R0013,DOC-01,Brochure Idiem infraestructura VF.pdf,REQUIERE REVISIÓN,COMPLEMENTARIA,monitoreo geotécnico,Monitoreo geotécnico,monitoreo de vibraciones del terreno producto de tronaduras,Monitoreo de vibraciones por tronadura,pilotajes y uso de rodillos vibratorios,Faenas con vibración,DERIVADO: gestión de riesgo en obra,6,Trabajos en terreno / monitoreo geotécnico,"Cita literal p.6: 'hemos realizado el monitoreo de vibraciones del terreno producto de tronaduras en diversos procesos constructivos, tales como pilotajes y uso de rodillos vibratorios'.",REQUIERE REVISIÓN,Tronadura es común a minería y obra civil; el texto no permite decidir.,MAPA_2A1_ORIGINAL,CORRECCION_NECESARIA,NO_USAR_NORMALIZACION_ACTUAL,REEMPLAZAR_SEGUN_AUDITORIA,,,,"La fuente declara monitoreo de vibraciones del terreno producto de tronaduras en procesos constructivos, citando pilotajes y uso de rodillos vibratorios.",Normalizar la aplicación como 'Procesos constructivos con tronaduras/pilotajes/rodillos vibratorios' o conservar los términos fuente; evitar 'Faenas con vibración'.,'Faenas con vibración' es una generalización añadida y puede sugerir un contexto minero no declarado.,NO,,PENDIENTE_2A2,NO,,SI,,SIN_CELULA_PRIORIZADA,FUERA_ALCANCE_O_SIN_APLICACION_SECTORIAL,"Relación válida, pero sin aplicación explícita suficiente a una de las cinco células priorizadas o correspondiente a un ámbito transversal/no priorizado.",FUERA_DE_CELULAS_PRIORIZADAS,NO,2026-08-17
R0014,DOC-01,Brochure Idiem infraestructura VF.pdf,REQUIERE REVISIÓN,COMPLEMENTARIA,monitoreo geotécnico,Monitoreo geotécnico,monitoreo de los asentamientos superficiales del terreno... estudios de registro de grietas de la infraestructura aledaña,Monitoreo de asentamientos y grietas,infraestructura aledaña a la obra,Edificación vecina a la obra,DERIVADO: gestión de riesgo a terceros,6,Trabajos en terreno / monitoreo geotécnico,Cita literal p.6: 'monitoreo de los asentamientos superficiales del terreno que se producen al costado de excavaciones y túneles complementado... con estudios de registro de grietas de la infraestructura aledaña a la obra'.,REQUIERE REVISIÓN,,MAPA_2A1_ORIGINAL,CORRECCION_NECESARIA,NO_USAR_NORMALIZACION_ACTUAL,REEMPLAZAR_SEGUN_AUDITORIA,,,,La fuente declara monitoreo de asentamientos superficiales junto a excavaciones y túneles y registro de grietas de la infraestructura aledaña a la obra.,"Usar 'Infraestructura aledaña a la obra' como aplicación, no 'Edificación vecina a la obra'.",La normalización actual estrecha 'infraestructura' a 'edificación' sin respaldo textual.,NO,,PENDIENTE_2A2,NO,,SI,,SIN_CELULA_PRIORIZADA,FUERA_ALCANCE_O_SIN_APLICACION_SECTORIAL,"Relación válida, pero sin aplicación explícita suficiente a una de las cinco células priorizadas o correspondiente a un ámbito transversal/no priorizado.",FUERA_DE_CELULAS_PRIORIZADAS,NO,2026-08-17
R0015,DOC-01,Brochure Idiem infraestructura VF.pdf,REQUIERE REVISIÓN,COMPLEMENTARIA,control y monitoreo del desarrollo de temperatura del hormigón,Monitoreo térmico del hormigón,prevenir problemas de agrietamiento originado por efecto térmico,Control de fisuración térmica,fundaciones y estructuras de grandes dimensiones,Hormigón masivo,DERIVADO: confiabilidad de materiales,6,Trabajos en terreno / hormigón,"Cita literal p.6: 'efectuamos el control y monitoreo del desarrollo de temperatura del hormigón colocado en grandes masas, como es el caso de fundaciones y estructuras de grandes dimensiones'.",REQUIERE REVISIÓN,,MAPA_2A1_ORIGINAL,CORRECTO_Y_VERIFICABLE,APTO_FACTUAL,ACEPTADA,Monitoreo térmico del hormigón,Control de fisuración térmica,Hormigón masivo,La fuente declara control y monitoreo de temperatura del hormigón colocado en grandes masas para prevenir problemas de agrietamiento térmico en fundaciones y estructuras de grandes dimensiones.,Mantener la relación como monitoreo térmico/control de riesgo de fisuración en hormigón masivo.,"La capacidad, objetivo y tipos de elementos están explícitos.",NO,,PENDIENTE_2A2,SI,,SI,,SIN_CELULA_PRIORIZADA,FUERA_ALCANCE_O_SIN_APLICACION_SECTORIAL,"Relación válida, pero sin aplicación explícita suficiente a una de las cinco células priorizadas o correspondiente a un ámbito transversal/no priorizado.",FUERA_DE_CELULAS_PRIORIZADAS,NO,2026-08-17
R0016,DOC-01,Brochure Idiem infraestructura VF.pdf,REQUIERE REVISIÓN,COMPLEMENTARIA,método de madurez,Método de madurez del hormigón,medir la relación entre la temperatura del hormigón a través del tiempo... y el aumento de resistencia,Estimación de resistencia in situ,definir el mejor momento para la puesta en servicio de una estructura de hormigón,Puesta en servicio de estructura,DERIVADO: productividad,6,Trabajos en terreno / hormigón,Cita literal p.6: 'aplicar el método de madurez en terreno... con el fin de entregar a las empresas constructoras e ingenieros estructurales una herramienta útil para definir el mejor momento para la puesta en servicio'.,REQUIERE REVISIÓN,,MAPA_2A1_ORIGINAL,CORRECTO_Y_VERIFICABLE,APTO_FACTUAL,ACEPTADA,Método de madurez del hormigón,Estimación de resistencia in situ,Puesta en servicio de estructura,La fuente declara aplicación del método de madurez en terreno relacionando temperatura/tiempo con aumento de resistencia para definir el mejor momento de puesta en servicio de una estructura.,Mantener la relación.,La metodología y la aplicación a decisión de puesta en servicio están explícitas.,NO,,PENDIENTE_2A2,SI,,SI,,SIN_CELULA_PRIORIZADA,FUERA_ALCANCE_O_SIN_APLICACION_SECTORIAL,"Relación válida, pero sin aplicación explícita suficiente a una de las cinco células priorizadas o correspondiente a un ámbito transversal/no priorizado.",FUERA_DE_CELULAS_PRIORIZADAS,NO,2026-08-17
R0017,DOC-01,Brochure Idiem infraestructura VF.pdf,REQUIERE REVISIÓN,PRINCIPAL,certificación de acero estructural,Certificación de acero estructural,de acuerdo con la norma nacional NCh203,Certificación bajo NCh203,barras de refuerzo y perfiles de acero,Acero de refuerzo y perfiles,DERIVADO: cumplimiento normativo,6,Trabajos en terreno / acero,"Cita literal p.6: 'Otro de nuestros servicios es la certificación de acero estructural, de acuerdo con la norma nacional NCh203'. Testimonio de AZA en la misma página menciona 'barras de refuerzo y perfiles de acero'.",REQUIERE REVISIÓN,Servicio transversal; sin aplicación sectorial declarada en esta página.,MAPA_2A1_ORIGINAL,CORRECTO_CON_MATIZ,APTO_CON_MATIZ,ACEPTADA_CON_MATIZ,Certificación de acero estructural,Certificación bajo NCh203,Acero de refuerzo y perfiles,La fuente declara certificación de acero estructural de acuerdo con la norma nacional NCh203; un testimonio en la misma página menciona barras de refuerzo y perfiles de acero.,Mantener la prestación y la referencia NCh203 como contenido histórico del brochure. Verificar vigencia/versión normativa antes de reutilización pública.,"La relación documental es correcta, pero 2A.1B no valida la vigencia normativa actual.",SI,,PENDIENTE_2A2,NO,,SI,,SIN_CELULA_PRIORIZADA,FUERA_ALCANCE_O_SIN_APLICACION_SECTORIAL,"Relación válida, pero sin aplicación explícita suficiente a una de las cinco células priorizadas o correspondiente a un ámbito transversal/no priorizado.",FUERA_DE_CELULAS_PRIORIZADAS,NO,2026-08-17
R0018,DOC-01,Brochure Idiem infraestructura VF.pdf,REQUIERE REVISIÓN,COMPLEMENTARIA,herramienta que permite medir la productividad en terreno,Medición de productividad en terreno,a través de una aplicación se captura la información en terreno... plataforma configurable para visualizar en línea los resultados,Aplicación móvil y plataforma de productividad,faenas y partidas,Faenas de obra,DERIVADO: digitalización,6,Trabajos en terreno / productividad,Cita literal p.6: 'hemos desarrollado una herramienta que permite medir la productividad en terreno... A través de una aplicación se captura la información en terreno'.,REQUIERE REVISIÓN,Candidata a LAB MINERO DIGITAL según definición pendiente.,MAPA_2A1_ORIGINAL,CORRECTO_Y_VERIFICABLE,APTO_FACTUAL,ACEPTADA,Medición de productividad en terreno,Aplicación móvil y plataforma de productividad,Faenas de obra,"La fuente declara una herramienta para medir productividad en terreno, con captura mediante aplicación y plataforma configurable para visualizar resultados en línea, identificando oportunidades por faenas y partidas.",Mantener la relación. Dejar cualquier asignación a LAB MINERO DIGITAL pendiente.,La capacidad digital y la finalidad de productividad están explícitas.,SI,,PENDIENTE_2A2,SI,,SI,,SIN_CELULA_PRIORIZADA,FUERA_ALCANCE_O_SIN_APLICACION_SECTORIAL,"Relación válida, pero sin aplicación explícita suficiente a una de las cinco células priorizadas o correspondiente a un ámbito transversal/no priorizado.",FUERA_DE_CELULAS_PRIORIZADAS,NO,2026-08-17
R0019,DOC-01,Brochure Idiem infraestructura VF.pdf,REQUIERE REVISIÓN,COMPLEMENTARIA,plataforma en línea,Plataforma digital de laboratorio en obra,"trazabilidad permanente de todos los procesos, incluyendo registro gráfico de los principales hitos",Trazabilidad digital de ensayos,servicio de laboratorio en obra,Laboratorio en obra,DERIVADO: digitalización,8,Etapa de construcción / plataforma,"Cita literal p.8: 'ponemos a disposición una plataforma en línea, que permite contar con un único canal para acceder a toda la información asociada a un servicio de laboratorio en obra'.",REQUIERE REVISIÓN,Candidata a LAB MINERO DIGITAL según definición pendiente.,MAPA_2A1_ORIGINAL,CORRECTO_Y_VERIFICABLE,APTO_FACTUAL,ACEPTADA,Plataforma digital de laboratorio en obra,Trazabilidad digital de ensayos,Laboratorio en obra,"La fuente declara una plataforma en línea como canal único para registros de muestreo, resultados e informes de un laboratorio en obra, con trazabilidad y registro gráfico.",Mantener la relación y la capacidad de trazabilidad digital.,Las funcionalidades están explícitas.,NO,,PENDIENTE_2A2,SI,,SI,,SIN_CELULA_PRIORIZADA,FUERA_ALCANCE_O_SIN_APLICACION_SECTORIAL,"Relación válida, pero sin aplicación explícita suficiente a una de las cinco células priorizadas o correspondiente a un ámbito transversal/no priorizado.",FUERA_DE_CELULAS_PRIORIZADAS,NO,2026-08-17
R0020,DOC-01,Brochure Idiem infraestructura VF.pdf,INFRA PÚBLICA RESILIENTE,PRINCIPAL,asesorías a la Inspección Fiscal,Asesoría a Inspección Fiscal,"sistema de gestión de calidad certificado, conforme a la norma ISO 9001:2015, para la elaboración de informes de inspección técnica",Inspección técnica con SGC ISO 9001:2015,"la obra, incluyendo la instalación de equipamiento",Obra pública en construcción,DERIVADO: cumplimiento normativo,8,Etapa de construcción / Inspección Fiscal,Cita literal p.8: 'tenemos la capacidad de realizar asesorías a la Inspección Fiscal desde una perspectiva integral incorporando tecnología de punta'. 'Inspección Fiscal' es figura de contrato de obra pública.,OK,,MAPA_2A1_ORIGINAL,CORRECCION_NECESARIA,NO_USAR_NORMALIZACION_ACTUAL,REEMPLAZAR_SEGUN_AUDITORIA,,,,"La fuente declara asesorías a la Inspección Fiscal, sistema de gestión de calidad certificado ISO 9001:2015 para informes de inspección técnica y supervisión de obra/equipamiento.",Mantener la prestación y las capacidades declaradas. Cambiar la aplicación 'Obra pública en construcción' por 'Obra en construcción / instalación de equipamiento' salvo validación externa del carácter público.,El brochure no usa en esta frase la expresión 'obra pública'; esa aplicación fue inferida desde 'Inspección Fiscal'.,SI,,PENDIENTE_2A2,NO,,SI,INFRA PÚBLICA RESILIENTE,ASIGNADA_2A2,PROYECTO_INFRAESTRUCTURA_PUBLICA,Aplicación/proyecto público o infraestructura pública no perteneciente a Salud ni Metro/EFE.,SIN_CAMBIO,NO,2026-08-17
R0021,DOC-01,Brochure Idiem infraestructura VF.pdf,REQUIERE REVISIÓN,PRINCIPAL,Evaluación y Rehabilitación de Estructuras existentes,Evaluación y rehabilitación estructural,"modelación y digitalización mediante un modelo digital 3D 'as built', ocupando herramientas como levantamiento láser 3D y dron",Modelo digital 3D as built con láser y dron,estructura existente,Estructura existente,DERIVADO: gestión de activos,9,"Infraestructura existente, asesoría durante la operación","Cita literal p.9: 'Realizamos el servicio de Evaluación y Rehabilitación de Estructuras existentes, que incluye inspección detallada y cálculo estructural; más la modelación y digitalización mediante un modelo digital 3D as built'.",REQUIERE REVISIÓN,Servicio transversal a todas las células; sin sector declarado.,MAPA_2A1_ORIGINAL,CORRECTO_Y_VERIFICABLE,APTO_FACTUAL,ACEPTADA,Evaluación y rehabilitación estructural,Modelo digital 3D as built con láser y dron,Estructura existente,"La fuente declara Evaluación y Rehabilitación de Estructuras existentes con inspección, cálculo estructural y modelación/digitalización mediante modelo 3D as built, láser 3D y dron.",Mantener la relación.,"Servicio, capacidades digitales y aplicación a estructuras existentes están explícitos.",NO,,PENDIENTE_2A2,SI,,SI,,SIN_CELULA_PRIORIZADA,FUERA_ALCANCE_O_SIN_APLICACION_SECTORIAL,"Relación válida, pero sin aplicación explícita suficiente a una de las cinco células priorizadas o correspondiente a un ámbito transversal/no priorizado.",FUERA_DE_CELULAS_PRIORIZADAS,NO,2026-08-17
R0022,DOC-01,Brochure Idiem infraestructura VF.pdf,REQUIERE REVISIÓN,PRINCIPAL,Monitoreo de Salud Estructural (Structural Health Monitoring),Monitoreo de salud estructural,una red de sensores adjunta a la estructura y el monitoreo continuo,Red de sensores y monitoreo continuo,verificación del estado o la salud de las estructuras,Estructuras en operación,DERIVADO: continuidad operacional,9,"Infraestructura existente, asesoría durante la operación","Cita literal p.9: 'Un área de servicio muy relevante para la fase operacional es el Monitoreo de Salud Estructural (Structural Health Monitoring), cuyo objetivo principal es la verificación del estado o la salud de las estructuras'.",REQUIERE REVISIÓN,Servicio transversal y candidato digital; ver 04_revision_manual.,MAPA_2A1_ORIGINAL,CORRECTO_Y_VERIFICABLE,APTO_FACTUAL,ACEPTADA,Monitoreo de salud estructural,Red de sensores y monitoreo continuo,Estructuras en operación,La fuente nombra 'Monitoreo de Salud Estructural (Structural Health Monitoring)' y lo describe con una red de sensores y monitoreo continuo para verificar el estado/salud de estructuras.,Mantener la relación; separar de cualquier claim de 'asegurar desempeño' si se reutiliza editorialmente.,La denominación y la capacidad de sensorización están explícitas.,NO,,PENDIENTE_2A2,SI,,SI,,SIN_CELULA_PRIORIZADA,FUERA_ALCANCE_O_SIN_APLICACION_SECTORIAL,"Relación válida, pero sin aplicación explícita suficiente a una de las cinco células priorizadas o correspondiente a un ámbito transversal/no priorizado.",FUERA_DE_CELULAS_PRIORIZADAS,NO,2026-08-17
R0023,DOC-01,Brochure Idiem infraestructura VF.pdf,REQUIERE REVISIÓN,COMPLEMENTARIA,inspección de estructura metálicas existentes,Inspección de estructuras metálicas,"evaluando, por ejemplo, el nivel de corrosión y el estado de uniones, tanto soldadas como apernadas",Evaluación de corrosión y uniones,estructuras y componentes metálicos,Estructuras metálicas,DERIVADO: mantenimiento,9,"Infraestructura existente, asesoría durante la operación","Cita literal p.9: 'También hacemos la inspección de estructura metálicas existentes. Consiste en el levantamiento de la condición actual de diferentes estructuras y componentes, evaluando, por ejemplo, el nivel de corrosión y el estado de uniones'.",REQUIERE REVISIÓN,,MAPA_2A1_ORIGINAL,CORRECTO_Y_VERIFICABLE,APTO_FACTUAL,ACEPTADA,Inspección de estructuras metálicas,Evaluación de corrosión y uniones,Estructuras metálicas,"La fuente declara inspección de estructuras metálicas existentes, evaluando corrosión y estado de uniones soldadas y apernadas.",Mantener la relación.,La capacidad y los objetos evaluados están explícitos.,NO,,PENDIENTE_2A2,SI,,SI,,SIN_CELULA_PRIORIZADA,FUERA_ALCANCE_O_SIN_APLICACION_SECTORIAL,"Relación válida, pero sin aplicación explícita suficiente a una de las cinco células priorizadas o correspondiente a un ámbito transversal/no priorizado.",FUERA_DE_CELULAS_PRIORIZADAS,NO,2026-08-17
R0024,DOC-01,Brochure Idiem infraestructura VF.pdf,REQUIERE REVISIÓN,COMPLEMENTARIA,evaluación del estado actual del hormigón de estructuras existentes,Evaluación de hormigón en estructuras existentes,"resistencia a compresión de testigos, uniformidad mediante índice esclerométrico, determinación de módulo de elasticidad y ensayos de ultrasonido",Ensayos sobre hormigón endurecido,nivel de fisuración de estructuras... evaluaciones del estado de pavimentos,Estructuras y pavimentos,DERIVADO: mantenimiento,9,"Infraestructura existente, asesoría durante la operación","Cita literal p.9: 'realizamos la evaluación del estado actual del hormigón de estructuras existentes... como resistencia a compresión de testigos, uniformidad mediante índice esclerométrico'.",REQUIERE REVISIÓN,'evaluaciones del estado de pavimentos' podría vincular con INFRA CRÍTICA TRANSPORTE; no se fuerza.,MAPA_2A1_ORIGINAL,CORRECTO_Y_VERIFICABLE,APTO_FACTUAL,ACEPTADA,Evaluación de hormigón en estructuras existentes,Ensayos sobre hormigón endurecido,Estructuras y pavimentos,"La fuente declara evaluación del hormigón en estructuras existentes mediante testigos, índice esclerométrico, módulo de elasticidad y ultrasonido, incluyendo fisuración, resistencia y estado de pavimentos.",Mantener la relación.,Las técnicas y aplicaciones están explícitas.,NO,,PENDIENTE_2A2,SI,,SI,,SIN_CELULA_PRIORIZADA,FUERA_ALCANCE_O_SIN_APLICACION_SECTORIAL,"Relación válida, pero sin aplicación explícita suficiente a una de las cinco células priorizadas o correspondiente a un ámbito transversal/no priorizado.",FUERA_DE_CELULAS_PRIORIZADAS,NO,2026-08-17
R0025,DOC-01,Brochure Idiem infraestructura VF.pdf,REQUIERE REVISIÓN,COMPLEMENTARIA,mediciones acústicas,Mediciones acústicas,verificar las condiciones de aislación al ruido de los elementos constructivos y los ruidos generados por las instalaciones,Verificación de aislación acústica,niveles aceptables para los futuros usuarios,Edificación en uso,DERIVADO: confort y habitabilidad,10,Infraestructura existente / acústica,"Cita literal p.10: 'También realizamos mediciones acústicas, que buscan verificar las condiciones de aislación al ruido de los elementos constructivos'.",REQUIERE REVISIÓN,,MAPA_2A1_ORIGINAL,CORRECCION_NECESARIA,NO_USAR_NORMALIZACION_ACTUAL,REEMPLAZAR_SEGUN_AUDITORIA,,,,"La fuente declara mediciones acústicas para verificar aislación al ruido de elementos constructivos y ruidos de instalaciones, buscando niveles aceptables para futuros usuarios.",Usar como aplicación 'Elementos constructivos e instalaciones / futuros usuarios' o equivalente. No normalizar como 'Edificación en uso'.,'Futuros usuarios' no demuestra que la edificación esté en operación; la normalización actual altera el momento de aplicación.,NO,,PENDIENTE_2A2,NO,,SI,,SIN_CELULA_PRIORIZADA,FUERA_ALCANCE_O_SIN_APLICACION_SECTORIAL,"Relación válida, pero sin aplicación explícita suficiente a una de las cinco células priorizadas o correspondiente a un ámbito transversal/no priorizado.",FUERA_DE_CELULAS_PRIORIZADAS,NO,2026-08-17
R0026,DOC-01,Brochure Idiem infraestructura VF.pdf,REQUIERE REVISIÓN,PRINCIPAL,peritajes técnicos,Peritajes técnicos,"hemos estudiado toda clase de colapsos y fallas de estructuras y componentes, detectando sus causas",Análisis de causa raíz de fallas,colapsos y fallas de estructuras y componentes,Estructuras colapsadas o falladas,DERIVADO: confiabilidad,10,Peritajes técnicos,"Cita literal p.10: 'un ámbito que nos distingue es el de los peritajes técnicos, donde somos referentes a nivel nacional'.",REQUIERE REVISIÓN,'referentes a nivel nacional' es afirmación autopromocional sin fuente; no usar como dato verificado.,MAPA_2A1_ORIGINAL,CORRECTO_CON_MATIZ,APTO_CON_MATIZ,ACEPTADA_CON_MATIZ,Peritajes técnicos,Análisis de causa raíz de fallas,Estructuras colapsadas o falladas,"La fuente declara peritajes técnicos sobre colapsos y fallas de estructuras/componentes, investigando causas, deficiencias de diseño y vulnerabilidades; también se autodefine como referente nacional.",Mantener los peritajes y análisis de causas. Conservar 'referentes a nivel nacional' solo como claim institucional no validado.,"La capacidad está respaldada, pero el posicionamiento comparativo carece de fuente externa.",SI,,PENDIENTE_2A2,NO,,SI,,SIN_CELULA_PRIORIZADA,FUERA_ALCANCE_O_SIN_APLICACION_SECTORIAL,"Relación válida, pero sin aplicación explícita suficiente a una de las cinco células priorizadas o correspondiente a un ámbito transversal/no priorizado.",FUERA_DE_CELULAS_PRIORIZADAS,NO,2026-08-17
R0027,DOC-01,Brochure Idiem infraestructura VF.pdf,REQUIERE REVISIÓN,COMPLEMENTARIA,peritajes geotécnicos,Peritajes geotécnicos,"investigamos incidentes de este tipo ocurridos en taludes, muros de contención y drenes",Investigación de incidentes geotécnicos,"taludes, muros de contención y drenes",Obras de contención y drenaje,DERIVADO: gestión de riesgo,10,Peritajes técnicos,"Cita literal p.10: 'Realizamos peritajes geotécnicos, en los que investigamos incidentes de este tipo ocurridos en taludes, muros de contención y drenes'.",REQUIERE REVISIÓN,Taludes son aplicables tanto a minería como a vialidad; sin evidencia para decidir.,MAPA_2A1_ORIGINAL,CORRECTO_Y_VERIFICABLE,APTO_FACTUAL,ACEPTADA,Peritajes geotécnicos,Investigación de incidentes geotécnicos,Obras de contención y drenaje,"La fuente declara peritajes geotécnicos de incidentes en taludes, muros de contención y drenes.",Mantener la relación sin inferir minería o vialidad.,La capacidad y aplicaciones están explícitas.,NO,,PENDIENTE_2A2,SI,,SI,,SIN_CELULA_PRIORIZADA,FUERA_ALCANCE_O_SIN_APLICACION_SECTORIAL,"Relación válida, pero sin aplicación explícita suficiente a una de las cinco células priorizadas o correspondiente a un ámbito transversal/no priorizado.",FUERA_DE_CELULAS_PRIORIZADAS,NO,2026-08-17
R0028,DOC-01,Brochure Idiem infraestructura VF.pdf,INFRA CRÍTICA TRANSPORTE,COMPLEMENTARIA,estudios de falla de componentes,Estudios de falla de componentes,"peritajes a elementos de acero, tales como pernos, ejes, engranajes, tuberías",Peritaje de componentes metálicos,daño del pavimento en autopistas,Pavimento de autopistas,DERIVADO: mantenimiento,10,Peritajes técnicos,"Cita literal p.10: 'estudios de falla de componentes, considerando peritajes a elementos de acero, tales como pernos, ejes, engranajes, tuberías y daño del pavimento en autopistas'.",OK,Aplicación vial explícita.,MAPA_2A1_ORIGINAL,CORRECTO_Y_VERIFICABLE,APTO_FACTUAL,ACEPTADA,Estudios de falla de componentes,Peritaje de componentes metálicos,Pavimento de autopistas,"La fuente declara estudios de falla de componentes con peritajes a pernos, ejes, engranajes y tuberías, además de daño del pavimento en autopistas.",Mantener la relación y la aplicación vial explícita.,La capacidad y la mención a autopistas están respaldadas.,NO,,PENDIENTE_2A2,SI,,SI,INFRA PÚBLICA RESILIENTE,ASIGNADA_2A2,PROYECTO_INFRAESTRUCTURA_PUBLICA,Aplicación/proyecto público o infraestructura pública no perteneciente a Salud ni Metro/EFE.,REASIGNADA,NO,2026-08-17
R0029,DOC-01,Brochure Idiem infraestructura VF.pdf,REQUIERE REVISIÓN,COMPLEMENTARIA,auditoria a los procesos de mantención,Auditoría de mantención,dar seguimiento a los requisitos establecidos durante el diseño,Verificación de requisitos de diseño en operación,NO IDENTIFICADO,NO IDENTIFICADO,DERIVADO: mantenimiento,10,Peritajes técnicos,"Cita literal p.10: 'También ofrecemos auditoria a los procesos de mantención, que buscan dar seguimiento a los requisitos establecidos durante el diseño'.",REQUIERE REVISIÓN,,MAPA_2A1_ORIGINAL,CORRECTO_Y_VERIFICABLE,APTO_FACTUAL,ACEPTADA,Auditoría de mantención,Verificación de requisitos de diseño en operación,NO IDENTIFICADO,La fuente declara auditoría a procesos de mantención para dar seguimiento a requisitos establecidos durante el diseño.,Mantener la relación.,La prestación y finalidad están explícitas.,NO,,PENDIENTE_2A2,SI,,SI,,SIN_CELULA_PRIORIZADA,FUERA_ALCANCE_O_SIN_APLICACION_SECTORIAL,"Relación válida, pero sin aplicación explícita suficiente a una de las cinco células priorizadas o correspondiente a un ámbito transversal/no priorizado.",FUERA_DE_CELULAS_PRIORIZADAS,NO,2026-08-17
R0030,DOC-01,Brochure Idiem infraestructura VF.pdf,REQUIERE REVISIÓN,PRINCIPAL,estudios y asesorías en gestión contractual,Gestión contractual,estudios técnicos imparciales e independientes... ante una controversia,Peritaje contractual independiente,materias pendientes de resolución,Controversia contractual,DERIVADO: gobernanza de proyecto,10,Soporte multidisciplinario a los proyectos de infraestructura,Cita literal p.10: 'Tenemos un área de estudios y asesorías en gestión contractual. Ofrecemos estudios técnicos imparciales e independientes'.,REQUIERE REVISIÓN,,MAPA_2A1_ORIGINAL,CORRECCION_NECESARIA,NO_USAR_NORMALIZACION_ACTUAL,REEMPLAZAR_SEGUN_AUDITORIA,,,,La fuente declara un área de estudios y asesorías en gestión contractual que ofrece estudios técnicos imparciales e independientes ante controversias.,Normalizar la capacidad como 'Estudios técnicos imparciales e independientes para controversias contractuales'; no usar 'Peritaje contractual independiente' salvo una fuente que denomine esa prestación como peritaje.,"La normalización actual sustituye 'estudios técnicos/asesorías' por 'peritaje', término no usado en este bloque.",NO,,PENDIENTE_2A2,NO,,SI,,SIN_CELULA_PRIORIZADA,FUERA_ALCANCE_O_SIN_APLICACION_SECTORIAL,"Relación válida, pero sin aplicación explícita suficiente a una de las cinco células priorizadas o correspondiente a un ámbito transversal/no priorizado.",FUERA_DE_CELULAS_PRIORIZADAS,NO,2026-08-17
R0031,DOC-01,Brochure Idiem infraestructura VF.pdf,INFRA PÚBLICA RESILIENTE,PRINCIPAL,Auditoria a contratos,Auditoría de contratos,verificar el nivel de cumplimiento de las Bases Administrativas y Técnicas... identificar riesgos reales o potenciales para la continuidad del contrato,Verificación de cumplimiento contractual,contratos de 'Diseño y Construcción',Contratos de diseño y construcción,DERIVADO: continuidad contractual,11,Auditoria a contratos,Cita literal p.11: 'Hemos realizado auditorías a contratos de Diseño y Construcción a diferentes obras... identificar riesgos reales o potenciales para la continuidad del contrato'. 'Bases Administrativas y Técnicas' es terminología de licitación pública.,OK,,MAPA_2A1_ORIGINAL,CORRECTO_Y_VERIFICABLE,APTO_FACTUAL,ACEPTADA,Auditoría de contratos,Verificación de cumplimiento contractual,Contratos de diseño y construcción,"La fuente declara auditorías a contratos de Diseño y Construcción para verificar Bases Administrativas y Técnicas, recomendar mejoras de control e identificar riesgos para continuidad contractual.",Mantener la relación. La asignación a célula pública se resolverá aparte.,"Servicio, capacidades y tipo de contrato están explícitos.",NO,,PENDIENTE_2A2,SI,,SI,,SIN_CELULA_PRIORIZADA,FUERA_ALCANCE_O_SIN_APLICACION_SECTORIAL,"Relación válida, pero sin aplicación explícita suficiente a una de las cinco células priorizadas o correspondiente a un ámbito transversal/no priorizado.",FUERA_DE_CELULAS_PRIORIZADAS,NO,2026-08-17
R0032,DOC-01,Brochure Idiem infraestructura VF.pdf,INFRA PÚBLICA RESILIENTE,PRINCIPAL,término anticipado del contrato de construcción (TAC),Asesoría en término anticipado de contrato,"diagnóstico técnico de la situación actual de la obra y el levantamiento en terreno de las partidas no finalizadas... planimetría as built de levantamiento, utilizando modelos 3D",Diagnóstico técnico y as built de obra detenida,"obra gruesa y materiales, registro de avance físico y financiero",Obra paralizada,DERIVADO: continuidad de obra,12,Soporte multidisciplinario / TAC,"Cita literal p.12: 'Ante un eventual término anticipado del contrato de construcción (TAC), realizamos el diagnóstico técnico de la situación actual de la obra y el levantamiento en terreno de las partidas no finalizadas'.",OK,TAC es figura frecuente en obra pública; inferencia declarada.,MAPA_2A1_ORIGINAL,CORRECCION_NECESARIA,NO_USAR_NORMALIZACION_ACTUAL,REEMPLAZAR_SEGUN_AUDITORIA,,,,"La fuente declara actuación ante un eventual término anticipado del contrato de construcción (TAC): diagnóstico técnico, levantamiento de partidas no finalizadas, verificación de ejecución, avance físico/financiero, no conformidades, pruebas y as built 3D.",Mantener TAC como formulación propia de DOC-01 y no fusionarla todavía con DOC-14/DOC-18. Cambiar la aplicación 'Obra paralizada' por 'Obra ante eventual término anticipado de contrato'.,El documento no dice que la obra esté paralizada y esta formulación de TAC tiene un alcance técnico distinto de otras fuentes.,SI,,PENDIENTE_2A2,NO,,SI,,SIN_CELULA_PRIORIZADA,FUERA_ALCANCE_O_SIN_APLICACION_SECTORIAL,"Relación válida, pero sin aplicación explícita suficiente a una de las cinco células priorizadas o correspondiente a un ámbito transversal/no priorizado.",FUERA_DE_CELULAS_PRIORIZADAS,NO,2026-08-17
R0033,DOC-01,Brochure Idiem infraestructura VF.pdf,REQUIERE REVISIÓN,PRINCIPAL,ingeniería contra incendios,Ingeniería contra incendios,"manuales de criterios de diseño, capacitación, diagnóstico de instalaciones, diseño conceptual y básico de proyectos de seguridad, análisis de riesgo, simulaciones computacionales de incendios y evacuación de personas",Diseño y análisis de seguridad contra incendios,todas las etapas de un proyecto de infraestructura,Ciclo de vida del proyecto,DERIVADO: seguridad de personas,12,Ingeniería contra incendios,"Cita literal p.12: 'somos especialistas en ingeniería contra incendios, asesoría que se puede aplicar en todas las etapas de un proyecto de infraestructura'.",REQUIERE REVISIÓN,El documento declara aplicabilidad transversal; no permite asignar una célula única.,MAPA_2A1_ORIGINAL,CORRECTO_Y_VERIFICABLE,APTO_FACTUAL,ACEPTADA,Ingeniería contra incendios,Diseño y análisis de seguridad contra incendios,Ciclo de vida del proyecto,"La fuente declara ingeniería contra incendios aplicable a todas las etapas de un proyecto de infraestructura, con manuales, capacitación, diagnóstico, diseño de seguridad, análisis de riesgo, simulaciones y ensayos.",Mantener la relación y la aplicabilidad transversal; no forzar una única célula.,"Servicio, capacidades y alcance de ciclo de vida están explícitos.",NO,,PENDIENTE_2A2,SI,,SI,,SIN_CELULA_PRIORIZADA,FUERA_ALCANCE_O_SIN_APLICACION_SECTORIAL,"Relación válida, pero sin aplicación explícita suficiente a una de las cinco células priorizadas o correspondiente a un ámbito transversal/no priorizado.",FUERA_DE_CELULAS_PRIORIZADAS,NO,2026-08-17
R0034,DOC-01,Brochure Idiem infraestructura VF.pdf,INFRA HOSPITALARIA Y ASISTENCIAL,MENCIÓN,NO IDENTIFICADO,NO IDENTIFICADO,NO IDENTIFICADO,NO IDENTIFICADO,una gran cantidad de hospitales públicos,Hospitales públicos,DERIVADO: trayectoria institucional,12,Más de 100 años colaborando con la infraestructura chilena,"Cita literal p.12: 'hemos participado en la construcción del Metro de Santiago, de los túneles de Chacabuco y Lo Prado, y de una gran cantidad de hospitales públicos, tranques de relaves'. Solo enumeración histórica.",OK,Única aparición de infraestructura hospitalaria en el documento; no describe servicios hospitalarios.,MAPA_2A1_ORIGINAL,CORRECTO_CON_MATIZ,APTO_CON_MATIZ,ACEPTADA_CON_MATIZ,NO IDENTIFICADO,NO IDENTIFICADO,Hospitales públicos,La fuente afirma que IDIEM ha participado en la construcción de 'una gran cantidad de hospitales públicos' dentro de una enumeración histórica de grandes obras.,Mantener como mención histórica de participación en hospitales públicos. No derivar desde esta frase servicios hospitalarios específicos ni cuantificar la experiencia.,"La mención sectorial es explícita, pero 'gran cantidad' no está cuantificada ni se especifica qué servicios se realizaron.",SI,,PENDIENTE_2A2,NO,,SI,INFRA HOSPITALARIA Y ASISTENCIAL,ASIGNADA_2A2,PRIORIDAD_PROYECTO_SALUD,Aplicación explícita a salud/hospitalaria; la célula especializada prevalece sobre otras células.,SIN_CAMBIO,NO,2026-08-17
R0035,DOC-01,Brochure Idiem infraestructura VF.pdf,INFRA CRÍTICA TRANSPORTE,MENCIÓN,NO IDENTIFICADO,NO IDENTIFICADO,NO IDENTIFICADO,NO IDENTIFICADO,"Metro de Santiago, de los túneles de Chacabuco y Lo Prado",Metro y túneles viales,DERIVADO: trayectoria institucional,12,Más de 100 años colaborando con la infraestructura chilena,Misma cita p.12. Enumeración de obras históricas sin descripción del servicio prestado.,OK,,MAPA_2A1_ORIGINAL,CORRECCION_NECESARIA,NO_USAR_NORMALIZACION_ACTUAL,REEMPLAZAR_SEGUN_AUDITORIA,,,,La fuente afirma participación histórica en la construcción del Metro de Santiago y de los túneles de Chacabuco y Lo Prado.,Conservar literalmente 'Metro de Santiago; túneles de Chacabuco y Lo Prado'. No normalizar los túneles como 'viales' sin una fuente que lo establezca.,La palabra 'viales' no aparece en el brochure y añade una clasificación externa.,SI,,PENDIENTE_2A2,NO,,SI,INFRA CRÍTICA TRANSPORTE,ASIGNADA_2A2,DECISION_USUARIO_2A2,El usuario valida explícitamente R0035 como INFRA CRÍTICA TRANSPORTE para esta taxonomía 2A.2.,SIN_CAMBIO,NO,2026-08-17
R0036,DOC-01,Brochure Idiem infraestructura VF.pdf,INFRA CRÍTICA TRANSPORTE,PRINCIPAL,laboratorio en obra,Laboratorio en obra,"estudios, ensayos y diagnósticos de estructuras, incluyendo materiales como hormigones y aceros",Ensayos de materiales en terreno,nuevo terminal internacional del Aeropuerto Arturo Merino Benítez,Terminal aeroportuario,DERIVADO: continuidad de proyecto,13,Más de 100 años colaborando con la infraestructura chilena,Cita literal p.13: 'participamos en el proceso de construcción del nuevo terminal internacional del Aeropuerto Arturo Merino Benítez. En este último instalamos un laboratorio en obra'.,OK,Caso de aplicación explícito en infraestructura de transporte.,MAPA_2A1_ORIGINAL,CORRECTO_Y_VERIFICABLE,APTO_FACTUAL,ACEPTADA,Laboratorio en obra,Ensayos de materiales en terreno,Terminal aeroportuario,"La fuente identifica explícitamente el nuevo terminal internacional del Aeropuerto Arturo Merino Benítez y declara que IDIEM instaló un laboratorio en obra con estudios, ensayos y diagnósticos de estructuras, hormigones y aceros.",Mantener la relación y el caso nominado de infraestructura aeroportuaria.,"Proyecto, prestación y materiales están explícitamente identificados.",NO,,PENDIENTE_2A2,SI,,SI,INFRA PÚBLICA RESILIENTE,ASIGNADA_2A2,PROYECTO_INFRAESTRUCTURA_PUBLICA,Aplicación/proyecto público o infraestructura pública no perteneciente a Salud ni Metro/EFE.,REASIGNADA,NO,2026-08-17
R0037,DOC-01,Brochure Idiem infraestructura VF.pdf,INFRA PÚBLICA RESILIENTE,PRINCIPAL,Modelo Predictivo para la Conservación de Puentes,Modelo predictivo de conservación de puentes,"Utiliza la información existente con un análisis inteligente e innovador, orquestando distintos servicios, APIs y Bases de Datos",Analítica predictiva sobre APIs y bases de datos,dos puentes ubicados en la Región de Magallanes,Puentes,DERIVADO: mantenimiento predictivo,14,Modelo predictivo para la conservación de puentes,"Cita literal p.14: 'Trabajamos en desarrollar a nivel de prototipo un Modelo Predictivo para la Conservación de Puentes, replicable y escalable, adaptado a las necesidades del Ministerio de Obras Públicas (MOP)'.",OK,El documento lo declara 'a nivel de prototipo': no presentar como servicio comercial vigente.,MAPA_2A1_ORIGINAL,CORRECCION_NECESARIA,NO_USAR_NORMALIZACION_ACTUAL,REEMPLAZAR_SEGUN_AUDITORIA,,,,"La fuente declara que IDIEM trabaja en desarrollar 'a nivel de prototipo' un Modelo Predictivo para la Conservación de Puentes para el MOP, con análisis sobre servicios, APIs y bases de datos, usando dos puentes de Magallanes.","Registrar como 'Prototipo de Modelo Predictivo para la Conservación de Puentes' o iniciativa de I+D, no como servicio comercial vigente. Conservar MOP y los dos puentes de Magallanes como contexto del prototipo.",La propia fuente lo define explícitamente como prototipo en desarrollo.,SI,,PENDIENTE_2A2,NO,,SI,INFRA PÚBLICA RESILIENTE,ASIGNADA_2A2,PROYECTO_INFRAESTRUCTURA_PUBLICA,Aplicación/proyecto público o infraestructura pública no perteneciente a Salud ni Metro/EFE.,SIN_CAMBIO,NO,2026-08-17
R0038,DOC-01,Brochure Idiem infraestructura VF.pdf,INFRA CRÍTICA TRANSPORTE,PRINCIPAL,Modelo Predictivo para la Conservación de Puentes,Modelo predictivo de conservación de puentes,"análisis inteligente e innovador, orquestando distintos servicios, APIs y Bases de Datos",Analítica predictiva sobre APIs y bases de datos,puentes,Puentes,DERIVADO: mantenimiento predictivo,14,Modelo predictivo para la conservación de puentes,Misma cita p.14. Los puentes son infraestructura de transporte.,OK,Ejemplo de relación muchos-a-muchos: mismo servicio en dos células.,MAPA_2A1_ORIGINAL,CORRECCION_NECESARIA,NO_USAR_NORMALIZACION_ACTUAL,REEMPLAZAR_SEGUN_AUDITORIA,,,,"La fuente describe el mismo prototipo de Modelo Predictivo para la Conservación de Puentes, replicable y escalable, adaptado a necesidades del MOP.","Aplicar la misma corrección de R0037: prototipo/iniciativa de I+D, no servicio vigente. Mantener puentes como aplicación técnica y dejar la célula para 2A.2.","La relación es factual, pero su jerarquía como servicio comercial es inadecuada.",SI,,PENDIENTE_2A2,NO,,SI,INFRA PÚBLICA RESILIENTE,ASIGNADA_2A2,PROYECTO_INFRAESTRUCTURA_PUBLICA,Aplicación/proyecto público o infraestructura pública no perteneciente a Salud ni Metro/EFE.,REASIGNADA,NO,2026-08-17
R0039,DOC-01,Brochure Idiem infraestructura VF.pdf,INFRA CRÍTICA TRANSPORTE,PRINCIPAL,Estudio estructural del Puente Cortés,Evaluación de capacidad de carga de puentes,análisis estructural mediante software de elementos finitos... levantamiento topográfico del trazado del camino,Modelación por elementos finitos y topografía de trazado,paso de una carga de camión tipo AASHTO HS 20-44+20% y la inclusión de una pasarela peatonal,Puente vial,DERIVADO: capacidad y seguridad vial,15,"Estudio estructural del Puente Cortés, Región del Maule",Cita literal p.15: 'El estudio tuvo como objetivo establecer la capacidad de carga del puente en su estado actual... verificación del cumplimiento de los requisitos mínimos de trazado indicados en el Manual de Carretera'.,OK,,MAPA_2A1_ORIGINAL,CORRECTO_Y_VERIFICABLE,APTO_FACTUAL,ACEPTADA,Evaluación de capacidad de carga de puentes,Modelación por elementos finitos y topografía de trazado,Puente vial,"La fuente identifica el Estudio estructural del Puente Cortés y describe capacidad de carga, diagnóstico, ensayos, elementos finitos, alternativas de diseño y levantamiento topográfico del camino.",Mantener la relación y el caso vial nominado.,"Proyecto, objetivos, técnicas y aplicación están explícitos.",NO,,PENDIENTE_2A2,SI,,SI,INFRA PÚBLICA RESILIENTE,ASIGNADA_2A2,PROYECTO_INFRAESTRUCTURA_PUBLICA,Aplicación/proyecto público o infraestructura pública no perteneciente a Salud ni Metro/EFE.,REASIGNADA,NO,2026-08-17
R0040,DOC-01,Brochure Idiem infraestructura VF.pdf,INFRA OPERACIÓN MINERA,PRINCIPAL,Servicios de apoyo para la ingeniería de proyectos de infraestructura minera,Ingeniería de apoyo para proyectos mineros,levantamiento de condiciones existentes en distintas disciplinas de la ingeniería,Levantamiento multidisciplinario de condiciones existentes,proyectos de infraestructura minera,Infraestructura minera,DERIVADO: soporte a proyecto,17,Servicios de apoyo para la ingeniería de proyectos de infraestructura minera,"Cita literal p.17: 'En IDIEM hemos realizado servicios especializados de levantamiento de condiciones existentes en distintas disciplinas de la ingeniería, con el propósito de efectuar una recopilación de información de interés para el desarrollo de proyectos de infraestructura minera'.",OK,Sección dedicada a minería.,MAPA_2A1_ORIGINAL,CORRECTO_Y_VERIFICABLE,APTO_FACTUAL,ACEPTADA,Ingeniería de apoyo para proyectos mineros,Levantamiento multidisciplinario de condiciones existentes,Infraestructura minera,La fuente declara servicios especializados de levantamiento de condiciones existentes en distintas disciplinas para desarrollo de proyectos de infraestructura minera.,Mantener la relación.,Servicio y aplicación minera están explícitos.,NO,,PENDIENTE_2A2,SI,,SI,INFRA OPERACIÓN MINERA,ASIGNADA_2A2,INTEGRIDAD_INGENIERIA_CONTINUIDAD_MINERIA,"Servicio de integridad, monitoreo, ingeniería, diagnóstico, confiabilidad, continuidad o soporte técnico de activos/operación minera.",SIN_CAMBIO,NO,2026-08-17
R0041,DOC-01,Brochure Idiem infraestructura VF.pdf,LAB MINERO DIGITAL,REQUIERE REVISIÓN,Servicios de apoyo para la ingeniería de proyectos de infraestructura minera,Ingeniería de apoyo para proyectos mineros,"ingeniería civil, ingeniería mecánica, geomensura, modelación BIM y mantenimiento industrial",Equipo multidisciplinario con modelación BIM,proyectos de infraestructura minera,Infraestructura minera,DERIVADO: digitalización de activos mineros,17,Servicios de apoyo para la ingeniería de proyectos de infraestructura minera,"Cita literal p.17: 'considerando ingeniería civil, ingeniería mecánica, geomensura, modelación BIM y mantenimiento industrial'. Única co-ocurrencia explícita de minería + modelación digital en el documento.",REQUIERE REVISIÓN,"Es la fila con mejor evidencia para LAB MINERO DIGITAL en DOC-01, pero sigue dependiendo de la definición de la célula.",MAPA_2A1_ORIGINAL,CORRECTO_Y_VERIFICABLE,APTO_FACTUAL,ACEPTADA,Ingeniería de apoyo para proyectos mineros,Equipo multidisciplinario con modelación BIM,Infraestructura minera,"La fuente declara que estas actividades para infraestructura minera consideran ingeniería civil, mecánica, geomensura, modelación BIM y mantenimiento industrial.",Mantener la relación factual. Dejar la asignación a LAB MINERO DIGITAL para 2A.2.,Es una co-ocurrencia explícita de minería y modelación BIM dentro del mismo servicio.,SI,,PENDIENTE_2A2,SI,,SI,INFRA OPERACIÓN MINERA,ASIGNADA_2A2,INTEGRIDAD_INGENIERIA_CONTINUIDAD_MINERIA,"Servicio de integridad, monitoreo, ingeniería, diagnóstico, confiabilidad, continuidad o soporte técnico de activos/operación minera.",REASIGNADA,NO,2026-08-17
R0042,DOC-08,Original ficha técnica N°11 - Ingeniería del Hormigón.pdf,REQUIERE REVISIÓN,PRINCIPAL,EVALUACIÓN DEL HORMIGÓN EN ESTRUCTURAS,Evaluación de hormigón en estructuras,Evaluamos el hormigón en estructuras nuevas y antiguas,Evaluación de hormigón nuevo y existente,estructuras nuevas y antiguas,Estructuras de hormigón,DERIVADO: confiabilidad de materiales,2,ESTRUCTURAS DE HORMIGÓN,Cita literal p.2: 'Evaluamos el hormigón en estructuras nuevas y antiguas'. El documento no declara sector de aplicación.,REQUIERE REVISIÓN,Servicio transversal sin sector declarado.,MAPA_2A1_ORIGINAL,CORRECTO_Y_VERIFICABLE,APTO_FACTUAL,ACEPTADA,Evaluación de hormigón en estructuras,Evaluación de hormigón nuevo y existente,Estructuras de hormigón,La fuente declara 'Evaluamos el hormigón en estructuras nuevas y antiguas'.,Mantener la relación y la aplicación genérica a estructuras de hormigón.,"Servicio, capacidad y objeto están explícitos.",NO,,PENDIENTE_2A2,SI,,SI,,SIN_CELULA_PRIORIZADA,FUERA_ALCANCE_O_SIN_APLICACION_SECTORIAL,"Relación válida, pero sin aplicación explícita suficiente a una de las cinco células priorizadas o correspondiente a un ámbito transversal/no priorizado.",FUERA_DE_CELULAS_PRIORIZADAS,NO,2026-08-17
R0043,DOC-08,Original ficha técnica N°11 - Ingeniería del Hormigón.pdf,REQUIERE REVISIÓN,PRINCIPAL,EVALUACIÓN DEL HORMIGÓN EN ESTRUCTURAS,Evaluación de hormigón en estructuras,"inspección y análisis de las causas de patologías, y determinamos la resistencia a la compresión equivalente",Análisis de patologías del hormigón,estructuras de hormigón,Estructuras de hormigón,DERIVADO: diagnóstico y mantenimiento,2,ESTRUCTURAS DE HORMIGÓN,"Cita literal p.2: 'Realizamos la inspección y análisis de las causas de patologías, y determinamos la resistencia a la compresión equivalente'.",REQUIERE REVISIÓN,,MAPA_2A1_ORIGINAL,CORRECTO_Y_VERIFICABLE,APTO_FACTUAL,ACEPTADA,Evaluación de hormigón en estructuras,Análisis de patologías del hormigón,Estructuras de hormigón,La fuente declara inspección y análisis de las causas de patologías y determinación de resistencia a la compresión equivalente.,Mantener la relación.,La capacidad está explícita.,NO,,PENDIENTE_2A2,SI,,SI,,SIN_CELULA_PRIORIZADA,FUERA_ALCANCE_O_SIN_APLICACION_SECTORIAL,"Relación válida, pero sin aplicación explícita suficiente a una de las cinco células priorizadas o correspondiente a un ámbito transversal/no priorizado.",FUERA_DE_CELULAS_PRIORIZADAS,NO,2026-08-17
R0044,DOC-08,Original ficha técnica N°11 - Ingeniería del Hormigón.pdf,REQUIERE REVISIÓN,PRINCIPAL,EVALUACIÓN DEL HORMIGÓN EN ESTRUCTURAS,Evaluación de hormigón en estructuras,"Correlacionamos ensayos no destructivos, ultrasonido e índice esclerométrico, con resistencia de ensayos destructivos",Correlación de ensayos destructivos y no destructivos,estructuras de hormigón,Estructuras de hormigón,DERIVADO: innovación metodológica,2,UNIMOS EXPERIENCIA CON INNOVACIÓN,"Cita literal p.2: 'Correlacionamos ensayos no destructivos, ultrasonido e índice esclerométrico, con resistencia de ensayos destructivos. Minimizamos el daño físico a la estructura'.",REQUIERE REVISIÓN,Misma capacidad aparece en DOC-01 p.9 con redacción distinta.,MAPA_2A1_ORIGINAL,CORRECTO_Y_VERIFICABLE,APTO_FACTUAL,ACEPTADA,Evaluación de hormigón en estructuras,Correlación de ensayos destructivos y no destructivos,Estructuras de hormigón,"La fuente declara correlación de ensayos no destructivos, ultrasonido e índice esclerométrico con resistencia de ensayos destructivos, junto con minimización del daño físico.",Mantener la capacidad. No fusionarla automáticamente con formulaciones de otros documentos.,La metodología está explícita.,NO,,PENDIENTE_2A2,SI,,SI,,SIN_CELULA_PRIORIZADA,FUERA_ALCANCE_O_SIN_APLICACION_SECTORIAL,"Relación válida, pero sin aplicación explícita suficiente a una de las cinco células priorizadas o correspondiente a un ámbito transversal/no priorizado.",FUERA_DE_CELULAS_PRIORIZADAS,NO,2026-08-17
R0045,DOC-08,Original ficha técnica N°11 - Ingeniería del Hormigón.pdf,INFRA OPERACIÓN MINERA,COMPLEMENTARIA,Evaluamos las materias primas convencionales y no convencionales,Evaluación de materias primas para hormigón,"Como árido: Escorias de diversiones orígenes, relaves, marinas áridos reciclados",Valorización de relaves y marinas como árido,"relaves, marinas",Residuos mineros y marina de túnel,DERIVADO: economía circular,2,Evaluamos las materias primas convencionales y no convencionales,"Cita literal p.2: 'Como árido: Escorias de diversiones orígenes, relaves, marinas áridos reciclados, entre otros'. La página incluye además fotografía de faena minera a rajo abierto.",OK,El texto fuente contiene el error tipográfico 'diversiones orígenes' (probable 'diversos orígenes'); se conserva sin corregir.,MAPA_2A1_ORIGINAL,CORRECCION_NECESARIA,NO_USAR_NORMALIZACION_ACTUAL,REEMPLAZAR_SEGUN_AUDITORIA,,,,"La fuente enumera como áridos 'Escorias de diversiones orígenes, relaves, marinas, áridos reciclados, entre otros'. No declara en texto que estos materiales correspondan a residuos mineros o marina de túnel ni asigna el bloque al sector minería.","Normalizar como 'Evaluación de materias primas no convencionales para hormigón: escorias, relaves, marinas y áridos reciclados'. Dejar aplicación sectorial NO IDENTIFICADA.",La normalización 'Residuos mineros y marina de túnel' y la asignación minera agregan significado no textual. La fotografía no basta para completar esa aplicación.,SI,,PENDIENTE_2A2,NO,,SI,,SIN_CELULA_PRIORIZADA,FUERA_ALCANCE_O_SIN_APLICACION_SECTORIAL,"Relación válida, pero sin aplicación explícita suficiente a una de las cinco células priorizadas o correspondiente a un ámbito transversal/no priorizado.",FUERA_DE_CELULAS_PRIORIZADAS,NO,2026-08-17
R0046,DOC-08,Original ficha técnica N°11 - Ingeniería del Hormigón.pdf,REQUIERE REVISIÓN,COMPLEMENTARIA,Evaluamos las materias primas convencionales y no convencionales,Evaluación de materias primas para hormigón,"Como material cementicio: puzolana, escoria, geopolímero, cenizas, humo de sílice",Evaluación de materiales cementicios suplementarios,NO IDENTIFICADO,NO IDENTIFICADO,DERIVADO: economía circular,2,Evaluamos las materias primas convencionales y no convencionales,"Cita literal p.2: 'Como material cementicio: puzolana, escoria, geopolímero, cenizas, humo de sílice, entre otros'.",REQUIERE REVISIÓN,,MAPA_2A1_ORIGINAL,CORRECCION_NECESARIA,NO_USAR_NORMALIZACION_ACTUAL,REEMPLAZAR_SEGUN_AUDITORIA,,,,"La fuente enumera como material cementicio: puzolana, escoria, geopolímero, cenizas y humo de sílice.","Cambiar la normalización a 'Evaluación de materiales cementicios: puzolana, escoria, geopolímero, cenizas y humo de sílice' o conservar el término fuente.",La palabra 'suplementarios' no aparece en la fuente y puede estrechar o alterar la categoría técnica declarada.,NO,,PENDIENTE_2A2,NO,,SI,,SIN_CELULA_PRIORIZADA,FUERA_ALCANCE_O_SIN_APLICACION_SECTORIAL,"Relación válida, pero sin aplicación explícita suficiente a una de las cinco células priorizadas o correspondiente a un ámbito transversal/no priorizado.",FUERA_DE_CELULAS_PRIORIZADAS,NO,2026-08-17
R0047,DOC-08,Original ficha técnica N°11 - Ingeniería del Hormigón.pdf,REQUIERE REVISIÓN,COMPLEMENTARIA,Te asesoramos para obtener el hormigón que necesitas,Asesoría en diseño de hormigones especiales,Hormigón proyectado (Shotcrete),Shotcrete,NO IDENTIFICADO,NO IDENTIFICADO,DERIVADO: soluciones especializadas,2,Te asesoramos para obtener el hormigón que necesitas,Cita literal p.2 (viñeta): 'Hormigón proyectado (Shotcrete)'. El documento no declara aplicación en túnel ni en minería.,REQUIERE REVISIÓN,No se infiere minería pese a que DOC-01 p.5 vincula shotcrete con túneles mineros; documentos distintos no se fusionan.,MAPA_2A1_ORIGINAL,CORRECTO_Y_VERIFICABLE,APTO_FACTUAL,ACEPTADA,Asesoría en diseño de hormigones especiales,Shotcrete,NO IDENTIFICADO,La fuente enumera 'Hormigón proyectado (Shotcrete)' dentro de la asesoría para obtener el hormigón requerido.,"Mantener como tipo de hormigón/solución especializada sin asignar minería, túneles u otra aplicación no declarada.",La prestación está explícita y la falta de aplicación sectorial está correctamente preservada.,NO,,PENDIENTE_2A2,SI,,SI,,SIN_CELULA_PRIORIZADA,FUERA_ALCANCE_O_SIN_APLICACION_SECTORIAL,"Relación válida, pero sin aplicación explícita suficiente a una de las cinco células priorizadas o correspondiente a un ámbito transversal/no priorizado.",FUERA_DE_CELULAS_PRIORIZADAS,NO,2026-08-17
R0048,DOC-08,Original ficha técnica N°11 - Ingeniería del Hormigón.pdf,REQUIERE REVISIÓN,COMPLEMENTARIA,Te asesoramos para obtener el hormigón que necesitas,Asesoría en diseño de hormigones especiales,"Hormigón masivo, Hormigón sumergido, Hormigón autocompactante, Hormigón con fibras, Hormigón resistente a la abrasión, Hormigón en ambientes fríos, Hormigón resistente a químicos, Hormigón prefabricado",Catálogo de hormigones especiales,NO IDENTIFICADO,NO IDENTIFICADO,DERIVADO: soluciones especializadas,2,Te asesoramos para obtener el hormigón que necesitas,Listado literal de viñetas p.2. Ninguna viñeta declara sector ni activo de destino.,REQUIERE REVISIÓN,,MAPA_2A1_ORIGINAL,CORRECTO_Y_VERIFICABLE,APTO_FACTUAL,ACEPTADA,Asesoría en diseño de hormigones especiales,Catálogo de hormigones especiales,NO IDENTIFICADO,"La fuente enumera hormigón prefabricado, masivo, sumergido, autocompactante, con fibras, resistente a abrasión, ambientes fríos y químicos.","Mantener como catálogo de hormigones especiales, sin sector inferido.",El listado está explícito.,NO,,PENDIENTE_2A2,SI,,SI,,SIN_CELULA_PRIORIZADA,FUERA_ALCANCE_O_SIN_APLICACION_SECTORIAL,"Relación válida, pero sin aplicación explícita suficiente a una de las cinco células priorizadas o correspondiente a un ámbito transversal/no priorizado.",FUERA_DE_CELULAS_PRIORIZADAS,NO,2026-08-17
R0049,DOC-08,Original ficha técnica N°11 - Ingeniería del Hormigón.pdf,REQUIERE REVISIÓN,COMPLEMENTARIA,Certificación ISO 9001,Sistema de gestión de calidad certificado,Certificación ISO 9001 para evaluación de estructuras de hormigón y evaluación de materias primas,Alcance ISO 9001 declarado,NO IDENTIFICADO,NO IDENTIFICADO,DERIVADO: cumplimiento normativo,1,Confiabilidad,Cita literal p.1: 'Certificación ISO 9001 para evaluación de estructuras de hormigón y evaluación de materias primas'.,OK,,MAPA_2A1_ORIGINAL,CORRECTO_CON_MATIZ,APTO_CON_MATIZ,ACEPTADA_CON_MATIZ,Sistema de gestión de calidad certificado,Alcance ISO 9001 declarado,NO IDENTIFICADO,La fuente declara 'Certificación ISO 9001 para evaluación de estructuras de hormigón y evaluación de materias primas'.,Mantener exactamente como certificación ISO 9001 con el alcance declarado; no convertirla en acreditación ni ampliar el alcance.,"La relación es fiel al brochure, pero la vigencia de la certificación debe comprobarse antes de reutilización pública.",SI,,PENDIENTE_2A2,NO,,SI,,SIN_CELULA_PRIORIZADA,FUERA_ALCANCE_O_SIN_APLICACION_SECTORIAL,"Relación válida, pero sin aplicación explícita suficiente a una de las cinco células priorizadas o correspondiente a un ámbito transversal/no priorizado.",FUERA_DE_CELULAS_PRIORIZADAS,NO,2026-08-17
R0050,DOC-08,Original ficha técnica N°11 - Ingeniería del Hormigón.pdf,REQUIERE REVISIÓN,COMPLEMENTARIA,Red de laboratorios acreditados,Red de laboratorios acreditados,acreditados en el INN y resolución MINVU,Acreditación INN y resolución MINVU,NO IDENTIFICADO,NO IDENTIFICADO,DERIVADO: cumplimiento normativo,1,Confiabilidad,Cita literal p.1: 'Red de laboratorios acreditados en el INN y resolución MINVU'.,OK,MINVU sugiere ámbito de edificación/vivienda; no se fuerza célula por esa sola señal.,MAPA_2A1_ORIGINAL,CORRECTO_CON_MATIZ,APTO_CON_MATIZ,ACEPTADA_CON_MATIZ,Red de laboratorios acreditados,Acreditación INN y resolución MINVU,NO IDENTIFICADO,La fuente declara 'Red de laboratorios acreditados en el INN y resolución MINVU'.,Mantener separadas las naturalezas de las credenciales: acreditación INN y resolución MINVU. No inferir una célula desde MINVU.,"La evidencia está respaldada, pero la vigencia de las credenciales no se verifica en esta auditoría.",SI,,PENDIENTE_2A2,NO,,SI,,SIN_CELULA_PRIORIZADA,FUERA_ALCANCE_O_SIN_APLICACION_SECTORIAL,"Relación válida, pero sin aplicación explícita suficiente a una de las cinco células priorizadas o correspondiente a un ámbito transversal/no priorizado.",FUERA_DE_CELULAS_PRIORIZADAS,NO,2026-08-17
R0051,DOC-02,BROCHURE INSPECCIÓN DE RIESGO INCENDIO - ACUSTICA DTC 2023.pdf,REQUIERE REVISIÓN,PRINCIPAL,INSPECCIÓN DE RIESGO DE INCENDIO,Inspección de riesgo de incendio,"identificar las diferentes vulnerabilidades que puedan amenazar la infraestructura, maquinarias y colaboradores",Identificación de vulnerabilidades ante incendio,cualquier empresa - industria,Empresa o industria,DERIVADO: seguridad de activos,1,Alcance general,"Cita literal p.1: 'Inspección de Riesgo a la propiedad tienen como objetivo principal identificar las diferentes vulnerabilidades que puedan amenazar la infraestructura, maquinarias y colaboradores de cualquier empresa - industria'. Destinatarios declarados p.1: 'Empresas / Industrias / Aseguradoras'.",REQUIERE REVISIÓN,Los destinatarios declarados no corresponden a ninguna de las cinco células; no se fuerza asignación.,MAPA_2A1_ORIGINAL,CORRECTO_Y_VERIFICABLE,APTO_FACTUAL,ACEPTADA,Inspección de riesgo de incendio,Identificación de vulnerabilidades ante incendio,Empresa o industria,"La fuente define la inspección de riesgo a la propiedad como identificación de vulnerabilidades que amenazan infraestructura, maquinarias y colaboradores de cualquier empresa-industria.","Mantener servicio, capacidad y aplicación genérica. No validar célula.",La relación está explícitamente respaldada.,NO,,PENDIENTE_2A2,SI,,SI,,SIN_CELULA_PRIORIZADA,FUERA_ALCANCE_O_SIN_APLICACION_SECTORIAL,"Relación válida, pero sin aplicación explícita suficiente a una de las cinco células priorizadas o correspondiente a un ámbito transversal/no priorizado.",FUERA_DE_CELULAS_PRIORIZADAS,NO,2026-08-17
R0052,DOC-02,BROCHURE INSPECCIÓN DE RIESGO INCENDIO - ACUSTICA DTC 2023.pdf,REQUIERE REVISIÓN,PRINCIPAL,Servicio de Ingeniería contra incendio,Ingeniería contra incendios,"ingeniería y estudios técnicos en inspecciones, asesorías y seguimiento a implementación de sistemas contra incendio",Estudios y seguimiento de sistemas contra incendio,sistemas contra incendio,Sistemas contra incendio,DERIVADO: seguridad de personas,1,Servicio de Ingeniería contra incendio,"Cita literal p.1: 'Realizamos ingeniería y estudios técnicos en inspecciones, asesorías y seguimiento a implementación de sistemas contra incendio'.",REQUIERE REVISIÓN,Mismo servicio nombrado en DOC-01 p.12 como 'ingeniería contra incendios'.,MAPA_2A1_ORIGINAL,CORRECCION_NECESARIA,NO_USAR_NORMALIZACION_ACTUAL,REEMPLAZAR_SEGUN_AUDITORIA,,,,"La fuente declara ingeniería y estudios técnicos en inspecciones, asesorías y seguimiento a implementación de sistemas contra incendio.","Ampliar la capacidad normalizada para conservar inspecciones y asesorías, no solo 'estudios y seguimiento'.",La normalización actual estrecha el alcance declarado.,NO,,PENDIENTE_2A2,NO,,SI,,SIN_CELULA_PRIORIZADA,FUERA_ALCANCE_O_SIN_APLICACION_SECTORIAL,"Relación válida, pero sin aplicación explícita suficiente a una de las cinco células priorizadas o correspondiente a un ámbito transversal/no priorizado.",FUERA_DE_CELULAS_PRIORIZADAS,NO,2026-08-17
R0053,DOC-02,BROCHURE INSPECCIÓN DE RIESGO INCENDIO - ACUSTICA DTC 2023.pdf,REQUIERE REVISIÓN,PRINCIPAL,Proceso de gestión,Metodología de gestión de riesgo de incendio,Inspección / Evaluación; Ingeniería de riesgo / Análisis; Recomendaciones; Implementación; Seguimiento,Ciclo de cinco etapas de gestión de riesgo,NO IDENTIFICADO,NO IDENTIFICADO,DERIVADO: método propio,1,Proceso de gestión,Diagrama literal p.1 con las cinco etapas enumeradas.,REQUIERE REVISIÓN,,MAPA_2A1_ORIGINAL,CONTRADICCION_ENTRE_FUENTES,NO_RESUELTO_CONTRADICCION,NO_RESOLVER_POR_INFERENCIA,,,,DOC-02 presenta cinco etapas: Inspección/Evaluación; Ingeniería de riesgo/Análisis; Recomendaciones; Implementación; Seguimiento. DOC-12 presenta seis pasos.,Conservar ambos esquemas como fuente-específicos y no definir un proceso canónico hasta validar vigencia.,Los documentos describen el mismo proceso con estructura distinta.,SI,,PENDIENTE_2A2,NO,,SI,,SIN_CELULA_PRIORIZADA,FUERA_ALCANCE_O_SIN_APLICACION_SECTORIAL,"Relación válida, pero sin aplicación explícita suficiente a una de las cinco células priorizadas o correspondiente a un ámbito transversal/no priorizado.",FUERA_DE_CELULAS_PRIORIZADAS,NO,2026-08-17
R0054,DOC-02,BROCHURE INSPECCIÓN DE RIESGO INCENDIO - ACUSTICA DTC 2023.pdf,REQUIERE REVISIÓN,COMPLEMENTARIA,Factores para análisis del riesgo,Matriz de factores de riesgo de incendio,Características Constructivas; Compartimentación; Procesos; Servicios; Gestiones de riesgo; Sistemas de protección contra incendio; Colindantes – Exposiciones externas; Orden y Limpieza; Control de fuentes de fuego,Nueve factores de análisis,NO IDENTIFICADO,NO IDENTIFICADO,DERIVADO: método propio,1,Factores para análisis del riesgo,Matriz literal p.1 con los nueve factores enumerados.,REQUIERE REVISIÓN,,MAPA_2A1_ORIGINAL,CONTRADICCION_ENTRE_FUENTES,NO_RESUELTO_CONTRADICCION,NO_RESOLVER_POR_INFERENCIA,,,,DOC-02 usa 'Gestiones de riesgo' como quinto factor; DOC-12 usa 'Protocolos de gestión'. Los otros ocho factores coinciden.,Mantener la nomenclatura de cada fuente y resolver el quinto factor junto con la versión vigente del proceso.,La diferencia textual no puede resolverse por inferencia.,SI,,PENDIENTE_2A2,NO,,SI,,SIN_CELULA_PRIORIZADA,FUERA_ALCANCE_O_SIN_APLICACION_SECTORIAL,"Relación válida, pero sin aplicación explícita suficiente a una de las cinco células priorizadas o correspondiente a un ámbito transversal/no priorizado.",FUERA_DE_CELULAS_PRIORIZADAS,NO,2026-08-17
R0055,DOC-02,BROCHURE INSPECCIÓN DE RIESGO INCENDIO - ACUSTICA DTC 2023.pdf,REQUIERE REVISIÓN,COMPLEMENTARIA,Inspección de riesgo,Inspección de riesgo de incendio,Reducir las primas de seguros,Reducción de prima de seguro,Prima compañía seguros,Aseguradoras,DERIVADO: valor económico,1,Razones que justifican una Inspección de riesgo,Cita literal p.1: 'Prima compañía seguros — Reducir las primas de seguros'.,REQUIERE REVISIÓN,Ángulo asegurador ausente en el resto del corpus revisado hasta ahora.,MAPA_2A1_ORIGINAL,CORRECCION_NECESARIA,NO_USAR_NORMALIZACION_ACTUAL,REEMPLAZAR_SEGUN_AUDITORIA,,,,La fuente declara 'Reducir las primas de seguros' como razón/beneficio de una inspección de riesgo.,"Tratarlo como beneficio/resultado declarado, no como capacidad técnica. Mantener 'Prima compañía seguros' como contexto fuente sin inferir una célula.",La jerarquía actual coloca un beneficio comercial en el campo de capacidad.,NO,,PENDIENTE_2A2,NO,,SI,,SIN_CELULA_PRIORIZADA,FUERA_ALCANCE_O_SIN_APLICACION_SECTORIAL,"Relación válida, pero sin aplicación explícita suficiente a una de las cinco células priorizadas o correspondiente a un ámbito transversal/no priorizado.",FUERA_DE_CELULAS_PRIORIZADAS,NO,2026-08-17
R0056,DOC-02,BROCHURE INSPECCIÓN DE RIESGO INCENDIO - ACUSTICA DTC 2023.pdf,INFRA OPERACIÓN MINERA,PRINCIPAL,SERVICIOS INGENIERÍA ACÚSTICA,Servicios de ingeniería acústica,"Estudios de impacto acústico (modelo de propagación de niveles de ruido, mapas de ruido)",Estudio de impacto acústico y mapas de ruido,"proyectos inmobiliarios, industria, minería y energéticos",Proyectos mineros,DERIVADO: licencia social,2,Estudio de Impacto acústico,"Cita literal p.2: 'Estudios de impacto acústico (modelo de propagación de niveles de ruido, mapas de ruido), para proyectos inmobiliarios, industria, minería y energéticos'. Encabezado p.2 declara 'Industria / Minería / Edificación'.",OK,Aplicación minera declarada explícitamente en el propio documento.,MAPA_2A1_ORIGINAL,CORRECTO_Y_VERIFICABLE,APTO_FACTUAL,ACEPTADA,Servicios de ingeniería acústica,Estudio de impacto acústico y mapas de ruido,Proyectos mineros,"La fuente declara estudios de impacto acústico con modelos de propagación y mapas de ruido para proyectos inmobiliarios, industria, minería y energéticos.",Mantener relación factual y aplicación minera. No validar todavía la célula.,Minería está explícitamente declarada.,NO,,PENDIENTE_2A2,SI,,SI,INFRA OPERACIÓN MINERA,ASIGNADA_2A2,INTEGRIDAD_INGENIERIA_CONTINUIDAD_MINERIA,"Servicio de integridad, monitoreo, ingeniería, diagnóstico, confiabilidad, continuidad o soporte técnico de activos/operación minera.",SIN_CAMBIO,NO,2026-08-17
R0057,DOC-02,BROCHURE INSPECCIÓN DE RIESGO INCENDIO - ACUSTICA DTC 2023.pdf,REQUIERE REVISIÓN,PRINCIPAL,SERVICIOS INGENIERÍA ACÚSTICA,Servicios de ingeniería acústica,Desarrollo y evaluación de soluciones de control de ruido y vibraciones,Control de ruido y vibraciones,NO IDENTIFICADO,NO IDENTIFICADO,DERIVADO: confort y habitabilidad,2,Estudio de Impacto acústico,Cita literal p.2 (viñeta): 'Desarrollo y evaluación de soluciones de control de ruido y vibraciones'.,REQUIERE REVISIÓN,,MAPA_2A1_ORIGINAL,CORRECTO_Y_VERIFICABLE,APTO_FACTUAL,ACEPTADA,Servicios de ingeniería acústica,Control de ruido y vibraciones,NO IDENTIFICADO,La fuente declara desarrollo y evaluación de soluciones de control de ruido y vibraciones.,Mantener la relación.,La capacidad está textual y correctamente jerarquizada.,NO,,PENDIENTE_2A2,SI,,SI,,SIN_CELULA_PRIORIZADA,FUERA_ALCANCE_O_SIN_APLICACION_SECTORIAL,"Relación válida, pero sin aplicación explícita suficiente a una de las cinco células priorizadas o correspondiente a un ámbito transversal/no priorizado.",FUERA_DE_CELULAS_PRIORIZADAS,NO,2026-08-17
R0058,DOC-02,BROCHURE INSPECCIÓN DE RIESGO INCENDIO - ACUSTICA DTC 2023.pdf,REQUIERE REVISIÓN,PRINCIPAL,SERVICIOS INGENIERÍA ACÚSTICA,Servicios de ingeniería acústica,Desarrollo de soluciones para cumplimiento de sistema PREXOR,Cumplimiento PREXOR,seguridad y salud ocupacional,Salud ocupacional,DERIVADO: cumplimiento normativo,2,Estudio de Impacto acústico,Cita literal p.2 (viñeta): 'Desarrollo de soluciones para cumplimiento de sistema PREXOR'.,REQUIERE REVISIÓN,PREXOR es protocolo de exposición ocupacional a ruido; el documento no lo explica ni lo asocia a un sector.,MAPA_2A1_ORIGINAL,CORRECTO_CON_MATIZ,APTO_CON_MATIZ,ACEPTADA_CON_MATIZ,Servicios de ingeniería acústica,Cumplimiento PREXOR,Salud ocupacional,La fuente declara desarrollo de soluciones para cumplimiento de sistema PREXOR; también menciona seguridad y salud ocupacional en la misma página.,"Mantener la capacidad, pero no ampliar el significado de PREXOR más allá de lo que explica el brochure. Mantener aplicación genérica.",El documento no define PREXOR ni lo asigna a un sector específico.,NO,,PENDIENTE_2A2,NO,,SI,,SIN_CELULA_PRIORIZADA,FUERA_ALCANCE_O_SIN_APLICACION_SECTORIAL,"Relación válida, pero sin aplicación explícita suficiente a una de las cinco células priorizadas o correspondiente a un ámbito transversal/no priorizado.",FUERA_DE_CELULAS_PRIORIZADAS,NO,2026-08-17
R0059,DOC-02,BROCHURE INSPECCIÓN DE RIESGO INCENDIO - ACUSTICA DTC 2023.pdf,REQUIERE REVISIÓN,COMPLEMENTARIA,SERVICIOS INGENIERÍA ACÚSTICA,Servicios de ingeniería acústica,Diseño de acondicionamiento interior de recintos de todo tipo,Acondicionamiento acústico interior,recintos de todo tipo,Recintos interiores,DERIVADO: confort y habitabilidad,2,Estudio de Impacto acústico,Cita literal p.2 (viñeta): 'Diseño de acondicionamiento interior de recintos de todo tipo'.,REQUIERE REVISIÓN,"'recintos de todo tipo' es genérico: podría incluir recintos hospitalarios, pero el documento no lo dice.",MAPA_2A1_ORIGINAL,CORRECTO_Y_VERIFICABLE,APTO_FACTUAL,ACEPTADA,Servicios de ingeniería acústica,Acondicionamiento acústico interior,Recintos interiores,La fuente declara diseño de acondicionamiento interior de recintos de todo tipo.,"Mantener la relación sin inferir hospitalidad, salud u otra célula.",El alcance genérico está explícito.,NO,,PENDIENTE_2A2,SI,,SI,,SIN_CELULA_PRIORIZADA,FUERA_ALCANCE_O_SIN_APLICACION_SECTORIAL,"Relación válida, pero sin aplicación explícita suficiente a una de las cinco células priorizadas o correspondiente a un ámbito transversal/no priorizado.",FUERA_DE_CELULAS_PRIORIZADAS,NO,2026-08-17
R0060,DOC-02,BROCHURE INSPECCIÓN DE RIESGO INCENDIO - ACUSTICA DTC 2023.pdf,REQUIERE REVISIÓN,COMPLEMENTARIA,SERVICIOS INGENIERÍA ACÚSTICA,Servicios de ingeniería acústica,"Inspección técnica para proyectos insonorización y vibraciones, tanto para proyectos en etapa de desarrollo, como en ejecución",Inspección técnica de insonorización,proyectos en desarrollo y en ejecución,Proyecto en desarrollo o ejecución,DERIVADO: cumplimiento normativo,2,Estudio de Impacto acústico,Cita literal p.2 (viñeta).,REQUIERE REVISIÓN,,MAPA_2A1_ORIGINAL,CORRECCION_NECESARIA,NO_USAR_NORMALIZACION_ACTUAL,REEMPLAZAR_SEGUN_AUDITORIA,,,,La fuente declara inspección técnica para proyectos de insonorización y vibraciones en desarrollo y ejecución.,Cambiar la normalización a 'Inspección técnica de proyectos de insonorización y vibraciones'.,La normalización actual omite el componente de vibraciones.,NO,,PENDIENTE_2A2,NO,,SI,,SIN_CELULA_PRIORIZADA,FUERA_ALCANCE_O_SIN_APLICACION_SECTORIAL,"Relación válida, pero sin aplicación explícita suficiente a una de las cinco células priorizadas o correspondiente a un ámbito transversal/no priorizado.",FUERA_DE_CELULAS_PRIORIZADAS,NO,2026-08-17
R0061,DOC-02,BROCHURE INSPECCIÓN DE RIESGO INCENDIO - ACUSTICA DTC 2023.pdf,REQUIERE REVISIÓN,COMPLEMENTARIA,ETAPAS DE UN PROYECTO ACÚSTICO,Metodología de proyecto acústico,CONCEPTO; DISEÑO; ENTREGABLES; IMPLEMENTACIÓN / OPERACIÓN,Ciclo de cuatro etapas de proyecto acústico,NO IDENTIFICADO,NO IDENTIFICADO,DERIVADO: método propio,2,ETAPAS DE UN PROYECTO ACÚSTICO,Diagrama circular p.2. Incluye 'Modelamiento acústico 3D de recintos' dentro de DISEÑO.,REQUIERE REVISIÓN,'Modelamiento acústico 3D' es candidato digital; la resolución del diagrama limita la transcripción literal completa.,MAPA_2A1_ORIGINAL,CORRECCION_NECESARIA,NO_USAR_NORMALIZACION_ACTUAL,REEMPLAZAR_SEGUN_AUDITORIA,,,,"El diagrama visual presenta cuatro etapas: Concepto, Diseño, Entregables e Implementación/Operación.",Usar 'Servicios de ingeniería acústica' como servicio y 'Etapas/metodología de un proyecto acústico' como capacidad/metodología.,"'ETAPAS DE UN PROYECTO ACÚSTICO' es un esquema metodológico, no un servicio.",NO,,PENDIENTE_2A2,NO,,SI,,SIN_CELULA_PRIORIZADA,FUERA_ALCANCE_O_SIN_APLICACION_SECTORIAL,"Relación válida, pero sin aplicación explícita suficiente a una de las cinco células priorizadas o correspondiente a un ámbito transversal/no priorizado.",FUERA_DE_CELULAS_PRIORIZADAS,NO,2026-08-17
R0062,DOC-02,BROCHURE INSPECCIÓN DE RIESGO INCENDIO - ACUSTICA DTC 2023.pdf,REQUIERE REVISIÓN,COMPLEMENTARIA,Estudio de impacto acústico,Estudio de impacto acústico,"Aportar al buen manejo de las comunidades aledañas a los proyectos en desarrollo, manejando oportunamente las fuentes de ruidos molestos",Gestión de ruido hacia comunidades vecinas,comunidades aledañas a los proyectos,Comunidades vecinas,DERIVADO: licencia social,2,Razones que justifican un estudio de impacto acústico,Cita literal p.2.,REQUIERE REVISIÓN,,MAPA_2A1_ORIGINAL,CORRECCION_NECESARIA,NO_USAR_NORMALIZACION_ACTUAL,REEMPLAZAR_SEGUN_AUDITORIA,,,,La fuente declara como razón aportar al manejo de comunidades aledañas controlando oportunamente fuentes de ruidos molestos.,"Tratarlo como beneficio/objetivo de gestión comunitaria, no como capacidad técnica del estudio.",La jerarquía actual mezcla un resultado/beneficio con una capacidad.,NO,,PENDIENTE_2A2,NO,,SI,,SIN_CELULA_PRIORIZADA,FUERA_ALCANCE_O_SIN_APLICACION_SECTORIAL,"Relación válida, pero sin aplicación explícita suficiente a una de las cinco células priorizadas o correspondiente a un ámbito transversal/no priorizado.",FUERA_DE_CELULAS_PRIORIZADAS,NO,2026-08-17
R0063,DOC-04,Original ficha técnica servicios laboratorio en obra para proyectos.pdf,INFRA OPERACIÓN MINERA,PRINCIPAL,Servicios de laboratorio en obra,Laboratorio en obra,"Servicio permanente en terreno contando con instalaciones, personal, equipamiento y ensayos de laboratorio en obra",Laboratorio permanente en faena,proyectos mineros,Proyectos mineros,DERIVADO: continuidad operacional,2,SERVICIOS INTEGRALES,"Cita literal p.2: 'adecuándonos a todo tipo de proyectos; mineros, energéticos, inmobiliarios y todo tipo de infraestructura, tanto pública como privada'. La fotografía p.2 muestra faena en entorno desértico de altura.",OK,Aplicación minera declarada explícitamente.,MAPA_2A1_ORIGINAL,CORRECTO_Y_VERIFICABLE,APTO_FACTUAL,ACEPTADA,Laboratorio en obra,Laboratorio permanente en faena,Proyectos mineros,"Servicio permanente en terreno; el documento declara proyectos mineros, energéticos, inmobiliarios e infraestructura pública y privada.",Mantener la relación factual. No validar todavía la célula.,Servicio y aplicación minera están explícitos en la fuente.,NO,,PENDIENTE_2A2,SI,G_LAB_OBRA_04_29,SI_CON_MATICES,LAB MINERO DIGITAL,ASIGNADA_2A2,LABORATORIO_ENSAYO_CONTROL_MINERIA,Servicio de laboratorio/ensayo y generación de resultados aplicado explícitamente a minería.,REASIGNADA,NO,2026-08-17
R0064,DOC-04,Original ficha técnica servicios laboratorio en obra para proyectos.pdf,INFRA PÚBLICA RESILIENTE,PRINCIPAL,Servicios de laboratorio en obra,Laboratorio en obra,"Servicio permanente en terreno contando con instalaciones, personal, equipamiento y ensayos de laboratorio en obra",Laboratorio permanente en faena,"todo tipo de infraestructura, tanto pública como privada",Infraestructura pública,DERIVADO: continuidad de proyecto,2,SERVICIOS INTEGRALES,Misma cita p.2. La expresión 'infraestructura... pública' es literal del documento.,OK,Ejemplo de relación muchos-a-muchos con R0063.,MAPA_2A1_ORIGINAL,CORRECTO_Y_VERIFICABLE,APTO_FACTUAL,ACEPTADA,Laboratorio en obra,Laboratorio permanente en faena,Infraestructura pública,"La fuente declara todo tipo de infraestructura, tanto pública como privada.",Mantener la relación factual. No validar todavía la célula.,La aplicación a infraestructura pública es explícita.,NO,,PENDIENTE_2A2,SI,G_LAB_OBRA_04_29,SI_CON_MATICES,INFRA PÚBLICA RESILIENTE,ASIGNADA_2A2,PROYECTO_INFRAESTRUCTURA_PUBLICA,Aplicación/proyecto público o infraestructura pública no perteneciente a Salud ni Metro/EFE.,SIN_CAMBIO,NO,2026-08-17
R0065,DOC-04,Original ficha técnica servicios laboratorio en obra para proyectos.pdf,REQUIERE REVISIÓN,PRINCIPAL,Servicios de laboratorio en obra,Laboratorio en obra,"nos adaptamos a la modalidad de servicio que tu proyecto necesite: visitas, personal permanente en obra, personal y equipos permanentes en obra",Modalidades escalonadas de servicio,NO IDENTIFICADO,NO IDENTIFICADO,DERIVADO: flexibilidad de servicio,1,Flexibilidad y agilidad,Cita literal p.1.,REQUIERE REVISIÓN,,MAPA_2A1_ORIGINAL,CORRECCION_NECESARIA,NO_USAR_NORMALIZACION_ACTUAL,REEMPLAZAR_SEGUN_AUDITORIA,,,,"La fuente enumera visitas, personal permanente en obra y personal y equipos permanentes en obra.","Cambiar 'Modalidades escalonadas de servicio' por 'Modalidades de servicio: visitas, personal permanente y personal + equipos permanentes en obra'.",La palabra 'escalonadas' no aparece en la fuente e introduce una progresión no declarada.,NO,,PENDIENTE_2A2,NO,G_LAB_OBRA_04_29,SI_CON_MATICES,,SIN_CELULA_PRIORIZADA,FUERA_ALCANCE_O_SIN_APLICACION_SECTORIAL,"Relación válida, pero sin aplicación explícita suficiente a una de las cinco células priorizadas o correspondiente a un ámbito transversal/no priorizado.",FUERA_DE_CELULAS_PRIORIZADAS,NO,2026-08-17
R0066,DOC-04,Original ficha técnica servicios laboratorio en obra para proyectos.pdf,LAB MINERO DIGITAL,REQUIERE REVISIÓN,Servicios de laboratorio en obra,Laboratorio en obra,Seguimiento en línea de los resultados de ensayos,Seguimiento digital de resultados de ensayo,proyectos mineros,Proyectos mineros,DERIVADO: digitalización,1,Eficiencia,Cita literal p.1: 'Seguimiento en línea de los resultados de ensayos'. La p.2 incluye capturas de un panel web con gráficos y de una interfaz móvil. Combinación de laboratorio + minería + soporte digital.,REQUIERE REVISIÓN,Es la combinación más cercana al nombre LAB MINERO DIGITAL en el corpus; requiere validar la definición de la célula.,MAPA_2A1_ORIGINAL,CORRECTO_Y_VERIFICABLE,APTO_FACTUAL,ACEPTADA,Laboratorio en obra,Seguimiento digital de resultados de ensayo,Proyectos mineros,La fuente declara seguimiento en línea de resultados de ensayos; la p.2 declara proyectos mineros.,Mantener servicio/capacidad/aplicación. Dejar la célula pendiente.,Laboratorio + seguimiento en línea + minería están respaldados documentalmente.,SI,,PENDIENTE_2A2,SI,G_LAB_OBRA_04_29,SI_CON_MATICES,LAB MINERO DIGITAL,ASIGNADA_2A2,LABORATORIO_ENSAYO_CONTROL_MINERIA,Servicio de laboratorio/ensayo y generación de resultados aplicado explícitamente a minería.,SIN_CAMBIO,NO,2026-08-17
R0067,DOC-04,Original ficha técnica servicios laboratorio en obra para proyectos.pdf,REQUIERE REVISIÓN,COMPLEMENTARIA,Servicios de laboratorio en obra,Laboratorio en obra,Somos una institución certificada ISO17025 e ISO9001 en sistemas de gestión de calidad,Acreditación ISO 17025 e ISO 9001,NO IDENTIFICADO,NO IDENTIFICADO,DERIVADO: cumplimiento normativo,1,Confiabilidad,Cita literal p.1.,OK,"DOC-08 declara solo ISO 9001; este documento declara además ISO 17025. Alcances distintos, no contradictorios.",MAPA_2A1_ORIGINAL,CORRECCION_NECESARIA,NO_USAR_NORMALIZACION_ACTUAL,REEMPLAZAR_SEGUN_AUDITORIA,,,,La fuente dice 'Somos una institución certificada ISO17025 e ISO9001 en sistemas de gestión de calidad'.,Reemplazar 'Acreditación ISO 17025 e ISO 9001' por una normalización que conserve 'certificación/certificada'.,"La normalización cambia 'certificada' por 'acreditación', términos que la fuente no equipara.",NO,,PENDIENTE_2A2,NO,G_LAB_OBRA_04_29,SI_CON_MATICES,,SIN_CELULA_PRIORIZADA,FUERA_ALCANCE_O_SIN_APLICACION_SECTORIAL,"Relación válida, pero sin aplicación explícita suficiente a una de las cinco células priorizadas o correspondiente a un ámbito transversal/no priorizado.",FUERA_DE_CELULAS_PRIORIZADAS,NO,2026-08-17
R0068,DOC-04,Original ficha técnica servicios laboratorio en obra para proyectos.pdf,INFRA OPERACIÓN MINERA,COMPLEMENTARIA,Estándar HSEC (Health Safety Environment and Community),Estándar HSEC,Amplia experiencia en gestión de medio ambiente y comunidades en proyectos con altas exigencias,Gestión ambiental y comunitaria en faena,proyectos con altas exigencias,Proyectos de alta exigencia,DERIVADO: licencia social,1,Estándar HSEC,Cita literal p.1. HSEC es terminología habitual de la gran minería; el documento no lo restringe a minería.,REQUIERE REVISIÓN,Inferencia de célula basada en el uso sectorial del acrónimo HSEC.,MAPA_2A1_ORIGINAL,CORRECCION_NECESARIA,NO_USAR_NORMALIZACION_ACTUAL,REEMPLAZAR_SEGUN_AUDITORIA,,,,La fuente declara Estándar HSEC y experiencia en gestión de medio ambiente y comunidades en proyectos con altas exigencias.,Mantener HSEC como capacidad/atributo de Laboratorio en obra; quitar 'en faena' de la normalización salvo fuente específica.,La fuente no restringe esta capacidad a minería ni usa 'en faena' en esa frase.,SI,,PENDIENTE_2A2,NO,G_LAB_OBRA_04_29,SI_CON_MATICES,,SIN_CELULA_PRIORIZADA,FUERA_ALCANCE_O_SIN_APLICACION_SECTORIAL,"Relación válida, pero sin aplicación explícita suficiente a una de las cinco células priorizadas o correspondiente a un ámbito transversal/no priorizado.",FUERA_DE_CELULAS_PRIORIZADAS,NO,2026-08-17
R0069,DOC-04,Original ficha técnica servicios laboratorio en obra para proyectos.pdf,INFRA OPERACIÓN MINERA,COMPLEMENTARIA,Servicios de laboratorio en obra,Laboratorio en obra,Llegamos a zonas aisladas con accesos complejos,Cobertura en zonas aisladas,zonas aisladas con accesos complejos,Faenas remotas,DERIVADO: cobertura territorial,2,SERVICIOS INTEGRALES,Cita literal p.2. La fotografía de portada p.1 muestra operación en camino nevado.,REQUIERE REVISIÓN,'Zonas aisladas' no se atribuye a un sector específico en el texto.,MAPA_2A1_ORIGINAL,CORRECCION_NECESARIA,NO_USAR_NORMALIZACION_ACTUAL,REEMPLAZAR_SEGUN_AUDITORIA,,,,La fuente dice 'Llegamos a zonas aisladas con accesos complejos'.,Cambiar 'Faenas remotas' por 'Zonas aisladas / accesos complejos'.,'Faenas remotas' agrega un contexto sectorial no declarado.,NO,,PENDIENTE_2A2,NO,G_LAB_OBRA_04_29,SI_CON_MATICES,,SIN_CELULA_PRIORIZADA,FUERA_ALCANCE_O_SIN_APLICACION_SECTORIAL,"Relación válida, pero sin aplicación explícita suficiente a una de las cinco células priorizadas o correspondiente a un ámbito transversal/no priorizado.",FUERA_DE_CELULAS_PRIORIZADAS,NO,2026-08-17
R0070,DOC-04,Original ficha técnica servicios laboratorio en obra para proyectos.pdf,REQUIERE REVISIÓN,COMPLEMENTARIA,Acceso expedito a todos los servicios de Idiem en tu proyecto,Puerta de entrada a servicios IDIEM,"asesorías y estudios técnicos expertos para problemáticas específicas, inspecciones, ensayos especiales y certificación de materiales",Acceso integrado al portafolio,NO IDENTIFICADO,NO IDENTIFICADO,DERIVADO: venta cruzada,2,SERVICIOS INTEGRALES,Cita literal p.2.,REQUIERE REVISIÓN,El laboratorio en obra opera como canal de acceso al resto del portafolio.,MAPA_2A1_ORIGINAL,CORRECCION_NECESARIA,NO_USAR_NORMALIZACION_ACTUAL,REEMPLAZAR_SEGUN_AUDITORIA,,,,"La fuente declara acceso expedito a asesorías, estudios técnicos, inspecciones, ensayos especiales y certificación de materiales.",Tratarlo como capacidad del servicio Laboratorio en obra; no como servicio autónomo. Mantener 'venta cruzada' solo como tema derivado.,La jerarquía actual confunde una capacidad de integración con un servicio.,NO,,PENDIENTE_2A2,NO,G_LAB_OBRA_04_29,SI_CON_MATICES,,SIN_CELULA_PRIORIZADA,FUERA_ALCANCE_O_SIN_APLICACION_SECTORIAL,"Relación válida, pero sin aplicación explícita suficiente a una de las cinco células priorizadas o correspondiente a un ámbito transversal/no priorizado.",FUERA_DE_CELULAS_PRIORIZADAS,NO,2026-08-17
R0071,DOC-06,OR IMP Ficha 08 Aceros - Certificación de Aceros.pdf,REQUIERE REVISIÓN,PRINCIPAL,Certificación acero según NCh 203,Certificación de acero estructural NCh203,control de calidad del acero usado en estructuras de acuerdo con lo establecido en la NCh203,Control de calidad de acero bajo NCh203,acero de uso estructural,Acero estructural,DERIVADO: cumplimiento normativo,1,CONTROLAMOS LA CALIDAD DEL ACERO DE USO ESTRUCTURAL,Cita literal p.1: 'Realizamos control de calidad del acero: Usado en estructuras de acuerdo con lo establecido en la NCh203'.,REQUIERE REVISIÓN,Servicio transversal a todas las células; el documento no declara sector de destino.,MAPA_2A1_ORIGINAL,CORRECTO_CON_MATIZ,APTO_CON_MATIZ,ACEPTADA_CON_MATIZ,Certificación de acero estructural NCh203,Control de calidad de acero bajo NCh203,Acero estructural,"La fuente presenta 'Certificación acero según NCh 203', declara control de calidad de acero usado en estructuras de acuerdo con NCh203 y certificación conforme a norma y reglamento de construcción.",Mantener el servicio y la relación con acero estructural. Conservar NCh203 como referencia de la fuente y verificar su vigencia/versión antes de reutilización normativa pública.,"La relación representa fielmente el brochure, pero esta auditoría no verifica externamente la vigencia actual de la norma.",SI,,PENDIENTE_2A2,NO,,SI,,SIN_CELULA_PRIORIZADA,FUERA_ALCANCE_O_SIN_APLICACION_SECTORIAL,"Relación válida, pero sin aplicación explícita suficiente a una de las cinco células priorizadas o correspondiente a un ámbito transversal/no priorizado.",FUERA_DE_CELULAS_PRIORIZADAS,NO,2026-08-17
R0072,DOC-06,OR IMP Ficha 08 Aceros - Certificación de Aceros.pdf,REQUIERE REVISIÓN,PRINCIPAL,Certificación acero según NCh 203,Certificación de acero estructural NCh203,la toma de muestra se ejecute por parte del laboratorio oficial... contamos con un cuerpo de inspectores capacitados,Toma de muestra por laboratorio oficial,tanto en Chile como en el extranjero,Proyectos nacionales y en el extranjero,DERIVADO: cumplimiento normativo,2,Certificación acero según NCh 203,"Cita literal p.2: 'Para su cumplimiento, es obligatorio que la toma de muestra se ejecute por parte del laboratorio oficial'.",OK,El carácter obligatorio de la toma de muestra oficial es un dato normativo relevante afirmado por el documento.,MAPA_2A1_ORIGINAL,CORRECTO_CON_MATIZ,APTO_CON_MATIZ,ACEPTADA_CON_MATIZ,Certificación de acero estructural NCh203,Toma de muestra por laboratorio oficial,Proyectos nacionales y en el extranjero,La fuente afirma que para el cumplimiento es obligatorio que la toma de muestra sea ejecutada por el laboratorio oficial y declara inspectores capacitados para realizarla en Chile y en el extranjero.,Mantener la capacidad de toma de muestra por laboratorio oficial y la cobertura Chile/extranjero. Marcar el carácter 'obligatorio' para validación normativa vigente antes de publicación.,"El brochure respalda la afirmación, pero no se está verificando externamente su vigencia jurídica/normativa.",SI,,PENDIENTE_2A2,NO,,SI,,SIN_CELULA_PRIORIZADA,FUERA_ALCANCE_O_SIN_APLICACION_SECTORIAL,"Relación válida, pero sin aplicación explícita suficiente a una de las cinco células priorizadas o correspondiente a un ámbito transversal/no priorizado.",FUERA_DE_CELULAS_PRIORIZADAS,NO,2026-08-17
R0073,DOC-06,OR IMP Ficha 08 Aceros - Certificación de Aceros.pdf,REQUIERE REVISIÓN,COMPLEMENTARIA,Certificación acero según NCh 203,Certificación de acero estructural NCh203,"Acreditación NCh203 desde hace 15 años, siendo laboratorio oficial desde el año 2006",Antigüedad de acreditación,NO IDENTIFICADO,NO IDENTIFICADO,DERIVADO: autoridad técnica,2,Contamos con,Cita literal p.2.,REQUIERE REVISIÓN,"'desde hace 15 años' + 'desde el año 2006' implica documento fechado hacia 2021, pero el logo declara '125 años' (IDIEM 1898 → 2023). Señales de fecha discordantes: ver 04_revision_manual.",MAPA_2A1_ORIGINAL,REQUIERE_VALIDACION_HUMANA,NO_USAR_HASTA_VALIDACION,PENDIENTE_VALIDACION_HUMANA,,,,"La fuente declara 'Acreditación desde hace 15 años para certificar acero según NCh203' y 'Acreditación NCh203 desde hace 15 años, siendo laboratorio oficial desde el año 2006'. No entrega fecha de emisión.","Conservar la acreditación y condición de laboratorio oficial como claims de fuente, pero no convertir 'desde hace 15 años' en antigüedad vigente ni en una fecha de documento.",La expresión relativa no puede fecharse con precisión desde el propio PDF y puede haber quedado desactualizada.,SI,,PENDIENTE_2A2,NO,,SI,,SIN_CELULA_PRIORIZADA,FUERA_ALCANCE_O_SIN_APLICACION_SECTORIAL,"Relación válida, pero sin aplicación explícita suficiente a una de las cinco células priorizadas o correspondiente a un ámbito transversal/no priorizado.",FUERA_DE_CELULAS_PRIORIZADAS,NO,2026-08-17
R0074,DOC-06,OR IMP Ficha 08 Aceros - Certificación de Aceros.pdf,REQUIERE REVISIÓN,COMPLEMENTARIA,Certificación acero según NCh 203,Certificación de acero estructural NCh203,Equipos únicos en Sudamérica para controlar el acero,Equipamiento singular declarado,NO IDENTIFICADO,NO IDENTIFICADO,DERIVADO: diferenciación técnica,1,Contamos con,Cita literal p.1.,REQUIERE REVISIÓN,Afirmación superlativa sin fuente ni referencia verificable en el documento. No usar como dato duro.,MAPA_2A1_ORIGINAL,REQUIERE_VALIDACION_HUMANA,NO_USAR_HASTA_VALIDACION,PENDIENTE_VALIDACION_HUMANA,,,,La fuente afirma 'Equipos únicos en Sudamérica para controlar el acero'.,Mantener el texto solo como claim de diferenciación pendiente de validación técnica; no tratarlo como capacidad factual verificada.,Es un superlativo/exclusividad geográfica sin respaldo o identificación de equipos dentro del brochure.,SI,,PENDIENTE_2A2,NO,,SI,,SIN_CELULA_PRIORIZADA,FUERA_ALCANCE_O_SIN_APLICACION_SECTORIAL,"Relación válida, pero sin aplicación explícita suficiente a una de las cinco células priorizadas o correspondiente a un ámbito transversal/no priorizado.",FUERA_DE_CELULAS_PRIORIZADAS,NO,2026-08-17
R0075,DOC-06,OR IMP Ficha 08 Aceros - Certificación de Aceros.pdf,REQUIERE REVISIÓN,COMPLEMENTARIA,Plataforma digital para nuestros clientes,Plataforma digital de clientes,NO IDENTIFICADO,NO IDENTIFICADO,NO IDENTIFICADO,NO IDENTIFICADO,DERIVADO: digitalización,1,Contamos con,Cita literal p.1 (viñeta): 'Plataforma digital para nuestros clientes'. El documento no describe funcionalidades.,REQUIERE REVISIÓN,Mención sin desarrollo: insuficiente como fuente principal sobre capacidades digitales.,MAPA_2A1_ORIGINAL,CORRECTO_CON_MATIZ,APTO_CON_MATIZ,ACEPTADA_CON_MATIZ,Plataforma digital de clientes,NO IDENTIFICADO,NO IDENTIFICADO,"La fuente contiene literalmente 'Plataforma digital para nuestros clientes', sin describir funcionalidades.","Conservar la existencia de una plataforma digital como mención. No atribuirle funcionalidades de DOC-04, DOC-09, DOC-10 o DOC-26 ni asumir que es la misma plataforma.","La mención es verificable, pero su alcance técnico es indeterminado.",SI,,PENDIENTE_2A2,NO,,SI,,SIN_CELULA_PRIORIZADA,FUERA_ALCANCE_O_SIN_APLICACION_SECTORIAL,"Relación válida, pero sin aplicación explícita suficiente a una de las cinco células priorizadas o correspondiente a un ámbito transversal/no priorizado.",FUERA_DE_CELULAS_PRIORIZADAS,NO,2026-08-17
R0076,DOC-06,OR IMP Ficha 08 Aceros - Certificación de Aceros.pdf,INFRA OPERACIÓN MINERA,MENCIÓN,Certificación acero según NCh 203,Certificación de acero estructural NCh203,NO IDENTIFICADO,NO IDENTIFICADO,TNT SPENCE RIPIOS REPROCESSING,Proyecto minero,DERIVADO: caso de aplicación,1,Fotografía de portada,"Texto visible en el rótulo fotografiado en p.1: 'VẬT TƯ DỰ ÁN / Project materials / TNT / SPENCE RIPIOS REPROCESSING'. Aparece en una imagen, no en el cuerpo editorial.",REQUIERE REVISIÓN,Evidencia únicamente fotográfica. No confirma que IDIEM prestara el servicio en ese proyecto. Ver 04_revision_manual (RELACION_NO_CONFIRMADA).,MAPA_2A1_ORIGINAL,RELACION_NO_CONFIRMADA,NO_USAR_COMO_EVIDENCIA,DESCARTADA_COMO_EVIDENCIA_FACTUAL,,,,"La fotografía de portada incluye un rótulo con 'SPENCE RIPIOS REPROCESSING', pero el cuerpo editorial no identifica ese proyecto ni declara que IDIEM haya prestado el servicio allí.",Retirar la fotografía como evidencia factual de caso minero. Mantenerla solo como recurso visual sin atribución de proyecto.,"Un texto visible dentro de una fotografía no confirma cliente, contrato ni servicio prestado.",SI,,PENDIENTE_2A2,NO,,SI,,NO_USAR_COMO_EVIDENCIA,EXCLUSION_2A1B,Relación descartada en 2A.1B como evidencia factual; se conserva solo por trazabilidad.,EXCLUIDA_COMO_EVIDENCIA,NO,2026-08-17
R0077,DOC-07,OR Ficha 10 Minería copia.pdf,INFRA OPERACIÓN MINERA,PRINCIPAL,Servicios a operación minera,Servicios a operación minera,Monitoreo de estructuras y/o equipos,Monitoreo estructural,los activos críticos de tu operación minera,Activos críticos mineros,DERIVADO: continuidad operacional,1,Servicios a operación minera,Cita literal p.1 (viñeta): 'Monitoreo de estructuras y/o equipos'. Titular p.1: 'TE AYUDAMOS A RESGUARDAR LOS ACTIVOS CRÍTICOS DE TU OPERACIÓN MINERA'.,OK,Este es el caso ejemplo de normalización indicado en el encargo. La propuesta 'Monitoreo estructural' pierde el componente 'equipos'; ver 04_revision_manual.,MAPA_2A1_ORIGINAL,CORRECCION_NECESARIA,NO_USAR_NORMALIZACION_ACTUAL,REEMPLAZAR_SEGUN_AUDITORIA,,,,La fuente declara literalmente 'Monitoreo de estructuras y/o equipos' dentro de Servicios a operación minera.,"Cambiar la normalización 'Monitoreo estructural' por 'Monitoreo de estructuras y equipos', o mantener separados los componentes estructura/equipos hasta resolver la taxonomía.",La normalización actual elimina el componente 'equipos' explícito en la fuente.,SI,,PENDIENTE_2A2,NO,G_OP_MINERA_07_28,SI_CON_MATICES,INFRA OPERACIÓN MINERA,ASIGNADA_2A2,INTEGRIDAD_INGENIERIA_CONTINUIDAD_MINERIA,"Servicio de integridad, monitoreo, ingeniería, diagnóstico, confiabilidad, continuidad o soporte técnico de activos/operación minera.",SIN_CAMBIO,NO,2026-08-17
R0078,DOC-07,OR Ficha 10 Minería copia.pdf,INFRA OPERACIÓN MINERA,PRINCIPAL,Servicios a operación minera,Servicios a operación minera,Salud estructural,Monitoreo de salud estructural,activos críticos de operación minera,Activos críticos mineros,DERIVADO: continuidad operacional,1,Servicios a operación minera,"Cita literal p.1 (viñeta): 'Salud estructural'. Ampliado en p.2: 'Monitoreo preventivo de activos críticos (instrumentación, vibraciones) y salud estructural'.",OK,Sinónimo probable de 'Monitoreo de Salud Estructural (Structural Health Monitoring)' en DOC-01 p.9. No fusionado.,MAPA_2A1_ORIGINAL,CORRECTO_CON_MATIZ,APTO_CON_MATIZ,ACEPTADA_CON_MATIZ,Servicios a operación minera,Monitoreo de salud estructural,Activos críticos mineros,"La fuente usa 'Salud estructural' en p.1 y en p.2 la menciona junto a 'Monitoreo preventivo de activos críticos (instrumentación, vibraciones)'.","Mantener la evidencia. Tratar 'Monitoreo de salud estructural' como normalización provisional, no como equivalencia ya validada.",DOC-07 no usa literalmente 'Monitoreo de salud estructural'; esa formulación aparece en DOC-19/DOC-27.,SI,,PENDIENTE_2A2,NO,G_OP_MINERA_07_28,SI_CON_MATICES,INFRA OPERACIÓN MINERA,ASIGNADA_2A2,INTEGRIDAD_INGENIERIA_CONTINUIDAD_MINERIA,"Servicio de integridad, monitoreo, ingeniería, diagnóstico, confiabilidad, continuidad o soporte técnico de activos/operación minera.",SIN_CAMBIO,NO,2026-08-17
R0079,DOC-07,OR Ficha 10 Minería copia.pdf,INFRA OPERACIÓN MINERA,PRINCIPAL,Servicios a operación minera,Servicios a operación minera,Peritajes de fallas: Estructuras y mecánicos; Peritajes de incendios,Peritaje de fallas estructurales y mecánicas,elementos mecánicos,Equipos y elementos mecánicos,DERIVADO: confiabilidad,1,Servicios a operación minera,Cita literal p.1 (viñetas). Ampliado p.2: 'Inspección de estructuras de acero y peritajes de falla en elementos mecánicos'.,OK,,MAPA_2A1_ORIGINAL,CORRECCION_NECESARIA,NO_USAR_NORMALIZACION_ACTUAL,REEMPLAZAR_SEGUN_AUDITORIA,,,,"La fuente declara 'Peritajes de fallas: Estructuras y mecánicos' y, por separado, 'Peritajes de incendios'; p.2 menciona además peritajes de falla en elementos mecánicos.",No reducir la capacidad a 'Peritaje de fallas estructurales y mecánicas'. Conservar también 'Peritajes de incendios' como capacidad separada o explícita.,La normalización actual omite una prestación declarada.,NO,,PENDIENTE_2A2,NO,G_OP_MINERA_07_28,SI_CON_MATICES,INFRA OPERACIÓN MINERA,ASIGNADA_2A2,INTEGRIDAD_INGENIERIA_CONTINUIDAD_MINERIA,"Servicio de integridad, monitoreo, ingeniería, diagnóstico, confiabilidad, continuidad o soporte técnico de activos/operación minera.",SIN_CAMBIO,NO,2026-08-17
R0080,DOC-07,OR Ficha 10 Minería copia.pdf,INFRA OPERACIÓN MINERA,PRINCIPAL,Servicios a operación minera,Servicios a operación minera,"Revisión integral de proyectos complejos de rehabilitación (preventivos y correctivos): Levantamiento de condición existente (geometría, materialidad, estado); Soporte directo de nuestros laboratorios; Diagnóstico y desarrollo de alternativas de solución; Ingeniería de rehabilitación",Ingeniería de rehabilitación,infraestructura física de las instalaciones,Instalaciones mineras,DERIVADO: gestión de activos,2,Revisión integral de proyectos complejos de rehabilitación,Cita literal p.2 con las cuatro viñetas del bloque.,OK,,MAPA_2A1_ORIGINAL,CORRECCION_NECESARIA,NO_USAR_NORMALIZACION_ACTUAL,REEMPLAZAR_SEGUN_AUDITORIA,,,,"La fuente desarrolla una revisión integral de proyectos complejos de rehabilitación con levantamiento, soporte de laboratorios, diagnóstico/alternativas e ingeniería de rehabilitación.",Normalizar el bloque como 'Revisión integral de proyectos de rehabilitación' o equivalente; dejar 'Ingeniería de rehabilitación' como una de sus capacidades.,La normalización actual reduce un proceso de cuatro componentes a solo uno de ellos.,NO,,PENDIENTE_2A2,NO,G_OP_MINERA_07_28,SI_CON_MATICES,INFRA OPERACIÓN MINERA,ASIGNADA_2A2,INTEGRIDAD_INGENIERIA_CONTINUIDAD_MINERIA,"Servicio de integridad, monitoreo, ingeniería, diagnóstico, confiabilidad, continuidad o soporte técnico de activos/operación minera.",SIN_CAMBIO,NO,2026-08-17
R0081,DOC-07,OR Ficha 10 Minería copia.pdf,LAB MINERO DIGITAL,REQUIERE REVISIÓN,Servicios a operación minera,Servicios a operación minera,Modelamiento digital de estructuras,Modelamiento digital de estructuras,infraestructura física de las instalaciones mineras,Instalaciones mineras,DERIVADO: digitalización de activos mineros,2,Servicios,Cita literal p.2 (viñeta): 'Modelamiento digital de estructuras'. Encabezado del documento: 'Servicios a operación minera'. La p.2 incluye fotografía de dron sobrevolando un estanque.,REQUIERE REVISIÓN,Combinación explícita de minería + digital: la mejor candidata del corpus para LAB MINERO DIGITAL. Sigue pendiente la definición de la célula.,MAPA_2A1_ORIGINAL,CORRECTO_Y_VERIFICABLE,APTO_FACTUAL,ACEPTADA,Servicios a operación minera,Modelamiento digital de estructuras,Instalaciones mineras,La fuente enumera literalmente 'Modelamiento digital de estructuras' dentro de Servicios a operación minera.,Mantener servicio/capacidad y aplicación minera. Dejar la célula LAB MINERO DIGITAL pendiente.,La capacidad digital y el contexto minero están respaldados por el propio documento.,SI,,PENDIENTE_2A2,SI,G_OP_MINERA_07_28,SI_CON_MATICES,INFRA OPERACIÓN MINERA,ASIGNADA_2A2,INTEGRIDAD_INGENIERIA_CONTINUIDAD_MINERIA,"Servicio de integridad, monitoreo, ingeniería, diagnóstico, confiabilidad, continuidad o soporte técnico de activos/operación minera.",REASIGNADA,NO,2026-08-17
R0082,DOC-07,OR Ficha 10 Minería copia.pdf,INFRA OPERACIÓN MINERA,PRINCIPAL,Servicios a operación minera,Servicios a operación minera,Modelamiento preventivo,Modelamiento preventivo,activos críticos de operación minera,Activos críticos mineros,DERIVADO: mantenimiento predictivo,1,Servicios a operación minera,Cita literal p.1 (viñeta): 'Modelamiento preventivo'. El documento no define en qué consiste.,REQUIERE REVISIÓN,Término sin desarrollo. Posible sinónimo de 'Modelamiento digital de estructuras' (p.2) o del 'Modelo Predictivo' de DOC-01 p.14. No fusionado.,MAPA_2A1_ORIGINAL,REQUIERE_VALIDACION_HUMANA,NO_USAR_HASTA_VALIDACION,PENDIENTE_VALIDACION_HUMANA,,,,"La fuente contiene la viñeta 'Modelamiento preventivo' pero no define qué significa ni describe metodología, entregable o alcance.","Conservar el término literal como servicio/capacidad ambigua, sin fusionarlo con modelamiento digital, predictivo o mantenimiento predictivo.",El corpus no permite determinar qué designa el término.,SI,,PENDIENTE_2A2,NO,G_OP_MINERA_07_28,SI_CON_MATICES,INFRA OPERACIÓN MINERA,ASIGNADA_2A2,INTEGRIDAD_INGENIERIA_CONTINUIDAD_MINERIA,"Servicio de integridad, monitoreo, ingeniería, diagnóstico, confiabilidad, continuidad o soporte técnico de activos/operación minera.",SIN_CAMBIO,NO,2026-08-17
R0083,DOC-07,OR Ficha 10 Minería copia.pdf,INFRA OPERACIÓN MINERA,PRINCIPAL,Servicios a operación minera,Servicios a operación minera,Revisión de cumplimiento normativo: Estructural; Incendios; Especialidades,Revisión de cumplimiento normativo,estándares de seguridad; estándares de control de fatalidad; normas corporativas; y normas o estándares de diseño aplicables,Marcos normativos y corporativos mineros,DERIVADO: cumplimiento normativo,2,TE AYUDAMOS A,"Cita literal p.2: 'Identificar, cuantificar y evaluar las brechas o condiciones sub estándar de acuerdo a: estándares de seguridad; estándares de control de fatalidad; normas corporativas; y normas o estándares de diseño aplicables'.",OK,'Estándares de control de fatalidad' es terminología propia de la gran minería y refuerza la asignación de célula.,MAPA_2A1_ORIGINAL,CORRECTO_Y_VERIFICABLE,APTO_FACTUAL,ACEPTADA,Servicios a operación minera,Revisión de cumplimiento normativo,Marcos normativos y corporativos mineros,"La fuente declara revisión de cumplimiento normativo en ámbitos estructural, incendios y especialidades, y brechas frente a estándares de seguridad, control de fatalidad, normas corporativas y de diseño.",Mantener la relación factual. No modificar la asignación de célula en esta etapa.,Los ámbitos y marcos de referencia están explícitos.,NO,,PENDIENTE_2A2,SI,G_OP_MINERA_07_28,SI_CON_MATICES,INFRA OPERACIÓN MINERA,ASIGNADA_2A2,INTEGRIDAD_INGENIERIA_CONTINUIDAD_MINERIA,"Servicio de integridad, monitoreo, ingeniería, diagnóstico, confiabilidad, continuidad o soporte técnico de activos/operación minera.",SIN_CAMBIO,NO,2026-08-17
R0084,DOC-07,OR Ficha 10 Minería copia.pdf,INFRA OPERACIÓN MINERA,COMPLEMENTARIA,Servicios a operación minera,Servicios a operación minera,Tecnología del hormigón. I+D.,Tecnología del hormigón,instalaciones mineras,Instalaciones mineras,DERIVADO: innovación,2,Servicios,Cita literal p.2 (viñeta): 'Tecnología del hormigón. I+D.'.,OK,"Vincula el servicio de DOC-01 p.5 y DOC-08 con el contexto minero, pero sin desarrollo.",MAPA_2A1_ORIGINAL,CORRECTO_CON_MATIZ,APTO_CON_MATIZ,ACEPTADA_CON_MATIZ,Servicios a operación minera,Tecnología del hormigón,Instalaciones mineras,La fuente enumera 'Tecnología del hormigón. I+D.' dentro del portafolio de Servicios a operación minera.,Mantener como mención/capacidad complementaria; no ampliar su alcance técnico desde este documento.,"La relación con minería es explícita, pero la ficha no desarrolla la prestación.",NO,,PENDIENTE_2A2,NO,G_OP_MINERA_07_28,SI_CON_MATICES,INFRA OPERACIÓN MINERA,ASIGNADA_2A2,INTEGRIDAD_INGENIERIA_CONTINUIDAD_MINERIA,"Servicio de integridad, monitoreo, ingeniería, diagnóstico, confiabilidad, continuidad o soporte técnico de activos/operación minera.",SIN_CAMBIO,NO,2026-08-17
R0085,DOC-07,OR Ficha 10 Minería copia.pdf,INFRA OPERACIÓN MINERA,COMPLEMENTARIA,Servicios a operación minera,Servicios a operación minera,Ingeniería y evaluación de riesgos de incendios,Ingeniería contra incendios,instalaciones mineras,Instalaciones mineras,DERIVADO: seguridad de activos,2,Servicios,Cita literal p.2 (viñeta). En p.1 aparece además 'Peritajes de incendios'.,OK,Aporta el vínculo minería↔incendios que DOC-02 y DOC-12 no declaran.,MAPA_2A1_ORIGINAL,CORRECTO_Y_VERIFICABLE,APTO_FACTUAL,ACEPTADA,Servicios a operación minera,Ingeniería contra incendios,Instalaciones mineras,La fuente enumera 'Ingeniería y evaluación de riesgos de incendios' en p.2 y 'Peritajes de incendios' en p.1 dentro del portafolio minero.,Mantener la relación factual con minería; conservar separados ingeniería/evaluación y peritajes si se requiere granularidad.,El vínculo minería-incendios está explícito.,NO,,PENDIENTE_2A2,SI,G_OP_MINERA_07_28,SI_CON_MATICES,INFRA OPERACIÓN MINERA,ASIGNADA_2A2,INTEGRIDAD_INGENIERIA_CONTINUIDAD_MINERIA,"Servicio de integridad, monitoreo, ingeniería, diagnóstico, confiabilidad, continuidad o soporte técnico de activos/operación minera.",SIN_CAMBIO,NO,2026-08-17
R0086,DOC-07,OR Ficha 10 Minería copia.pdf,LAB MINERO DIGITAL,REQUIERE REVISIÓN,Servicios a operación minera,Servicios a operación minera,Soluciones tecnológicas para el control de productividad,Control digital de productividad,instalaciones mineras,Instalaciones mineras,DERIVADO: digitalización,2,Servicios,Cita literal p.2 (viñeta): 'Soluciones tecnológicas para el control de productividad'.,REQUIERE REVISIÓN,Probable mismo servicio que 'herramienta que permite medir la productividad en terreno' (DOC-01 p.6). No fusionado.,MAPA_2A1_ORIGINAL,CORRECCION_NECESARIA,NO_USAR_NORMALIZACION_ACTUAL,REEMPLAZAR_SEGUN_AUDITORIA,,,,La fuente declara 'Soluciones tecnológicas para el control de productividad'.,Normalizar como 'Soluciones tecnológicas para el control de productividad' o 'Control de productividad con soluciones tecnológicas'; no introducir 'digital' sin fuente.,Tecnológico no equivale necesariamente a digital y el documento no describe la solución.,SI,,PENDIENTE_2A2,NO,G_OP_MINERA_07_28,SI_CON_MATICES,INFRA OPERACIÓN MINERA,ASIGNADA_2A2,INTEGRIDAD_INGENIERIA_CONTINUIDAD_MINERIA,"Servicio de integridad, monitoreo, ingeniería, diagnóstico, confiabilidad, continuidad o soporte técnico de activos/operación minera.",REASIGNADA,NO,2026-08-17
R0087,DOC-07,OR Ficha 10 Minería copia.pdf,INFRA OPERACIÓN MINERA,COMPLEMENTARIA,Servicios a operación minera,Servicios a operación minera,Servicios especializados para la resolución de controversias contractuales,Resolución de controversias contractuales,instalaciones mineras,Instalaciones mineras,DERIVADO: gobernanza de proyecto,2,Servicios,Cita literal p.2 (viñeta).,OK,Vincula minería con el servicio contractual de DOC-01 p.10-11 y DOC-14.,MAPA_2A1_ORIGINAL,CORRECTO_Y_VERIFICABLE,APTO_FACTUAL,ACEPTADA,Servicios a operación minera,Resolución de controversias contractuales,Instalaciones mineras,La fuente enumera 'Servicios especializados para la resolución de controversias contractuales' dentro de Servicios a operación minera.,Mantener como capacidad/servicio complementario en contexto minero.,"La relación está explícita, aunque no se desarrolla.",NO,,PENDIENTE_2A2,SI,G_OP_MINERA_07_28,SI_CON_MATICES,INFRA OPERACIÓN MINERA,ASIGNADA_2A2,INTEGRIDAD_INGENIERIA_CONTINUIDAD_MINERIA,"Servicio de integridad, monitoreo, ingeniería, diagnóstico, confiabilidad, continuidad o soporte técnico de activos/operación minera.",SIN_CAMBIO,NO,2026-08-17
R0088,DOC-07,OR Ficha 10 Minería copia.pdf,INFRA OPERACIÓN MINERA,COMPLEMENTARIA,Servicios a operación minera,Servicios a operación minera,Modelo propagación ruidos,Modelo de propagación de ruido,instalaciones mineras,Instalaciones mineras,DERIVADO: licencia social,2,Servicios,Cita literal p.2 (viñeta): 'Modelo propagación ruidos'.,OK,"Coincide con 'modelo de propagación de niveles de ruido' de DOC-02 p.2, que también declara minería.",MAPA_2A1_ORIGINAL,CORRECTO_CON_MATIZ,APTO_CON_MATIZ,ACEPTADA_CON_MATIZ,Servicios a operación minera,Modelo de propagación de ruido,Instalaciones mineras,La fuente enumera literalmente 'Modelo propagación ruidos' dentro de Servicios a operación minera.,Mantener la capacidad con normalización gramatical 'Modelo de propagación de ruido'; no asumir alcance adicional.,La mención es explícita pero no contiene desarrollo técnico.,NO,,PENDIENTE_2A2,NO,G_OP_MINERA_07_28,SI_CON_MATICES,INFRA OPERACIÓN MINERA,ASIGNADA_2A2,INTEGRIDAD_INGENIERIA_CONTINUIDAD_MINERIA,"Servicio de integridad, monitoreo, ingeniería, diagnóstico, confiabilidad, continuidad o soporte técnico de activos/operación minera.",SIN_CAMBIO,NO,2026-08-17
R0089,DOC-07,OR Ficha 10 Minería copia.pdf,INFRA OPERACIÓN MINERA,PRINCIPAL,Servicios a operación minera,Servicios a operación minera,"Monitoreo preventivo de activos críticos (instrumentación, vibraciones)",Instrumentación y monitoreo de vibraciones,activos críticos,Activos críticos mineros,DERIVADO: mantenimiento predictivo,2,Servicios,Cita literal p.2 (viñeta).,OK,,MAPA_2A1_ORIGINAL,CORRECCION_NECESARIA,NO_USAR_NORMALIZACION_ACTUAL,REEMPLAZAR_SEGUN_AUDITORIA,,,,"La fuente declara 'Monitoreo preventivo de activos críticos (instrumentación, vibraciones) y salud estructural'.",Normalizar conservando 'monitoreo preventivo de activos críticos' y sus medios declarados. No cambiar 'preventivo' por 'predictivo'.,La normalización actual estrecha el enunciado y el tema derivado 'mantenimiento predictivo' es más fuerte que 'preventivo'.,NO,,PENDIENTE_2A2,NO,G_OP_MINERA_07_28,SI_CON_MATICES,INFRA OPERACIÓN MINERA,ASIGNADA_2A2,INTEGRIDAD_INGENIERIA_CONTINUIDAD_MINERIA,"Servicio de integridad, monitoreo, ingeniería, diagnóstico, confiabilidad, continuidad o soporte técnico de activos/operación minera.",SIN_CAMBIO,NO,2026-08-17
R0090,DOC-07,OR Ficha 10 Minería copia.pdf,INFRA OPERACIÓN MINERA,COMPLEMENTARIA,Servicios a operación minera,Servicios a operación minera,Ensayos en la misma institución,Ensayos internalizados,NO IDENTIFICADO,NO IDENTIFICADO,DERIVADO: integralidad,2,Propuesta de valor,Cita literal p.2 (viñeta de la propuesta de valor).,OK,"Argumento comercial, no capacidad técnica.",MAPA_2A1_ORIGINAL,CORRECCION_NECESARIA,NO_USAR_NORMALIZACION_ACTUAL,REEMPLAZAR_SEGUN_AUDITORIA,,,,La frase 'Ensayos en la misma institución' aparece dentro de 'Propuesta de valor'.,Moverla a atributo/diferenciador o tema editorial; no tratarla como capacidad técnica independiente.,La jerarquía actual convierte un argumento de propuesta de valor en capacidad.,NO,,PENDIENTE_2A2,NO,G_OP_MINERA_07_28,SI_CON_MATICES,INFRA OPERACIÓN MINERA,ASIGNADA_2A2,INTEGRIDAD_INGENIERIA_CONTINUIDAD_MINERIA,"Servicio de integridad, monitoreo, ingeniería, diagnóstico, confiabilidad, continuidad o soporte técnico de activos/operación minera.",SIN_CAMBIO,NO,2026-08-17
R0091,DOC-09,OR Ficha 14 Control Calidad Hormigón copia.pdf,REQUIERE REVISIÓN,PRINCIPAL,Confiabilidad en Control de Calidad del Hormigón,Control de calidad del hormigón,Muestreo de hormigón fresco con control de parámetros de docilidad y temperatura,Muestreo de hormigón fresco,NO IDENTIFICADO,NO IDENTIFICADO,DERIVADO: confiabilidad de materiales,1,Ofrecemos un servicio completo de hormigón,Cita literal p.1 (viñeta).,REQUIERE REVISIÓN,Servicio transversal sin sector declarado.,MAPA_2A1_ORIGINAL,CORRECTO_Y_VERIFICABLE,APTO_FACTUAL,ACEPTADA,Control de calidad del hormigón,Muestreo de hormigón fresco,NO IDENTIFICADO,La fuente declara muestreo de hormigón fresco con control de docilidad y temperatura.,Mantener la relación.,La prestación está explícita.,NO,,PENDIENTE_2A2,SI,G_HORMIGON_09_26,NO_PARA_CONTENIDO,,SIN_CELULA_PRIORIZADA,FUERA_ALCANCE_O_SIN_APLICACION_SECTORIAL,"Relación válida, pero sin aplicación explícita suficiente a una de las cinco células priorizadas o correspondiente a un ámbito transversal/no priorizado.",FUERA_DE_CELULAS_PRIORIZADAS,NO,2026-08-17
R0092,DOC-09,OR Ficha 14 Control Calidad Hormigón copia.pdf,REQUIERE REVISIÓN,PRINCIPAL,Confiabilidad en Control de Calidad del Hormigón,Control de calidad del hormigón,Determinación de resistencia mecánica del hormigón endurecido,Ensayo de resistencia mecánica,NO IDENTIFICADO,NO IDENTIFICADO,DERIVADO: confiabilidad de materiales,1,Ofrecemos un servicio completo de hormigón,Cita literal p.1 (viñeta).,REQUIERE REVISIÓN,,MAPA_2A1_ORIGINAL,CORRECTO_Y_VERIFICABLE,APTO_FACTUAL,ACEPTADA,Control de calidad del hormigón,Ensayo de resistencia mecánica,NO IDENTIFICADO,La fuente declara determinación de resistencia mecánica del hormigón endurecido.,Mantener la relación.,La prestación está explícita.,NO,,PENDIENTE_2A2,SI,G_HORMIGON_09_26,NO_PARA_CONTENIDO,,SIN_CELULA_PRIORIZADA,FUERA_ALCANCE_O_SIN_APLICACION_SECTORIAL,"Relación válida, pero sin aplicación explícita suficiente a una de las cinco células priorizadas o correspondiente a un ámbito transversal/no priorizado.",FUERA_DE_CELULAS_PRIORIZADAS,NO,2026-08-17
R0093,DOC-09,OR Ficha 14 Control Calidad Hormigón copia.pdf,REQUIERE REVISIÓN,PRINCIPAL,Confiabilidad en Control de Calidad del Hormigón,Control de calidad del hormigón,Curvas de calibración para estimación de resistencia por método de madurez,Método de madurez,NO IDENTIFICADO,NO IDENTIFICADO,DERIVADO: productividad,1,Ofrecemos un servicio completo de hormigón,Cita literal p.1 (viñeta).,REQUIERE REVISIÓN,Mismo método descrito en DOC-01 p.6 con redacción distinta; no fusionado.,MAPA_2A1_ORIGINAL,CORRECTO_Y_VERIFICABLE,APTO_FACTUAL,ACEPTADA,Control de calidad del hormigón,Método de madurez,NO IDENTIFICADO,La fuente declara curvas de calibración para estimación de resistencia por método de madurez.,Mantener la relación sin fusionarla todavía con formulaciones de DOC-01.,La capacidad está explícita.,NO,,PENDIENTE_2A2,SI,G_HORMIGON_09_26,NO_PARA_CONTENIDO,,SIN_CELULA_PRIORIZADA,FUERA_ALCANCE_O_SIN_APLICACION_SECTORIAL,"Relación válida, pero sin aplicación explícita suficiente a una de las cinco células priorizadas o correspondiente a un ámbito transversal/no priorizado.",FUERA_DE_CELULAS_PRIORIZADAS,NO,2026-08-17
R0094,DOC-09,OR Ficha 14 Control Calidad Hormigón copia.pdf,REQUIERE REVISIÓN,PRINCIPAL,Confiabilidad en Control de Calidad del Hormigón,Control de calidad del hormigón,"Determinación de densidad, rendimiento y uniformidad del hormigón fresco",Ensayos sobre hormigón fresco,NO IDENTIFICADO,NO IDENTIFICADO,DERIVADO: confiabilidad de materiales,1,Ofrecemos un servicio completo de hormigón,Cita literal p.1 (viñeta).,REQUIERE REVISIÓN,,MAPA_2A1_ORIGINAL,CORRECTO_Y_VERIFICABLE,APTO_FACTUAL,ACEPTADA,Control de calidad del hormigón,Ensayos sobre hormigón fresco,NO IDENTIFICADO,"La fuente declara determinación de densidad, rendimiento y uniformidad del hormigón fresco.",Mantener la relación.,La capacidad está explícita.,NO,,PENDIENTE_2A2,SI,G_HORMIGON_09_26,NO_PARA_CONTENIDO,,SIN_CELULA_PRIORIZADA,FUERA_ALCANCE_O_SIN_APLICACION_SECTORIAL,"Relación válida, pero sin aplicación explícita suficiente a una de las cinco células priorizadas o correspondiente a un ámbito transversal/no priorizado.",FUERA_DE_CELULAS_PRIORIZADAS,NO,2026-08-17
R0095,DOC-09,OR Ficha 14 Control Calidad Hormigón copia.pdf,REQUIERE REVISIÓN,PRINCIPAL,Confiabilidad en Control de Calidad del Hormigón,Control de calidad del hormigón,Servicios y ensayos especiales adicionales en obras y plantas productoras de hormigón premezclado,Ensayos en planta de premezclado,obras y plantas productoras de hormigón premezclado,Plantas de hormigón premezclado,DERIVADO: cadena de suministro,1,Ofrecemos un servicio completo de hormigón,Cita literal p.1 (viñeta). Ampliado p.2: 'Controlamos la calidad del hormigón de las principales empresas de hormigón premezclado a lo largo de todo el país'.,OK,,MAPA_2A1_ORIGINAL,CORRECCION_NECESARIA,NO_USAR_NORMALIZACION_ACTUAL,REEMPLAZAR_SEGUN_AUDITORIA,,,,La fuente declara 'Servicios y ensayos especiales adicionales en obras y plantas productoras de hormigón premezclado'.,Cambiar la normalización a 'Servicios y ensayos especiales en obras y plantas productoras de hormigón premezclado'.,La normalización actual 'Ensayos en planta de premezclado' omite explícitamente las obras.,NO,,PENDIENTE_2A2,NO,G_HORMIGON_09_26,NO_PARA_CONTENIDO,,SIN_CELULA_PRIORIZADA,FUERA_ALCANCE_O_SIN_APLICACION_SECTORIAL,"Relación válida, pero sin aplicación explícita suficiente a una de las cinco células priorizadas o correspondiente a un ámbito transversal/no priorizado.",FUERA_DE_CELULAS_PRIORIZADAS,NO,2026-08-17
R0096,DOC-09,OR Ficha 14 Control Calidad Hormigón copia.pdf,REQUIERE REVISIÓN,PRINCIPAL,Confiabilidad en Control de Calidad del Hormigón,Control de calidad del hormigón,Innovadora plataforma digital para información de muestreo y resultados de ensayos en línea,Plataforma digital de resultados en línea,NO IDENTIFICADO,NO IDENTIFICADO,DERIVADO: digitalización,2,Nos destacamos por,Cita literal p.2 (viñeta). La p.2 muestra captura de aplicación móvil y un gráfico 'DIFERENCIA DE RESISTENCIAS fi vs fc'.,REQUIERE REVISIÓN,Candidata a LAB MINERO DIGITAL solo si esa célula cubre digitalización no minera.,MAPA_2A1_ORIGINAL,CORRECTO_Y_VERIFICABLE,APTO_FACTUAL,ACEPTADA,Control de calidad del hormigón,Plataforma digital de resultados en línea,NO IDENTIFICADO,La fuente declara una plataforma digital para información de muestreo y resultados de ensayos en línea.,Mantener la capacidad digital. No asignar LAB MINERO DIGITAL ni otras funcionalidades no declaradas.,La funcionalidad está explícita.,NO,,PENDIENTE_2A2,SI,G_HORMIGON_09_26,NO_PARA_CONTENIDO,,SIN_CELULA_PRIORIZADA,FUERA_ALCANCE_O_SIN_APLICACION_SECTORIAL,"Relación válida, pero sin aplicación explícita suficiente a una de las cinco células priorizadas o correspondiente a un ámbito transversal/no priorizado.",FUERA_DE_CELULAS_PRIORIZADAS,NO,2026-08-17
R0097,DOC-09,OR Ficha 14 Control Calidad Hormigón copia.pdf,REQUIERE REVISIÓN,PRINCIPAL,Confiabilidad en Control de Calidad del Hormigón,Control de calidad del hormigón,Aplicación para visualización y proyección del desempeño del hormigón,Aplicación de proyección de desempeño,NO IDENTIFICADO,NO IDENTIFICADO,DERIVADO: analítica predictiva,2,Nos destacamos por,Cita literal p.2 (viñeta). El gráfico p.2 distingue series 'Diferencia a 28 días' y 'Diferencia Proyectada'.,REQUIERE REVISIÓN,Capacidad predictiva declarada; distinta del 'Modelo Predictivo para la Conservación de Puentes' de DOC-01.,MAPA_2A1_ORIGINAL,CORRECTO_Y_VERIFICABLE,APTO_FACTUAL,ACEPTADA,Control de calidad del hormigón,Aplicación de proyección de desempeño,NO IDENTIFICADO,La fuente declara una aplicación para visualización y proyección del desempeño del hormigón.,Mantener la relación como capacidad analítica específica del control de hormigón.,La funcionalidad está explícita.,NO,,PENDIENTE_2A2,SI,G_HORMIGON_09_26,NO_PARA_CONTENIDO,,SIN_CELULA_PRIORIZADA,FUERA_ALCANCE_O_SIN_APLICACION_SECTORIAL,"Relación válida, pero sin aplicación explícita suficiente a una de las cinco células priorizadas o correspondiente a un ámbito transversal/no priorizado.",FUERA_DE_CELULAS_PRIORIZADAS,NO,2026-08-17
R0098,DOC-09,OR Ficha 14 Control Calidad Hormigón copia.pdf,REQUIERE REVISIÓN,COMPLEMENTARIA,Confiabilidad en Control de Calidad del Hormigón,Control de calidad del hormigón,"toma de muestras, realización de ensayos y certificación del hormigón conforme a lo establecido en la norma y reglamento de construcción",Certificación conforme a reglamento de construcción,NO IDENTIFICADO,NO IDENTIFICADO,DERIVADO: cumplimiento normativo,2,Servicios integrales,Cita literal p.2.,OK,,MAPA_2A1_ORIGINAL,CORRECTO_CON_MATIZ,APTO_CON_MATIZ,ACEPTADA_CON_MATIZ,Control de calidad del hormigón,Certificación conforme a reglamento de construcción,NO IDENTIFICADO,"La fuente declara que el servicio incluye toma de muestras, realización de ensayos y certificación del hormigón conforme a lo establecido en la norma y reglamento de construcción.",Conservar las tres acciones y la referencia genérica a norma/reglamento. No identificar una norma específica ni afirmar vigencia normativa sin validación externa.,"La relación está respaldada, pero el brochure no identifica el instrumento normativo concreto.",SI,,PENDIENTE_2A2,NO,G_HORMIGON_09_26,NO_PARA_CONTENIDO,,SIN_CELULA_PRIORIZADA,FUERA_ALCANCE_O_SIN_APLICACION_SECTORIAL,"Relación válida, pero sin aplicación explícita suficiente a una de las cinco células priorizadas o correspondiente a un ámbito transversal/no priorizado.",FUERA_DE_CELULAS_PRIORIZADAS,NO,2026-08-17
R0099,DOC-09,OR Ficha 14 Control Calidad Hormigón copia.pdf,REQUIERE REVISIÓN,COMPLEMENTARIA,Nos respaldan,Acreditaciones institucionales,Red de laboratorios acreditados; Instituto Nacional de Normalización (INN); Resolución Ministerio de Vivienda y Urbanismo de Chile (MINVU),Acreditación INN y resolución MINVU,NO IDENTIFICADO,NO IDENTIFICADO,DERIVADO: cumplimiento normativo,2,Nos respaldan,Cita literal p.2.,OK,Coincide con la declaración de DOC-08 p.1.,MAPA_2A1_ORIGINAL,CORRECCION_NECESARIA,NO_USAR_NORMALIZACION_ACTUAL,REEMPLAZAR_SEGUN_AUDITORIA,,,,"Bajo 'Nos respaldan', la fuente enumera red de laboratorios acreditados, INN y resolución MINVU.",Usar 'Control de calidad del hormigón' como servicio padre y mover estas referencias a credenciales/respaldo institucional. Mantener separadas acreditación INN y resolución MINVU.,El encabezado 'Nos respaldan' no es un servicio y 'acreditaciones institucionales' agrupa credenciales de naturaleza distinta.,NO,,PENDIENTE_2A2,NO,G_HORMIGON_09_26,NO_PARA_CONTENIDO,,SIN_CELULA_PRIORIZADA,FUERA_ALCANCE_O_SIN_APLICACION_SECTORIAL,"Relación válida, pero sin aplicación explícita suficiente a una de las cinco células priorizadas o correspondiente a un ámbito transversal/no priorizado.",FUERA_DE_CELULAS_PRIORIZADAS,NO,2026-08-17
R0100,DOC-12,Original ficha técnica Riesgos Incendios.pdf,REQUIERE REVISIÓN,PRINCIPAL,Inspección de riesgo de incendio,Inspección de riesgo de incendio,Identificamos los peligros y generamos un plan de acción a la medida,Identificación de peligros y plan de acción,tus instalaciones,Instalaciones,DERIVADO: seguridad de activos,1,TE AYUDAMOS A REDUCIR EL RIESGO DE INCENDIO EN TUS INSTALACIONES,Cita literal p.1: 'Identificamos los peligros y generamos un plan de acción a la medida'.,REQUIERE REVISIÓN,El documento no declara sector; 'cualquier empresa - industria' (p.2) es deliberadamente genérico.,MAPA_2A1_ORIGINAL,CORRECTO_Y_VERIFICABLE,APTO_FACTUAL,ACEPTADA,Inspección de riesgo de incendio,Identificación de peligros y plan de acción,Instalaciones,La fuente declara identificación de peligros y generación de un plan de acción a la medida para instalaciones.,Mantener la relación sin inferir sector.,Servicio y capacidad están explícitos.,NO,,PENDIENTE_2A2,SI,,SI,,SIN_CELULA_PRIORIZADA,FUERA_ALCANCE_O_SIN_APLICACION_SECTORIAL,"Relación válida, pero sin aplicación explícita suficiente a una de las cinco células priorizadas o correspondiente a un ámbito transversal/no priorizado.",FUERA_DE_CELULAS_PRIORIZADAS,NO,2026-08-17
R0101,DOC-12,Original ficha técnica Riesgos Incendios.pdf,REQUIERE REVISIÓN,PRINCIPAL,Inspección de riesgo de incendio,Inspección de riesgo de incendio,"Asegurar la continuidad de la operación, evitando paradas de planta",Prevención de paradas de planta,paradas de planta,Planta industrial,DERIVADO: continuidad operacional,1,Te ayudamos a,Cita literal p.1 (viñeta).,REQUIERE REVISIÓN,"'Paradas de planta' es terminología industrial y minera, pero el documento no nombra minería.",MAPA_2A1_ORIGINAL,CORRECCION_NECESARIA,NO_USAR_NORMALIZACION_ACTUAL,REEMPLAZAR_SEGUN_AUDITORIA,,,,"La fuente dice 'Asegurar la continuidad de la operación, evitando paradas de planta'.",Normalizar como 'Continuidad operacional y reducción de paradas de planta'; no convertir 'paradas de planta' en la aplicación 'Planta industrial' sin respaldo adicional.,La normalización actual cambia el sentido y agrega un contexto sectorial inferido.,NO,,PENDIENTE_2A2,NO,,SI,,SIN_CELULA_PRIORIZADA,FUERA_ALCANCE_O_SIN_APLICACION_SECTORIAL,"Relación válida, pero sin aplicación explícita suficiente a una de las cinco células priorizadas o correspondiente a un ámbito transversal/no priorizado.",FUERA_DE_CELULAS_PRIORIZADAS,NO,2026-08-17
R0102,DOC-12,Original ficha técnica Riesgos Incendios.pdf,REQUIERE REVISIÓN,PRINCIPAL,Inspección de riesgo de incendio,Inspección de riesgo de incendio,Proteger la vida de los trabajadores,Protección de la vida de trabajadores,NO IDENTIFICADO,NO IDENTIFICADO,DERIVADO: seguridad de personas,1,Te ayudamos a,Cita literal p.1 (viñeta).,OK,,MAPA_2A1_ORIGINAL,CORRECTO_Y_VERIFICABLE,APTO_FACTUAL,ACEPTADA,Inspección de riesgo de incendio,Protección de la vida de trabajadores,NO IDENTIFICADO,La fuente declara proteger la vida de los trabajadores.,Mantener como beneficio/objetivo declarado del servicio.,La afirmación está explícita.,NO,,PENDIENTE_2A2,SI,,SI,,SIN_CELULA_PRIORIZADA,FUERA_ALCANCE_O_SIN_APLICACION_SECTORIAL,"Relación válida, pero sin aplicación explícita suficiente a una de las cinco células priorizadas o correspondiente a un ámbito transversal/no priorizado.",FUERA_DE_CELULAS_PRIORIZADAS,NO,2026-08-17
R0103,DOC-12,Original ficha técnica Riesgos Incendios.pdf,REQUIERE REVISIÓN,COMPLEMENTARIA,Inspección de riesgo de incendio,Inspección de riesgo de incendio,Prevenir aumentos en las primas de seguros,Contención de prima de seguro,primas de seguros,Aseguradoras,DERIVADO: valor económico,1,Te ayudamos a,Cita literal p.1 (viñeta).,OK,"DOC-02 p.1 formula el mismo beneficio como 'Reducir las primas de seguros'; aquí es 'Prevenir aumentos'. Matiz distinto, no fusionado.",MAPA_2A1_ORIGINAL,CORRECCION_NECESARIA,NO_USAR_NORMALIZACION_ACTUAL,REEMPLAZAR_SEGUN_AUDITORIA,,,,La fuente declara prevenir aumentos en las primas de seguros.,Tratarlo como beneficio económico declarado; no usar 'Aseguradoras' como aplicación porque el documento no identifica ese destinatario.,La relación actual infiere un actor a partir de la existencia de primas de seguro.,NO,,PENDIENTE_2A2,NO,,SI,,SIN_CELULA_PRIORIZADA,FUERA_ALCANCE_O_SIN_APLICACION_SECTORIAL,"Relación válida, pero sin aplicación explícita suficiente a una de las cinco células priorizadas o correspondiente a un ámbito transversal/no priorizado.",FUERA_DE_CELULAS_PRIORIZADAS,NO,2026-08-17
R0104,DOC-12,Original ficha técnica Riesgos Incendios.pdf,REQUIERE REVISIÓN,PRINCIPAL,SERVICIO DE INGENIERÍA CONTRA INCENDIO,Ingeniería contra incendios,Realizamos ingeniería y estudios técnicos; inspecciones y seguimiento a la implementación de sistemas contra incendios,Estudios y seguimiento de sistemas contra incendio,sistemas contra incendios,Sistemas contra incendio,DERIVADO: seguridad de personas,2,SERVICIO DE INGENIERÍA CONTRA INCENDIO,Cita literal p.2.,OK,Redacción casi idéntica a DOC-02 p.1. Ver 04_revision_manual (POSIBLE_DUPLICADO).,MAPA_2A1_ORIGINAL,CORRECCION_NECESARIA,NO_USAR_NORMALIZACION_ACTUAL,REEMPLAZAR_SEGUN_AUDITORIA,,,,La fuente declara ingeniería y estudios técnicos; inspecciones y seguimiento a la implementación de sistemas contra incendios.,"Ampliar la capacidad normalizada para conservar ingeniería/estudios, inspecciones y seguimiento.",La normalización actual omite parte del alcance declarado.,NO,,PENDIENTE_2A2,NO,,SI,,SIN_CELULA_PRIORIZADA,FUERA_ALCANCE_O_SIN_APLICACION_SECTORIAL,"Relación válida, pero sin aplicación explícita suficiente a una de las cinco células priorizadas o correspondiente a un ámbito transversal/no priorizado.",FUERA_DE_CELULAS_PRIORIZADAS,NO,2026-08-17
R0105,DOC-12,Original ficha técnica Riesgos Incendios.pdf,REQUIERE REVISIÓN,PRINCIPAL,PROCESO DE GESTIÓN,Metodología de gestión de riesgo de incendio,Paso 1 Inspección; Paso 2 Evaluación de riesgo y análisis; Paso 3 Recomendaciones; Paso 4 Planificación; Paso 5 Inspección durante la implementación; Paso 6 Seguimiento,Ciclo de seis pasos de gestión de riesgo,NO IDENTIFICADO,NO IDENTIFICADO,DERIVADO: método propio,2,PROCESO DE GESTIÓN,Enumeración literal p.2 de los seis pasos.,REQUIERE REVISIÓN,CONTRADICCIÓN CON DOC-02: allí el mismo proceso tiene cinco etapas y no incluye 'Planificación' ni 'Inspección durante la implementación'. No se resuelve cuál es la versión vigente.,MAPA_2A1_ORIGINAL,CONTRADICCION_ENTRE_FUENTES,NO_RESUELTO_CONTRADICCION,NO_RESOLVER_POR_INFERENCIA,,,,DOC-12 presenta seis pasos; DOC-02 presenta cinco etapas para el mismo proceso.,Conservar ambos esquemas como fuente-específicos y no elegir uno como canónico sin validar vigencia.,La contradicción documental no puede resolverse por inferencia.,SI,,PENDIENTE_2A2,NO,,SI,,SIN_CELULA_PRIORIZADA,FUERA_ALCANCE_O_SIN_APLICACION_SECTORIAL,"Relación válida, pero sin aplicación explícita suficiente a una de las cinco células priorizadas o correspondiente a un ámbito transversal/no priorizado.",FUERA_DE_CELULAS_PRIORIZADAS,NO,2026-08-17
R0106,DOC-12,Original ficha técnica Riesgos Incendios.pdf,REQUIERE REVISIÓN,COMPLEMENTARIA,Factores para análisis del riesgo,Matriz de factores de riesgo de incendio,Características constructivas; Compartimentación; Procesos; Servicios; Protocolos de gestión; Sistemas de protección contra incendio; Colindantes/exposiciones externas; Orden y limpieza; Control de fuentes de fuego,Nueve factores de análisis,NO IDENTIFICADO,NO IDENTIFICADO,DERIVADO: método propio,2,Factores para análisis del riesgo,Enumeración literal p.2.,REQUIERE REVISIÓN,"Coincide con DOC-02 salvo el quinto factor: aquí 'Protocolos de gestión', allí 'Gestiones de riesgo'. Ver 04_revision_manual (POSIBLE_SINONIMO).",MAPA_2A1_ORIGINAL,CONTRADICCION_ENTRE_FUENTES,NO_RESUELTO_CONTRADICCION,NO_RESOLVER_POR_INFERENCIA,,,,DOC-12 usa 'Protocolos de gestión'; DOC-02 usa 'Gestiones de riesgo' como quinto factor de una matriz de nueve.,Mantener ambos términos fuente y resolver la nomenclatura con el área técnica.,Ocho factores coinciden y uno difiere; no hay evidencia para escoger uno.,SI,,PENDIENTE_2A2,NO,,SI,,SIN_CELULA_PRIORIZADA,FUERA_ALCANCE_O_SIN_APLICACION_SECTORIAL,"Relación válida, pero sin aplicación explícita suficiente a una de las cinco células priorizadas o correspondiente a un ámbito transversal/no priorizado.",FUERA_DE_CELULAS_PRIORIZADAS,NO,2026-08-17
R0107,DOC-12,Original ficha técnica Riesgos Incendios.pdf,REQUIERE REVISIÓN,COMPLEMENTARIA,Alcance general,Asesoría de riesgo a la propiedad,"identificar y reducir las vulnerabilidades que pueden amenazar la seguridad de las personas, de la infraestructura y maquinaria de cualquier empresa - industria",Reducción de vulnerabilidades,cualquier empresa - industria,Empresa o industria,DERIVADO: seguridad de activos,2,Alcance general,Cita literal p.2.,REQUIERE REVISIÓN,DOC-02 usa 'identificar las diferentes vulnerabilidades'; aquí se agrega 'y reducir'. Alcance declarado más amplio.,MAPA_2A1_ORIGINAL,CORRECCION_NECESARIA,NO_USAR_NORMALIZACION_ACTUAL,REEMPLAZAR_SEGUN_AUDITORIA,,,,"La fuente declara el alcance de la asesoría de riesgo a la propiedad: identificar y reducir vulnerabilidades de personas, infraestructura y maquinaria.","Usar 'Inspección de riesgo de incendio' o 'Asesoría de riesgo a la propiedad' como servicio; 'Alcance general' debe quedar como sección, no servicio.",La jerarquía actual usa un encabezado de sección como término de servicio.,NO,,PENDIENTE_2A2,NO,,SI,,SIN_CELULA_PRIORIZADA,FUERA_ALCANCE_O_SIN_APLICACION_SECTORIAL,"Relación válida, pero sin aplicación explícita suficiente a una de las cinco células priorizadas o correspondiente a un ámbito transversal/no priorizado.",FUERA_DE_CELULAS_PRIORIZADAS,NO,2026-08-17
R0108,DOC-13,OR Ficha 13 Extintores.pdf,REQUIERE REVISIÓN,PRINCIPAL,Certificación de servicios técnicos de extintores,Certificación de servicios técnicos de extintores,"Dar respuesta a las solicitudes de los organismos de acuerdo al D.S 44 de 2015 del Ministerio de Economía, Fomento y Turismo",Cumplimiento del D.S. 44/2015,organismos,Organismos fiscalizadores,DERIVADO: cumplimiento normativo,1,Te ayudamos a,"Cita literal p.1, incluyendo las normas 'NCh2056: 2019', 'NCh3268: 2019' e 'INN/ET2: 2019'.",OK,"Único documento del corpus que certifica a prestadores de servicio, no a obras. Modelo de negocio distinto.",MAPA_2A1_ORIGINAL,CORRECCION_NECESARIA,NO_USAR_NORMALIZACION_ACTUAL,REEMPLAZAR_SEGUN_AUDITORIA,,,,"La página declara certificación de servicios técnicos de extintores y respuesta a solicitudes de organismos de acuerdo al D.S. 44 de 2015, junto a NCh2056:2019, NCh3268:2019 e INN/ET2:2019.","Normalizar como 'Certificación de servicios técnicos de extintores conforme al marco normativo citado en la fuente'; usar 'organismos' como contexto, no 'organismos fiscalizadores'.","La normalización actual afirma 'cumplimiento' y añade 'fiscalizadores', términos más específicos que la fuente.",SI,,PENDIENTE_2A2,NO,,SI,,SIN_CELULA_PRIORIZADA,FUERA_ALCANCE_O_SIN_APLICACION_SECTORIAL,"Relación válida, pero sin aplicación explícita suficiente a una de las cinco células priorizadas o correspondiente a un ámbito transversal/no priorizado.",FUERA_DE_CELULAS_PRIORIZADAS,NO,2026-08-17
R0109,DOC-13,OR Ficha 13 Extintores.pdf,REQUIERE REVISIÓN,PRINCIPAL,Alcance de la certificación,Certificación de servicios técnicos de extintores,Servicios técnicos de extintores fijos; Servicios técnicos de extintores móviles,Certificación de extintores fijos y móviles,"extintores fijos, extintores móviles",Extintores,DERIVADO: seguridad de personas,2,Alcance de la certificación,Cita literal p.2.,OK,,MAPA_2A1_ORIGINAL,CORRECCION_NECESARIA,NO_USAR_NORMALIZACION_ACTUAL,REEMPLAZAR_SEGUN_AUDITORIA,,,,El alcance de la certificación incluye servicios técnicos de extintores fijos y servicios técnicos de extintores móviles.,Usar 'Certificación de servicios técnicos de extintores' como servicio y 'Servicios técnicos de extintores fijos y móviles' como capacidad/alcance. No normalizar como 'Certificación de extintores'.,"El objeto certificado son los servicios técnicos, no los extintores en sí.",NO,,PENDIENTE_2A2,NO,,SI,,SIN_CELULA_PRIORIZADA,FUERA_ALCANCE_O_SIN_APLICACION_SECTORIAL,"Relación válida, pero sin aplicación explícita suficiente a una de las cinco células priorizadas o correspondiente a un ámbito transversal/no priorizado.",FUERA_DE_CELULAS_PRIORIZADAS,NO,2026-08-17
R0110,DOC-13,OR Ficha 13 Extintores.pdf,REQUIERE REVISIÓN,COMPLEMENTARIA,Agentes de extinción,Agentes de extinción certificables,"Polvo químico seco, clase de fuego A, B, C; Dióxido de Carbono, clase de fuego B, C; A base de agua, clase A, B",Cobertura por agente y clase de fuego,NO IDENTIFICADO,NO IDENTIFICADO,DERIVADO: cobertura técnica,2,Agentes de extinción,Cita literal p.2.,OK,,MAPA_2A1_ORIGINAL,CORRECCION_NECESARIA,NO_USAR_NORMALIZACION_ACTUAL,REEMPLAZAR_SEGUN_AUDITORIA,,,,La fuente enumera agentes de extinción y clases de fuego dentro de la certificación.,Usar el servicio principal de certificación y registrar los agentes/clases como alcance técnico de la certificación.,"'Agentes de extinción' es un subapartado/capacidad, no un servicio autónomo.",NO,,PENDIENTE_2A2,NO,,SI,,SIN_CELULA_PRIORIZADA,FUERA_ALCANCE_O_SIN_APLICACION_SECTORIAL,"Relación válida, pero sin aplicación explícita suficiente a una de las cinco células priorizadas o correspondiente a un ámbito transversal/no priorizado.",FUERA_DE_CELULAS_PRIORIZADAS,NO,2026-08-17
R0111,DOC-13,OR Ficha 13 Extintores.pdf,REQUIERE REVISIÓN,COMPLEMENTARIA,Estándar técnico,Acreditaciones institucionales,Red de laboratorios acreditados por el INN y el Minvu; Certificado CP 132; Certificación ISO9001 en sistemas de gestión de calidad,Acreditación INN/MINVU y CP 132,NO IDENTIFICADO,NO IDENTIFICADO,DERIVADO: cumplimiento normativo,2,Estándar técnico,Cita literal p.2.,OK,'Certificado CP 132' no aparece en ningún otro documento del corpus revisado.,MAPA_2A1_ORIGINAL,CORRECCION_NECESARIA,NO_USAR_NORMALIZACION_ACTUAL,REEMPLAZAR_SEGUN_AUDITORIA,,,,"La fuente declara red de laboratorios acreditados por INN y Minvu, Certificado CP 132 y Certificación ISO9001.","Mantener cada credencial con su naturaleza original: acreditación de red, certificado CP 132 y certificación ISO9001; usar el servicio principal como servicio.",La normalización actual agrupa CP 132 como si fuera acreditación y usa 'Estándar técnico' como servicio.,SI,,PENDIENTE_2A2,NO,,SI,,SIN_CELULA_PRIORIZADA,FUERA_ALCANCE_O_SIN_APLICACION_SECTORIAL,"Relación válida, pero sin aplicación explícita suficiente a una de las cinco células priorizadas o correspondiente a un ámbito transversal/no priorizado.",FUERA_DE_CELULAS_PRIORIZADAS,NO,2026-08-17
R0112,DOC-13,OR Ficha 13 Extintores.pdf,REQUIERE REVISIÓN,COMPLEMENTARIA,Confiabilidad en los resultados,Capacidades declaradas,Profesionales 100% especializados; Equipamiento de punta y estándares técnicos homologados a nivel nacional,Equipo y equipamiento declarados,NO IDENTIFICADO,NO IDENTIFICADO,DERIVADO: autoridad técnica,2,Confiabilidad en los resultados,Cita literal p.2.,REQUIERE REVISIÓN,'100% especializados' y 'de punta' son afirmaciones autopromocionales sin respaldo verificable en el documento.,MAPA_2A1_ORIGINAL,CORRECCION_NECESARIA,NO_USAR_NORMALIZACION_ACTUAL,REEMPLAZAR_SEGUN_AUDITORIA,,,,La fuente declara 'Profesionales 100% especializados' y 'Equipamiento de punta y estándares técnicos homologados a nivel nacional'.,Mantener estos textos solo como claims/atributos de fuente y no como hechos institucionales validados; usar el servicio principal como servicio.,El encabezado 'Confiabilidad en los resultados' no es servicio y los claims no aportan evidencia independiente en el documento.,SI,,PENDIENTE_2A2,NO,,SI,,SIN_CELULA_PRIORIZADA,FUERA_ALCANCE_O_SIN_APLICACION_SECTORIAL,"Relación válida, pero sin aplicación explícita suficiente a una de las cinco células priorizadas o correspondiente a un ámbito transversal/no priorizado.",FUERA_DE_CELULAS_PRIORIZADAS,NO,2026-08-17
R0113,DOC-14,OR Ficha 12 Estudios de ingenieria contractual.pdf,INFRA PÚBLICA RESILIENTE,PRINCIPAL,Estudios técnicos y peritajes contractuales,Estudios y peritajes contractuales,"Estudios técnicos y peritajes para la resolución de controversias en contratos de ingeniería, de construcción, EPC, BOT, entre otras, para contratos públicos y privados",Peritaje de controversias contractuales,contratos públicos y privados,Contratos públicos,DERIVADO: gobernanza de proyecto,2,Estudios técnicos y peritajes para la resolución de controversias,"Cita literal p.2, incluyendo las modalidades 'EPC, BOT'. 'BOT' designa contratos de concesión.",OK,,MAPA_2A1_ORIGINAL,CORRECTO_Y_VERIFICABLE,APTO_FACTUAL,ACEPTADA,Estudios y peritajes contractuales,Peritaje de controversias contractuales,Contratos públicos,"La fuente declara estudios técnicos y peritajes para resolución de controversias en contratos de ingeniería, construcción, EPC, BOT y otros, para contratos públicos y privados.",Mantener la relación factual. No validar todavía la célula.,"Servicio, capacidad y cobertura público/privada están explícitos en la fuente.",NO,,PENDIENTE_2A2,SI,,SI,INFRA PÚBLICA RESILIENTE,ASIGNADA_2A2,PROYECTO_INFRAESTRUCTURA_PUBLICA,Aplicación/proyecto público o infraestructura pública no perteneciente a Salud ni Metro/EFE.,SIN_CAMBIO,NO,2026-08-17
R0114,DOC-14,OR Ficha 12 Estudios de ingenieria contractual.pdf,INFRA PÚBLICA RESILIENTE,PRINCIPAL,Estudios técnicos y peritajes contractuales,Estudios y peritajes contractuales,Soporte a las partes en discrepancias para el Panel Técnico de Concesiones,Soporte ante el Panel Técnico de Concesiones,Panel Técnico de Concesiones,Sistema de concesiones,DERIVADO: gobernanza de proyecto,2,DAMOS SOPORTE,Cita literal p.2. El Panel Técnico de Concesiones es una instancia del sistema chileno de concesiones de obra pública.,OK,Evidencia más específica del corpus para vincular un servicio con institucionalidad de obra pública.,MAPA_2A1_ORIGINAL,CORRECCION_NECESARIA,NO_USAR_NORMALIZACION_ACTUAL,REEMPLAZAR_SEGUN_AUDITORIA,,,,La fuente declara soporte a las partes en discrepancias para el Panel Técnico de Concesiones.,Mantener 'Soporte ante el Panel Técnico de Concesiones' como capacidad y usar 'Panel Técnico de Concesiones' como instancia/contraparte institucional. No normalizar la aplicación como 'Sistema de concesiones' sin otra fuente.,"La capacidad está respaldada, pero la aplicación normalizada agrega una generalización que el brochure no formula.",NO,,PENDIENTE_2A2,NO,,SI,INFRA PÚBLICA RESILIENTE,ASIGNADA_2A2,PROYECTO_INFRAESTRUCTURA_PUBLICA,Aplicación/proyecto público o infraestructura pública no perteneciente a Salud ni Metro/EFE.,SIN_CAMBIO,NO,2026-08-17
R0115,DOC-14,OR Ficha 12 Estudios de ingenieria contractual.pdf,REQUIERE REVISIÓN,PRINCIPAL,Estudios técnicos y peritajes contractuales,Estudios y peritajes contractuales,APOYAMOS EN TODAS LAS ETAPAS DEL PROYECTO: Licitación; Ejecución; Término; Negociación entre las partes; Judicialización/Arbitraje,Cobertura de cinco etapas contractuales,NO IDENTIFICADO,NO IDENTIFICADO,DERIVADO: acompañamiento integral,2,APOYAMOS EN TODAS LAS ETAPAS DEL PROYECTO,Diagrama literal p.2 con las cinco etapas.,OK,,MAPA_2A1_ORIGINAL,CORRECTO_Y_VERIFICABLE,APTO_FACTUAL,ACEPTADA,Estudios y peritajes contractuales,Cobertura de cinco etapas contractuales,NO IDENTIFICADO,"El diagrama declara apoyo en cinco etapas: Licitación, Ejecución, Término, Negociación entre las partes y Judicialización/Arbitraje.",Mantener como cobertura/metodología del servicio de estudios y peritajes contractuales.,Las cinco etapas están explícitas.,NO,,PENDIENTE_2A2,SI,,SI,,SIN_CELULA_PRIORIZADA,FUERA_ALCANCE_O_SIN_APLICACION_SECTORIAL,"Relación válida, pero sin aplicación explícita suficiente a una de las cinco células priorizadas o correspondiente a un ámbito transversal/no priorizado.",FUERA_DE_CELULAS_PRIORIZADAS,NO,2026-08-17
R0116,DOC-14,OR Ficha 12 Estudios de ingenieria contractual.pdf,REQUIERE REVISIÓN,PRINCIPAL,Estudios técnicos y peritajes contractuales,Estudios y peritajes contractuales,"Estudios técnicos contractuales, de pertinencia de situaciones, de impacto en plazo y costo, de pérdida de productividad, contractual para negociación de reclamos, de pertinencia ante término anticipado de contrato",Tipología de estudios contractuales,término anticipado de contrato,Término anticipado de contrato,DERIVADO: continuidad de obra,2,Estudios técnicos y peritajes para la resolución de controversias,Cita literal p.2.,OK,"Conecta con el servicio TAC descrito en DOC-01 p.12; términos fuente distintos, no fusionados.",MAPA_2A1_ORIGINAL,CORRECCION_NECESARIA,NO_USAR_NORMALIZACION_ACTUAL,REEMPLAZAR_SEGUN_AUDITORIA,,,,"La fuente enumera estudios contractuales, de pertinencia de situaciones, de impacto en plazo y costo, de pérdida de productividad, para negociación de reclamos y de pertinencia ante término anticipado de contrato.","Mantener la tipología como capacidades/subtipos del servicio. 'Término anticipado de contrato' debe registrarse como objeto/situación atendida por uno de los estudios, no como aplicación sectorial.","La relación es textual, pero el campo aplicación confunde un objeto contractual con una aplicación/sector.",SI,,PENDIENTE_2A2,NO,,SI,,SIN_CELULA_PRIORIZADA,FUERA_ALCANCE_O_SIN_APLICACION_SECTORIAL,"Relación válida, pero sin aplicación explícita suficiente a una de las cinco células priorizadas o correspondiente a un ámbito transversal/no priorizado.",FUERA_DE_CELULAS_PRIORIZADAS,NO,2026-08-17
R0117,DOC-14,OR Ficha 12 Estudios de ingenieria contractual.pdf,REQUIERE REVISIÓN,PRINCIPAL,ANALIZAMOS,Materias de análisis contractual,Cumplimiento de las obligaciones de las partes; Interferencias o situaciones controversiales; Incremento de los costos; Retrasos en los programas de obras; Pérdida de productividad; Consistencia y robustez de los documentos de licitación,Seis materias de análisis,NO IDENTIFICADO,NO IDENTIFICADO,DERIVADO: gobernanza de proyecto,2,ANALIZAMOS,Enumeración literal p.2.,OK,,MAPA_2A1_ORIGINAL,CORRECCION_NECESARIA,NO_USAR_NORMALIZACION_ACTUAL,REEMPLAZAR_SEGUN_AUDITORIA,,,,"Bajo el encabezado 'ANALIZAMOS' se enumeran obligaciones, interferencias o controversias, incremento de costos, retrasos, pérdida de productividad y consistencia/robustez de documentos de licitación.",Usar 'Estudios técnicos y peritajes contractuales' como servicio padre y registrar las seis materias como dimensiones/capacidades de análisis.,"'ANALIZAMOS' es un encabezado editorial, no un servicio.",NO,,PENDIENTE_2A2,NO,,SI,,SIN_CELULA_PRIORIZADA,FUERA_ALCANCE_O_SIN_APLICACION_SECTORIAL,"Relación válida, pero sin aplicación explícita suficiente a una de las cinco células priorizadas o correspondiente a un ámbito transversal/no priorizado.",FUERA_DE_CELULAS_PRIORIZADAS,NO,2026-08-17
R0118,DOC-14,OR Ficha 12 Estudios de ingenieria contractual.pdf,REQUIERE REVISIÓN,COMPLEMENTARIA,Imparcialidad e independencia,Imparcialidad e independencia,Verificación exhaustiva para descartar conflictos de interés con las partes,Control de conflictos de interés,NO IDENTIFICADO,NO IDENTIFICADO,DERIVADO: independencia técnica,1,Imparcialidad e independencia,Cita literal p.1.,OK,Atributo diferenciador declarado; coincide con 'estudios técnicos imparciales e independientes' de DOC-01 p.10.,MAPA_2A1_ORIGINAL,CORRECCION_NECESARIA,NO_USAR_NORMALIZACION_ACTUAL,REEMPLAZAR_SEGUN_AUDITORIA,,,,La fuente declara 'Imparcialidad e independencia' y una verificación exhaustiva para descartar conflictos de interés con las partes.,"Mover esta información a atributos/diferenciadores del servicio; conservar 'control de conflictos de interés' como práctica declarada, no como servicio independiente.","Imparcialidad e independencia son atributos de posicionamiento, no una prestación técnica autónoma.",NO,,PENDIENTE_2A2,NO,,SI,,SIN_CELULA_PRIORIZADA,FUERA_ALCANCE_O_SIN_APLICACION_SECTORIAL,"Relación válida, pero sin aplicación explícita suficiente a una de las cinco células priorizadas o correspondiente a un ámbito transversal/no priorizado.",FUERA_DE_CELULAS_PRIORIZADAS,NO,2026-08-17
R0119,DOC-14,OR Ficha 12 Estudios de ingenieria contractual.pdf,REQUIERE REVISIÓN,COMPLEMENTARIA,Especialistas,Perfil de contrapartes atendidas,"Abordamos estudios requeridos por Mandantes, Contratistas, Subcontratistas, Aseguradoras, Jueces, Árbitros, Liquidadoras, entre otros",Atención a múltiples tipos de contraparte,"Jueces, Árbitros",Sede judicial y arbitral,DERIVADO: independencia técnica,1,Especialistas,Cita literal p.1.,OK,"Incluye aseguradoras, igual que DOC-02 y DOC-12; posible eje editorial transversal.",MAPA_2A1_ORIGINAL,CORRECCION_NECESARIA,NO_USAR_NORMALIZACION_ACTUAL,REEMPLAZAR_SEGUN_AUDITORIA,,,,"La fuente declara estudios requeridos por Mandantes, Contratistas, Subcontratistas, Aseguradoras, Jueces, Árbitros, Liquidadoras, entre otros.","Registrar la lista como perfiles de contraparte/audiencia. Eliminar 'Sede judicial y arbitral' como aplicación normalizada, pues la fuente nombra personas/roles, no una sede.",La jerarquía actual trata audiencias como capacidad y agrega una aplicación no textual.,NO,,PENDIENTE_2A2,NO,,SI,,SIN_CELULA_PRIORIZADA,FUERA_ALCANCE_O_SIN_APLICACION_SECTORIAL,"Relación válida, pero sin aplicación explícita suficiente a una de las cinco células priorizadas o correspondiente a un ámbito transversal/no priorizado.",FUERA_DE_CELULAS_PRIORIZADAS,NO,2026-08-17
R0120,DOC-14,OR Ficha 12 Estudios de ingenieria contractual.pdf,REQUIERE REVISIÓN,COMPLEMENTARIA,Confiabilidad y experiencia,Trayectoria declarada,Estándar técnico respaldado con más de 400 estudios en los últimos 10 años; Más de 90 clientes en los últimos 3 años,Volumen de estudios y clientes,NO IDENTIFICADO,NO IDENTIFICADO,DERIVADO: autoridad técnica,1,Confiabilidad y experiencia,Cita literal p.1.,OK,Cifras sin fecha de corte: no es posible determinar a qué año se refieren 'los últimos 10 años'.,MAPA_2A1_ORIGINAL,REQUIERE_VALIDACION_HUMANA,NO_USAR_HASTA_VALIDACION,PENDIENTE_VALIDACION_HUMANA,,,,"DOC-14 afirma más de 400 estudios en los últimos 10 años y más de 90 clientes en los últimos 3 años, pero no tiene fecha de emisión verificable. DOC-18, con sello de arte final 25-03-2025, repite más de 400 estudios en la última década.",Mover las cifras a claims de trayectoria y fijar una fecha de corte antes de reutilizarlas. No tratar los periodos relativos de DOC-14 como datos vigentes.,Sin fecha de corte no puede determinarse el periodo exacto al que refieren las cifras de DOC-14.,SI,,PENDIENTE_2A2,NO,,SI,,SIN_CELULA_PRIORIZADA,FUERA_ALCANCE_O_SIN_APLICACION_SECTORIAL,"Relación válida, pero sin aplicación explícita suficiente a una de las cinco células priorizadas o correspondiente a un ámbito transversal/no priorizado.",FUERA_DE_CELULAS_PRIORIZADAS,NO,2026-08-17
R0121,DOC-14,OR Ficha 12 Estudios de ingenieria contractual.pdf,REQUIERE REVISIÓN,COMPLEMENTARIA,Reconocimiento,Reconocimientos externos,Distinción Leaders League 'Experto' en 'Litigation Support Construction & Engineering'; Designación como perito en juicios arbitrales y civiles,Distinción Leaders League y designación pericial,NO IDENTIFICADO,NO IDENTIFICADO,DERIVADO: autoridad técnica,1,Reconocimiento,Cita literal p.1.,OK,"Reconocimiento externo verificable en principio, pero el documento no indica año ni edición.",MAPA_2A1_ORIGINAL,CORRECCION_NECESARIA,NO_USAR_NORMALIZACION_ACTUAL,REEMPLAZAR_SEGUN_AUDITORIA,,,,La fuente declara una distinción Leaders League como 'Experto' en 'Litigation Support Construction & Engineering' y designación como perito en juicios arbitrales y civiles.,"Mover a reconocimientos/credenciales, no tratar como capacidad técnica. Mantener el reconocimiento con nota de que el documento no indica año o edición.","Es evidencia de reconocimiento/experiencia, no un servicio; la vigencia temporal no puede establecerse desde la fuente.",SI,,PENDIENTE_2A2,NO,,SI,,SIN_CELULA_PRIORIZADA,FUERA_ALCANCE_O_SIN_APLICACION_SECTORIAL,"Relación válida, pero sin aplicación explícita suficiente a una de las cinco células priorizadas o correspondiente a un ámbito transversal/no priorizado.",FUERA_DE_CELULAS_PRIORIZADAS,NO,2026-08-17
R0122,DOC-14,OR Ficha 12 Estudios de ingenieria contractual.pdf,INFRA OPERACIÓN MINERA,MENCIÓN,Estudios técnicos y peritajes contractuales,Estudios y peritajes contractuales,NO IDENTIFICADO,NO IDENTIFICADO,instalación industrial de procesamiento con equipamiento ThyssenKrupp en entorno desértico,Planta industrial o minera,DERIVADO: caso de aplicación,1,Fotografía de portada,Evidencia únicamente fotográfica p.1: estructura de traspaso de mineral con logotipo 'ThyssenKrupp' en terreno árido. El cuerpo editorial no menciona minería.,REQUIERE REVISIÓN,No confirma que IDIEM haya prestado el servicio en esa instalación. Ver 04_revision_manual (RELACION_NO_CONFIRMADA).,MAPA_2A1_ORIGINAL,RELACION_NO_CONFIRMADA,NO_USAR_COMO_EVIDENCIA,DESCARTADA_COMO_EVIDENCIA_FACTUAL,,,,"La portada muestra una instalación industrial con equipamiento ThyssenKrupp, pero el cuerpo editorial no identifica proyecto, cliente, minería ni servicio realizado en esa instalación.",Retirar la fotografía como evidencia factual de un caso minero/industrial de IDIEM. Mantenerla solo como material visual sin atribución.,La imagen no confirma una prestación de IDIEM ni permite identificar el proyecto.,SI,,PENDIENTE_2A2,NO,,SI,,NO_USAR_COMO_EVIDENCIA,EXCLUSION_2A1B,Relación descartada en 2A.1B como evidencia factual; se conserva solo por trazabilidad.,EXCLUIDA_COMO_EVIDENCIA,NO,2026-08-17
R0123,DOC-14,OR Ficha 12 Estudios de ingenieria contractual.pdf,REQUIERE REVISIÓN,COMPLEMENTARIA,Especialistas,Integración de especialidades,Capacidad de integrar otras especialidades de Idiem,Integración con el resto del portafolio,NO IDENTIFICADO,NO IDENTIFICADO,DERIVADO: venta cruzada,1,Especialistas,Cita literal p.1.,OK,Mismo patrón de integración declarado en DOC-04 p.2 y DOC-07 p.2.,MAPA_2A1_ORIGINAL,CORRECCION_NECESARIA,NO_USAR_NORMALIZACION_ACTUAL,REEMPLAZAR_SEGUN_AUDITORIA,,,,La fuente declara 'Capacidad de integrar otras especialidades de Idiem' bajo el bloque 'Especialistas'.,Usar 'Estudios técnicos y peritajes contractuales' como servicio padre y registrar la integración con otras especialidades como capacidad transversal/diferenciador.,"'Especialistas' es encabezado editorial, no servicio.",NO,,PENDIENTE_2A2,NO,,SI,,SIN_CELULA_PRIORIZADA,FUERA_ALCANCE_O_SIN_APLICACION_SECTORIAL,"Relación válida, pero sin aplicación explícita suficiente a una de las cinco células priorizadas o correspondiente a un ámbito transversal/no priorizado.",FUERA_DE_CELULAS_PRIORIZADAS,NO,2026-08-17
R0124,DOC-17,Original ficha N°2 - Estudios técnicos y asesorías a mandantes públicos.pdf,INFRA PÚBLICA RESILIENTE,PRINCIPAL,Estudios técnicos y asesorías a mandantes públicos,Asesoría a mandantes públicos,"Desarrollo de servicios y asesorías para el área de la construcción en el sector público, abarcando el ciclo completo de los proyectos",Acompañamiento del ciclo completo de proyecto público,sector público,Proyectos del sector público,DERIVADO: acompañamiento integral,2,SERVICIOS INTEGRALES,Cita literal p.2. El documento se dirige explícitamente a 'mandantes públicos' desde el título.,OK,Documento fuente principal para la célula de infraestructura pública: es el único cuyo destinatario declarado es el mandante público.,MAPA_2A1_ORIGINAL,CORRECTO_Y_VERIFICABLE,APTO_FACTUAL,ACEPTADA,Asesoría a mandantes públicos,Acompañamiento del ciclo completo de proyecto público,Proyectos del sector público,"La fuente declara desarrollo de servicios y asesorías para el área de la construcción en el sector público, abarcando el ciclo completo de los proyectos.",Mantener la relación y el contexto de mandantes/sector público.,"Servicio, destinatario y cobertura del ciclo están explícitos.",NO,,PENDIENTE_2A2,SI,,SI,INFRA PÚBLICA RESILIENTE,ASIGNADA_2A2,PROYECTO_INFRAESTRUCTURA_PUBLICA,Aplicación/proyecto público o infraestructura pública no perteneciente a Salud ni Metro/EFE.,SIN_CAMBIO,NO,2026-08-17
R0125,DOC-17,Original ficha N°2 - Estudios técnicos y asesorías a mandantes públicos.pdf,INFRA HOSPITALARIA Y ASISTENCIAL,PRINCIPAL,Sustentabilidad,Certificación de sustentabilidad,"CES, GREEN HOSPITAL, LEED",Certificación CES / GREEN HOSPITAL / LEED,GREEN HOSPITAL,Infraestructura hospitalaria,DERIVADO: sustentabilidad,2,"CES, GREEN HOSPITAL, LEED","Cita literal p.2: la franja bajo el ciclo de tres etapas indica 'CES, GREEN HOSPITAL, LEED'. GREEN HOSPITAL es un esquema de certificación específico para establecimientos de salud.",OK,Evidencia más directa del corpus para la célula hospitalaria. El documento no describe otros servicios hospitalarios.,MAPA_2A1_ORIGINAL,CORRECCION_NECESARIA,NO_USAR_NORMALIZACION_ACTUAL,REEMPLAZAR_SEGUN_AUDITORIA,,,,"La fuente muestra 'CES, GREEN HOSPITAL, LEED' bajo el esquema Diseño-Construcción-Operación, pero no define GREEN HOSPITAL ni declara explícitamente una aplicación a infraestructura hospitalaria.",Conservar 'GREEN HOSPITAL' como término fuente dentro de Sustentabilidad. Retirar 'Infraestructura hospitalaria' como aplicación factual hasta contar con una fuente que defina el esquema o confirme el alcance.,"La relación hospitalaria se deduce del nombre del esquema, no de una explicación textual del documento.",SI,,PENDIENTE_2A2,NO,,SI,INFRA HOSPITALARIA Y ASISTENCIAL,ASIGNADA_2A2,PRIORIDAD_PROYECTO_SALUD,Aplicación explícita a salud/hospitalaria; la célula especializada prevalece sobre otras células.,SIN_CAMBIO,NO,2026-08-17
R0126,DOC-17,Original ficha N°2 - Estudios técnicos y asesorías a mandantes públicos.pdf,INFRA PÚBLICA RESILIENTE,PRINCIPAL,Sustentabilidad,Certificación de sustentabilidad,"CES, GREEN HOSPITAL, LEED",Certificación CES / GREEN HOSPITAL / LEED,CES,Edificación pública sustentable,DERIVADO: sustentabilidad,2,"CES, GREEN HOSPITAL, LEED",Misma cita p.2. CES (Certificación Edificio Sustentable) es el esquema chileno aplicado principalmente a edificación pública.,OK,Ejemplo de relación muchos-a-muchos: una misma capacidad en dos células.,MAPA_2A1_ORIGINAL,CORRECCION_NECESARIA,NO_USAR_NORMALIZACION_ACTUAL,REEMPLAZAR_SEGUN_AUDITORIA,,,,"La fuente muestra 'CES, GREEN HOSPITAL, LEED' en un documento dirigido al sector público, pero no desarrolla ni define CES ni usa la expresión 'Certificación de sustentabilidad'.",Conservar los tres nombres bajo Sustentabilidad y el contexto general de sector público. No expandir CES a 'Edificación pública sustentable' ni afirmar que los tres son certificaciones sin una fuente definitoria.,La normalización actual incorpora definiciones y aplicaciones que no aparecen en la ficha.,SI,,PENDIENTE_2A2,NO,,SI,INFRA PÚBLICA RESILIENTE,ASIGNADA_2A2,PROYECTO_INFRAESTRUCTURA_PUBLICA,Aplicación/proyecto público o infraestructura pública no perteneciente a Salud ni Metro/EFE.,SIN_CAMBIO,NO,2026-08-17
R0127,DOC-17,Original ficha N°2 - Estudios técnicos y asesorías a mandantes públicos.pdf,INFRA PÚBLICA RESILIENTE,PRINCIPAL,Diseño,Servicios en etapa de diseño,"Mecánica de suelos; Topografía; Revisión de proyectos y validación normativa (arquitectura, estructura y especialidades); Coordinación BIM; Revisión del plan de inspección y ensayos de materiales; Sustentabilidad",Seis servicios de etapa de diseño,NO IDENTIFICADO,NO IDENTIFICADO,DERIVADO: prevención temprana,2,1 Diseño,"Enumeración literal p.2, columna 'Diseño'.",OK,,MAPA_2A1_ORIGINAL,CORRECTO_Y_VERIFICABLE,APTO_FACTUAL,ACEPTADA,Servicios en etapa de diseño,Seis servicios de etapa de diseño,NO IDENTIFICADO,"La etapa Diseño enumera mecánica de suelos, topografía, revisión de proyectos/validación normativa, coordinación BIM, revisión del plan de inspección y ensayos de materiales y sustentabilidad.",Mantener como capacidades/servicios de la etapa Diseño.,Las seis prestaciones están explícitas.,NO,,PENDIENTE_2A2,SI,,SI,INFRA PÚBLICA RESILIENTE,ASIGNADA_2A2,PROYECTO_INFRAESTRUCTURA_PUBLICA,Aplicación/proyecto público o infraestructura pública no perteneciente a Salud ni Metro/EFE.,SIN_CAMBIO,NO,2026-08-17
R0128,DOC-17,Original ficha N°2 - Estudios técnicos y asesorías a mandantes públicos.pdf,INFRA PÚBLICA RESILIENTE,PRINCIPAL,Construcción,Servicios en etapa de construcción,Inspección técnica de obras (Asesoría a la Inspección Fiscal); Ensayos de control de obras; Levantamiento en terreno para término de contrato (Medición de avance físico); BIM en terreno; Estudios técnicos y asesorías en controversias en contratos de construcción,Cinco servicios de etapa de construcción,NO IDENTIFICADO,NO IDENTIFICADO,DERIVADO: control de obra,2,2 Construcción,"Enumeración literal p.2, columna 'Construcción'.",OK,'Asesoría a la Inspección Fiscal' coincide con DOC-01 p.8; 'término de contrato' conecta con DOC-01 p.12 y DOC-14 p.2.,MAPA_2A1_ORIGINAL,CORRECTO_Y_VERIFICABLE,APTO_FACTUAL,ACEPTADA,Servicios en etapa de construcción,Cinco servicios de etapa de construcción,NO IDENTIFICADO,"La etapa Construcción enumera ITO/Asesoría a la Inspección Fiscal, ensayos de control de obras, levantamiento para término de contrato, BIM en terreno y estudios/asesorías en controversias.",Mantener como capacidades/servicios de la etapa Construcción.,Las cinco prestaciones están explícitas.,NO,,PENDIENTE_2A2,SI,,SI,INFRA PÚBLICA RESILIENTE,ASIGNADA_2A2,PROYECTO_INFRAESTRUCTURA_PUBLICA,Aplicación/proyecto público o infraestructura pública no perteneciente a Salud ni Metro/EFE.,SIN_CAMBIO,NO,2026-08-17
R0129,DOC-17,Original ficha N°2 - Estudios técnicos y asesorías a mandantes públicos.pdf,INFRA PÚBLICA RESILIENTE,PRINCIPAL,Operación,Servicios en etapa de operación,Análisis operacionales; Inspecciones; Peritajes; Mediciones en terreno; Sustentabilidad; Modelación As-Build; Levantamiento y rehabilitación estructural; Servicios a edificios patrimoniales,Ocho servicios de etapa de operación,edificios patrimoniales,Edificios patrimoniales,DERIVADO: gestión de activos,2,3 Operación,"Enumeración literal p.2, columna 'Operación'.",OK,'Servicios a edificios patrimoniales' es una aplicación que no aparece en ningún otro documento revisado del corpus.,MAPA_2A1_ORIGINAL,CORRECCION_NECESARIA,NO_USAR_NORMALIZACION_ACTUAL,REEMPLAZAR_SEGUN_AUDITORIA,,,,"La etapa Operación enumera ocho prestaciones: análisis operacionales, inspecciones, peritajes, mediciones en terreno, sustentabilidad, Modelación As-Build, levantamiento/rehabilitación estructural y servicios a edificios patrimoniales.",Mantener las ocho capacidades bajo la etapa Operación. No aplicar 'Edificios patrimoniales' a toda la relación; corresponde solo a una de las ocho prestaciones.,La aplicación actual extiende una aplicación específica a todo el bloque.,NO,,PENDIENTE_2A2,NO,,SI,INFRA PÚBLICA RESILIENTE,ASIGNADA_2A2,PROYECTO_INFRAESTRUCTURA_PUBLICA,Aplicación/proyecto público o infraestructura pública no perteneciente a Salud ni Metro/EFE.,SIN_CAMBIO,NO,2026-08-17
R0130,DOC-17,Original ficha N°2 - Estudios técnicos y asesorías a mandantes públicos.pdf,REQUIERE REVISIÓN,COMPLEMENTARIA,Operación,Servicios en etapa de operación,Modelación As-Build,Modelación as built,NO IDENTIFICADO,NO IDENTIFICADO,DERIVADO: digitalización,2,3 Operación,Cita literal p.2 (viñeta). El documento escribe 'As-Build'.,REQUIERE REVISIÓN,Variante ortográfica frente a 'as built' (DOC-01 p.9 y p.12). Posible sinónimo; no fusionado.,MAPA_2A1_ORIGINAL,CORRECTO_CON_MATIZ,APTO_CON_MATIZ,ACEPTADA_CON_MATIZ,Servicios en etapa de operación,Modelación as built,NO IDENTIFICADO,La fuente utiliza literalmente la grafía 'Modelación As-Build'.,Mantener el término fuente y registrar 'modelación as built' solo como normalización provisional hasta resolver las variantes del corpus.,"La capacidad está respaldada, pero la unificación terminológica con 'as built' de otros documentos sigue pendiente.",SI,,PENDIENTE_2A2,NO,,SI,INFRA PÚBLICA RESILIENTE,ASIGNADA_2A2,PROYECTO_INFRAESTRUCTURA_PUBLICA,Aplicación/proyecto público o infraestructura pública no perteneciente a Salud ni Metro/EFE.,RESUELTA_DESDE_REVISION,NO,2026-08-17
R0131,DOC-17,Original ficha N°2 - Estudios técnicos y asesorías a mandantes públicos.pdf,REQUIERE REVISIÓN,COMPLEMENTARIA,Enfoque multidisciplinario,Capacidad multidisciplinaria,12 áreas especializadas en distintas disciplinas de la ingeniería,Doce áreas especializadas,Para todo tipo de proyecto,Todo tipo de proyecto,DERIVADO: integralidad,1,Enfoque multidisciplinario,Cita literal p.1.,OK,El dato '12 áreas' es la única cuantificación de estructura interna en el corpus revisado; no se contrasta con otra fuente.,MAPA_2A1_ORIGINAL,CORRECTO_Y_VERIFICABLE,APTO_FACTUAL,ACEPTADA,Capacidad multidisciplinaria,Doce áreas especializadas,Todo tipo de proyecto,"La fuente declara '12 áreas especializadas en distintas disciplinas de la ingeniería', servicios multidisciplinarios y 'Para todo tipo de proyecto'.",Mantener como atributo de enfoque multidisciplinario.,La cuantificación y el alcance declarado aparecen textualmente.,NO,,PENDIENTE_2A2,SI,,SI,INFRA PÚBLICA RESILIENTE,ASIGNADA_2A2,PROYECTO_INFRAESTRUCTURA_PUBLICA,Aplicación/proyecto público o infraestructura pública no perteneciente a Salud ni Metro/EFE.,RESUELTA_DESDE_REVISION,NO,2026-08-17
R0132,DOC-17,Original ficha N°2 - Estudios técnicos y asesorías a mandantes públicos.pdf,INFRA PÚBLICA RESILIENTE,COMPLEMENTARIA,Sintonizados con los desafíos del sector público y de la construcción,Carácter institucional público,Institución de Derecho Público de carácter técnico,Naturaleza jurídica de derecho público,sector público,Sector público,DERIVADO: legitimidad institucional,1,Sintonizados con los desafíos del sector público,Cita literal p.1.,OK,Atributo jurídico relevante para licitaciones públicas; no aparece explicitado en los otros documentos revisados.,MAPA_2A1_ORIGINAL,CORRECTO_CON_MATIZ,APTO_CON_MATIZ,ACEPTADA_CON_MATIZ,Carácter institucional público,Naturaleza jurídica de derecho público,Sector público,La fuente se autodefine como 'Institución de Derecho Público de carácter técnico'.,"Conservar como naturaleza institucional declarada por la fuente. Si se reutiliza en documentación jurídica o de contratación, verificar externamente su formulación vigente.","La frase está explícita, pero esta auditoría no certifica la situación jurídica institucional.",SI,,PENDIENTE_2A2,NO,,SI,INFRA PÚBLICA RESILIENTE,ASIGNADA_2A2,PROYECTO_INFRAESTRUCTURA_PUBLICA,Aplicación/proyecto público o infraestructura pública no perteneciente a Salud ni Metro/EFE.,SIN_CAMBIO,NO,2026-08-17
R0133,DOC-17,Original ficha N°2 - Estudios técnicos y asesorías a mandantes públicos.pdf,REQUIERE REVISIÓN,COMPLEMENTARIA,Alto estándar técnico,Respaldo académico y acreditaciones,"Respaldo de la Facultad de Ingeniería de la Universidad de Chile; Acreditaciones ISO 9001 en gestión de calidad, INN y Minvu",Respaldo universitario y acreditaciones,NO IDENTIFICADO,NO IDENTIFICADO,DERIVADO: autoridad técnica,1,Alto estándar técnico,Cita literal p.1.,OK,"Coincide con las acreditaciones declaradas en DOC-08 p.1, DOC-09 p.2 y DOC-13 p.2.",MAPA_2A1_ORIGINAL,CORRECCION_NECESARIA,NO_USAR_NORMALIZACION_ACTUAL,REEMPLAZAR_SEGUN_AUDITORIA,,,,"La fuente agrupa bajo 'Alto estándar técnico' el respaldo de la Facultad de Ingeniería y la frase 'Acreditaciones ISO 9001 en gestión de calidad, INN y Minvu'.","Separar respaldo universitario de credenciales. Conservar literalmente la formulación del documento, pero no homogeneizar ISO 9001, INN y MINVU bajo una única clase de acreditación sin validación.","La normalización agrupa credenciales de naturaleza potencialmente distinta y el encabezado es un atributo, no un servicio.",SI,,PENDIENTE_2A2,NO,,SI,INFRA PÚBLICA RESILIENTE,ASIGNADA_2A2,PROYECTO_INFRAESTRUCTURA_PUBLICA,Aplicación/proyecto público o infraestructura pública no perteneciente a Salud ni Metro/EFE.,RESUELTA_DESDE_REVISION,NO,2026-08-17
R0134,DOC-17,Original ficha N°2 - Estudios técnicos y asesorías a mandantes públicos.pdf,INFRA CRÍTICA TRANSPORTE,MENCIÓN,Estudios técnicos y asesorías a mandantes públicos,Asesoría a mandantes públicos,NO IDENTIFICADO,NO IDENTIFICADO,puente reticulado metálico de color amarillo con tránsito vehicular y de buses sobre un río,Puente vial,DERIVADO: caso de aplicación,2,Fotografía inferior,"Evidencia únicamente fotográfica p.2, ubicada bajo el rótulo 'Revisión de proyectos • Asesoría en controversias contractuales'. El cuerpo editorial no identifica el puente ni el servicio prestado.",REQUIERE REVISIÓN,No confirma intervención de IDIEM en esa obra. Ver 04_revision_manual (RELACION_NO_CONFIRMADA).,MAPA_2A1_ORIGINAL,RELACION_NO_CONFIRMADA,NO_USAR_COMO_EVIDENCIA,DESCARTADA_COMO_EVIDENCIA_FACTUAL,,,,"La página muestra una fotografía de un puente, pero el cuerpo editorial no identifica la obra ni declara que IDIEM haya prestado servicios en ese puente.",Retirar la fotografía como evidencia factual de un caso de infraestructura de transporte. Mantenerla solo como recurso visual sin atribución.,"La imagen no confirma proyecto, cliente ni servicio prestado.",SI,,PENDIENTE_2A2,NO,,SI,,NO_USAR_COMO_EVIDENCIA,EXCLUSION_2A1B,Relación descartada en 2A.1B como evidencia factual; se conserva solo por trazabilidad.,EXCLUIDA_COMO_EVIDENCIA,NO,2026-08-17
R0135,DOC-18,250325_Servicios Ágiles_Original.pdf,INFRA HOSPITALARIA Y ASISTENCIAL,PRINCIPAL,SERVICIOS ÁGILES / Ingeniería Contractual,Servicios ágiles de ingeniería contractual,Diagnóstico contractual; Análisis de prefactibilidad de un reclamo; Apoyo técnico para lograr acuerdo; Análisis a la programación de la obra; Análisis ante término anticipado de contrato,Cinco servicios ágiles contractuales,Salud,Infraestructura de salud,DERIVADO: continuidad de obra,2,Sectores atendidos,"Rótulo editorial literal 'Salud' sobre imagen de establecimiento asistencial en p.2, dentro del mosaico de sectores atendidos.",OK,"El rótulo es texto editorial, no solo fotografía: constituye declaración de sector atendido.",MAPA_2A1_ORIGINAL,CORRECCION_NECESARIA,NO_USAR_NORMALIZACION_ACTUAL,REEMPLAZAR_SEGUN_AUDITORIA,,,,El documento rotula explícitamente el sector 'Salud' en el mosaico de sectores atendidos.,Mantener 'Salud' como aplicación/sector fuente. No normalizarlo todavía como 'Infraestructura de salud' hasta definir el alcance de la célula hospitalaria.,La normalización actual estrecha el rótulo editorial a una categoría más específica no escrita en la fuente.,SI,,PENDIENTE_2A2,NO,G_AGILES_18_20,NO_PARA_CONTENIDO,INFRA HOSPITALARIA Y ASISTENCIAL,ASIGNADA_2A2,PRIORIDAD_PROYECTO_SALUD,Aplicación explícita a salud/hospitalaria; la célula especializada prevalece sobre otras células.,SIN_CAMBIO,NO,2026-08-17
R0136,DOC-18,250325_Servicios Ágiles_Original.pdf,INFRA OPERACIÓN MINERA,PRINCIPAL,SERVICIOS ÁGILES / Ingeniería Contractual,Servicios ágiles de ingeniería contractual,Diagnóstico contractual; Análisis de prefactibilidad de un reclamo; Apoyo técnico para lograr acuerdo; Análisis a la programación de la obra; Análisis ante término anticipado de contrato,Cinco servicios ágiles contractuales,Minería,Faena minera,DERIVADO: continuidad operacional,2,Sectores atendidos,Rótulo editorial literal 'Minería' sobre imagen de rajo abierto en p.2.,OK,,MAPA_2A1_ORIGINAL,CORRECCION_NECESARIA,NO_USAR_NORMALIZACION_ACTUAL,REEMPLAZAR_SEGUN_AUDITORIA,,,,El documento rotula explícitamente el sector 'Minería'.,Mantener 'Minería' como aplicación/sector fuente; no normalizarlo como 'Faena minera' en esta etapa.,"La fuente declara el sector, no una aplicación específica a faena.",NO,,PENDIENTE_2A2,NO,G_AGILES_18_20,NO_PARA_CONTENIDO,INFRA OPERACIÓN MINERA,ASIGNADA_2A2,INTEGRIDAD_INGENIERIA_CONTINUIDAD_MINERIA,"Servicio de integridad, monitoreo, ingeniería, diagnóstico, confiabilidad, continuidad o soporte técnico de activos/operación minera.",SIN_CAMBIO,NO,2026-08-17
R0137,DOC-18,250325_Servicios Ágiles_Original.pdf,INFRA PÚBLICA RESILIENTE,PRINCIPAL,SERVICIOS ÁGILES / Ingeniería Contractual,Servicios ágiles de ingeniería contractual,Diagnóstico contractual; Análisis de prefactibilidad de un reclamo; Apoyo técnico para lograr acuerdo; Análisis a la programación de la obra; Análisis ante término anticipado de contrato,Cinco servicios ágiles contractuales,Obras públicas,Obras públicas,DERIVADO: continuidad de obra,2,Sectores atendidos,"Rótulo editorial literal 'Obras públicas' en p.2, sobre imagen de estructura colapsada sobre un cauce.",OK,La imagen asociada muestra una obra siniestrada; el documento no explica el caso.,MAPA_2A1_ORIGINAL,CORRECTO_Y_VERIFICABLE,APTO_FACTUAL,ACEPTADA,Servicios ágiles de ingeniería contractual,Cinco servicios ágiles contractuales,Obras públicas,El documento rotula explícitamente 'Obras públicas' entre los sectores atendidos.,Mantener la relación factual; la célula se resolverá en 2A.2.,La aplicación está declarada textualmente.,NO,,PENDIENTE_2A2,SI,G_AGILES_18_20,NO_PARA_CONTENIDO,INFRA PÚBLICA RESILIENTE,ASIGNADA_2A2,PROYECTO_INFRAESTRUCTURA_PUBLICA,Aplicación/proyecto público o infraestructura pública no perteneciente a Salud ni Metro/EFE.,SIN_CAMBIO,NO,2026-08-17
R0138,DOC-18,250325_Servicios Ágiles_Original.pdf,REQUIERE REVISIÓN,COMPLEMENTARIA,SERVICIOS ÁGILES / Ingeniería Contractual,Servicios ágiles de ingeniería contractual,NO IDENTIFICADO,NO IDENTIFICADO,Energía; Industria,Sector energía e industria,DERIVADO: cobertura sectorial,2,Sectores atendidos,Rótulos editoriales literales 'Energía' e 'Industria' en p.2.,REQUIERE REVISIÓN,Dos sectores declarados que no corresponden a ninguna de las cinco células definidas. Ver 04_revision_manual (CELULA_AMBIGUA).,MAPA_2A1_ORIGINAL,CORRECTO_Y_VERIFICABLE,APTO_FACTUAL,ACEPTADA,Servicios ágiles de ingeniería contractual,NO IDENTIFICADO,Sector energía e industria,El documento rotula explícitamente los sectores 'Energía' e 'Industria'.,Mantener ambos sectores como aplicaciones declaradas. Dejar su encaje en las cinco células pendiente.,"La duda existente es organizacional, no factual.",SI,,PENDIENTE_2A2,SI,G_AGILES_18_20,NO_PARA_CONTENIDO,,SIN_CELULA_PRIORIZADA,FUERA_ALCANCE_O_SIN_APLICACION_SECTORIAL,"Relación válida, pero sin aplicación explícita suficiente a una de las cinco células priorizadas o correspondiente a un ámbito transversal/no priorizado.",FUERA_DE_CELULAS_PRIORIZADAS,NO,2026-08-17
R0139,DOC-18,250325_Servicios Ágiles_Original.pdf,REQUIERE REVISIÓN,PRINCIPAL,Diagnóstico contractual,Diagnóstico contractual,estudio detallado que identifica mejoras clave y recomienda acciones basadas en las buenas prácticas de la industria,Estudio de mejoras contractuales,NO IDENTIFICADO,NO IDENTIFICADO,DERIVADO: prevención temprana,1,SERVICIOS ÁGILES,Cita literal p.1.,OK,,MAPA_2A1_ORIGINAL,CORRECTO_Y_VERIFICABLE,APTO_FACTUAL,ACEPTADA,Diagnóstico contractual,Estudio de mejoras contractuales,NO IDENTIFICADO,La fuente define Diagnóstico contractual como un estudio detallado que identifica mejoras clave y recomienda acciones basadas en buenas prácticas de la industria.,Mantener servicio/capacidad.,La prestación y su descripción están explícitas.,NO,,PENDIENTE_2A2,SI,G_AGILES_18_20,NO_PARA_CONTENIDO,,SIN_CELULA_PRIORIZADA,FUERA_ALCANCE_O_SIN_APLICACION_SECTORIAL,"Relación válida, pero sin aplicación explícita suficiente a una de las cinco células priorizadas o correspondiente a un ámbito transversal/no priorizado.",FUERA_DE_CELULAS_PRIORIZADAS,NO,2026-08-17
R0140,DOC-18,250325_Servicios Ágiles_Original.pdf,REQUIERE REVISIÓN,PRINCIPAL,Análisis de prefactibilidad de un reclamo,Prefactibilidad de reclamo,"revisión estratégica del mérito contractual, su documentación de respaldo y la trazabilidad de los perjuicios calculados",Evaluación de mérito de reclamo,NO IDENTIFICADO,NO IDENTIFICADO,DERIVADO: gobernanza de proyecto,1,SERVICIOS ÁGILES,Cita literal p.1.,OK,,MAPA_2A1_ORIGINAL,CORRECTO_Y_VERIFICABLE,APTO_FACTUAL,ACEPTADA,Prefactibilidad de reclamo,Evaluación de mérito de reclamo,NO IDENTIFICADO,"La fuente define el análisis de prefactibilidad de un reclamo mediante revisión del mérito contractual, documentación de respaldo y trazabilidad de perjuicios calculados.",Mantener la relación.,La prestación y sus componentes están explícitos.,NO,,PENDIENTE_2A2,SI,G_AGILES_18_20,NO_PARA_CONTENIDO,,SIN_CELULA_PRIORIZADA,FUERA_ALCANCE_O_SIN_APLICACION_SECTORIAL,"Relación válida, pero sin aplicación explícita suficiente a una de las cinco células priorizadas o correspondiente a un ámbito transversal/no priorizado.",FUERA_DE_CELULAS_PRIORIZADAS,NO,2026-08-17
R0141,DOC-18,250325_Servicios Ágiles_Original.pdf,REQUIERE REVISIÓN,PRINCIPAL,Apoyo técnico para lograr acuerdo,Apoyo técnico para acuerdo,Facilitamos la resolución de diferencias contractuales con un enfoque técnico que permite alcanzar acuerdos efectivos y prevenir instancias judiciales,Facilitación técnica de acuerdos,instancias judiciales,Prevención de litigio,DERIVADO: prevención temprana,1,SERVICIOS ÁGILES,Cita literal p.1.,OK,"Posicionamiento preventivo, distinto del enfoque pericial-litigioso de DOC-14.",MAPA_2A1_ORIGINAL,CORRECCION_NECESARIA,NO_USAR_NORMALIZACION_ACTUAL,REEMPLAZAR_SEGUN_AUDITORIA,,,,La fuente declara apoyo técnico para lograr acuerdo y dice que el enfoque permite alcanzar acuerdos efectivos y prevenir instancias judiciales.,Mantener 'Apoyo técnico para lograr acuerdo' como servicio/capacidad. Mover 'prevenir instancias judiciales' a beneficio/resultado; no usar 'Prevención de litigio' como aplicación.,La relación coloca un resultado esperado en el campo aplicación.,NO,,PENDIENTE_2A2,NO,G_AGILES_18_20,NO_PARA_CONTENIDO,,SIN_CELULA_PRIORIZADA,FUERA_ALCANCE_O_SIN_APLICACION_SECTORIAL,"Relación válida, pero sin aplicación explícita suficiente a una de las cinco células priorizadas o correspondiente a un ámbito transversal/no priorizado.",FUERA_DE_CELULAS_PRIORIZADAS,NO,2026-08-17
R0142,DOC-18,250325_Servicios Ágiles_Original.pdf,REQUIERE REVISIÓN,PRINCIPAL,Análisis a la programación de la obra,Análisis de programación de obra,"identificando retrasos, oportunidades de recuperación y simulamos escenarios para mejorar la planificación y la toma de decisiones",Simulación de escenarios de programa,NO IDENTIFICADO,NO IDENTIFICADO,DERIVADO: control de plazo,1,SERVICIOS ÁGILES,Cita literal p.1.,OK,,MAPA_2A1_ORIGINAL,CORRECCION_NECESARIA,NO_USAR_NORMALIZACION_ACTUAL,REEMPLAZAR_SEGUN_AUDITORIA,,,,"La fuente declara análisis de robustez del programa, identificación de retrasos y oportunidades de recuperación y simulación de escenarios para mejorar planificación y decisiones.","Normalizar como 'Análisis de programación de obra: robustez, retrasos, recuperación y simulación de escenarios', no solo 'Simulación de escenarios de programa'.",La normalización actual omite componentes explícitos del alcance.,NO,,PENDIENTE_2A2,NO,G_AGILES_18_20,NO_PARA_CONTENIDO,,SIN_CELULA_PRIORIZADA,FUERA_ALCANCE_O_SIN_APLICACION_SECTORIAL,"Relación válida, pero sin aplicación explícita suficiente a una de las cinco células priorizadas o correspondiente a un ámbito transversal/no priorizado.",FUERA_DE_CELULAS_PRIORIZADAS,NO,2026-08-17
R0143,DOC-18,250325_Servicios Ágiles_Original.pdf,REQUIERE REVISIÓN,PRINCIPAL,Análisis ante término anticipado de contrato,Análisis de término anticipado de contrato,"Analizamos y evaluamos las causales de incumplimiento determinadas por retrasos u otros, así como la determinación del avance físico y financiero de la obra",Evaluación de causales y avance,NO IDENTIFICADO,NO IDENTIFICADO,DERIVADO: continuidad de obra,1,SERVICIOS ÁGILES,Cita literal p.1.,OK,"Tercera formulación del mismo servicio TAC (ver DOC-01 p.12 y DOC-14 p.2), con redacción propia.",MAPA_2A1_ORIGINAL,CORRECTO_CON_MATIZ,APTO_CON_MATIZ,ACEPTADA_CON_MATIZ,Análisis de término anticipado de contrato,Evaluación de causales y avance,NO IDENTIFICADO,DOC-18 declara 'Análisis ante término anticipado de contrato' y lo define mediante evaluación de causales de incumplimiento y determinación del avance físico y financiero. DOC-14 usa una formulación distinta: estudios de pertinencia ante término anticipado.,Mantener el término y alcance propios de DOC-18. No fusionarlo todavía con DOC-14 ni con TAC de DOC-01.,"La relación está respaldada, pero el corpus contiene formulaciones relacionadas con alcances diferentes.",SI,,PENDIENTE_2A2,NO,G_AGILES_18_20,NO_PARA_CONTENIDO,,SIN_CELULA_PRIORIZADA,FUERA_ALCANCE_O_SIN_APLICACION_SECTORIAL,"Relación válida, pero sin aplicación explícita suficiente a una de las cinco células priorizadas o correspondiente a un ámbito transversal/no priorizado.",FUERA_DE_CELULAS_PRIORIZADAS,NO,2026-08-17
R0144,DOC-18,250325_Servicios Ágiles_Original.pdf,REQUIERE REVISIÓN,COMPLEMENTARIA,IDIEM MÁS DE 125 AÑOS DE CONFIANZA,Trayectoria declarada,"Más de 400 estudios realizados en la última década, respaldando nuestro enfoque técnico",Volumen de estudios,NO IDENTIFICADO,NO IDENTIFICADO,DERIVADO: autoridad técnica,2,"IDIEM, MÁS DE 125 AÑOS DE CONFIANZA",Cita literal p.2.,OK,Consistente con DOC-14 p.1 ('más de 400 estudios en los últimos 10 años'). No contradictorio.,MAPA_2A1_ORIGINAL,CORRECTO_CON_MATIZ,APTO_CON_MATIZ,ACEPTADA_CON_MATIZ,Trayectoria declarada,Volumen de estudios,NO IDENTIFICADO,La fuente declara 'Más de 400 estudios realizados en la última década'. El archivo de arte final lleva sello 25-03-2025.,Conservar como claim de trayectoria anclado al documento fechado 25-03-2025; no usarlo como cifra evergreen sin actualización.,"El claim aparece literalmente y existe una fecha de arte final, pero su vigencia futura debe controlarse.",SI,,PENDIENTE_2A2,NO,G_AGILES_18_20,NO_PARA_CONTENIDO,,SIN_CELULA_PRIORIZADA,FUERA_ALCANCE_O_SIN_APLICACION_SECTORIAL,"Relación válida, pero sin aplicación explícita suficiente a una de las cinco células priorizadas o correspondiente a un ámbito transversal/no priorizado.",FUERA_DE_CELULAS_PRIORIZADAS,NO,2026-08-17
R0145,DOC-18,250325_Servicios Ágiles_Original.pdf,REQUIERE REVISIÓN,COMPLEMENTARIA,Imparcialidad e independencia,Imparcialidad e independencia,"Actuamos con total objetividad y autonomía, somos parte de la Universidad de Chile",Independencia por pertenencia universitaria,NO IDENTIFICADO,NO IDENTIFICADO,DERIVADO: independencia técnica,2,"IDIEM, MÁS DE 125 AÑOS DE CONFIANZA",Cita literal p.2.,OK,Aquí la independencia se funda en la pertenencia universitaria; en DOC-14 p.1 se funda en el control de conflictos de interés. Argumentos distintos.,MAPA_2A1_ORIGINAL,CORRECCION_NECESARIA,NO_USAR_NORMALIZACION_ACTUAL,REEMPLAZAR_SEGUN_AUDITORIA,,,,"La fuente dice 'Actuamos con total objetividad y autonomía, somos parte de la Universidad de Chile'.","Mantener objetividad/autonomía y pertenencia universitaria como atributos declarados separados. No normalizar causalmente como ""Independencia por pertenencia universitaria"".","La fuente yuxtapone ambas afirmaciones, pero no declara explícitamente que una sea la causa de la otra.",NO,,PENDIENTE_2A2,NO,G_AGILES_18_20,NO_PARA_CONTENIDO,,SIN_CELULA_PRIORIZADA,FUERA_ALCANCE_O_SIN_APLICACION_SECTORIAL,"Relación válida, pero sin aplicación explícita suficiente a una de las cinco células priorizadas o correspondiente a un ámbito transversal/no priorizado.",FUERA_DE_CELULAS_PRIORIZADAS,NO,2026-08-17
R0146,DOC-20,250325_Servicios Ágiles.pdf,INFRA HOSPITALARIA Y ASISTENCIAL,PRINCIPAL,SERVICIOS ÁGILES / Ingeniería Contractual,Servicios ágiles de ingeniería contractual,Diagnóstico contractual; Análisis de prefactibilidad de un reclamo; Apoyo técnico para lograr acuerdo; Análisis a la programación de la obra; Análisis ante término anticipado de contrato,Cinco servicios ágiles contractuales,Salud,Infraestructura de salud,DERIVADO: continuidad de obra,2,Sectores atendidos,Rótulo editorial literal 'Salud' en p.2. Contenido textual idéntico al de DOC-18.,OK,Fila conservada pese a duplicar R0135: proviene de un archivo distinto y no debe eliminarse.,MAPA_2A1_ORIGINAL,CORRECCION_NECESARIA,NO_USAR_NORMALIZACION_ACTUAL,REEMPLAZAR_SEGUN_AUDITORIA,,,,El documento rotula explícitamente el sector 'Salud'.,Mantener 'Salud' como aplicación/sector fuente y no convertirlo todavía en 'Infraestructura de salud'.,La normalización estrecha el texto fuente.,SI,,PENDIENTE_2A2,NO,G_AGILES_18_20,SI,INFRA HOSPITALARIA Y ASISTENCIAL,ASIGNADA_2A2,PRIORIDAD_PROYECTO_SALUD,Aplicación explícita a salud/hospitalaria; la célula especializada prevalece sobre otras células.,SIN_CAMBIO,NO,2026-08-17
R0147,DOC-20,250325_Servicios Ágiles.pdf,INFRA OPERACIÓN MINERA,PRINCIPAL,SERVICIOS ÁGILES / Ingeniería Contractual,Servicios ágiles de ingeniería contractual,Diagnóstico contractual; Análisis de prefactibilidad de un reclamo; Apoyo técnico para lograr acuerdo; Análisis a la programación de la obra; Análisis ante término anticipado de contrato,Cinco servicios ágiles contractuales,Minería,Faena minera,DERIVADO: continuidad operacional,2,Sectores atendidos,Rótulo editorial literal 'Minería' en p.2. Contenido textual idéntico al de DOC-18.,OK,Duplica R0136 desde archivo distinto.,MAPA_2A1_ORIGINAL,CORRECCION_NECESARIA,NO_USAR_NORMALIZACION_ACTUAL,REEMPLAZAR_SEGUN_AUDITORIA,,,,El documento rotula explícitamente el sector 'Minería'.,Mantener 'Minería' como aplicación/sector fuente; no normalizar como 'Faena minera'.,La fuente no restringe el servicio a una faena específica.,NO,,PENDIENTE_2A2,NO,G_AGILES_18_20,SI,INFRA OPERACIÓN MINERA,ASIGNADA_2A2,INTEGRIDAD_INGENIERIA_CONTINUIDAD_MINERIA,"Servicio de integridad, monitoreo, ingeniería, diagnóstico, confiabilidad, continuidad o soporte técnico de activos/operación minera.",SIN_CAMBIO,NO,2026-08-17
R0148,DOC-20,250325_Servicios Ágiles.pdf,INFRA PÚBLICA RESILIENTE,PRINCIPAL,SERVICIOS ÁGILES / Ingeniería Contractual,Servicios ágiles de ingeniería contractual,Diagnóstico contractual; Análisis de prefactibilidad de un reclamo; Apoyo técnico para lograr acuerdo; Análisis a la programación de la obra; Análisis ante término anticipado de contrato,Cinco servicios ágiles contractuales,Obras públicas,Obras públicas,DERIVADO: continuidad de obra,2,Sectores atendidos,Rótulo editorial literal 'Obras públicas' en p.2. Contenido textual idéntico al de DOC-18.,OK,Duplica R0137 desde archivo distinto.,MAPA_2A1_ORIGINAL,CORRECTO_Y_VERIFICABLE,APTO_FACTUAL,ACEPTADA,Servicios ágiles de ingeniería contractual,Cinco servicios ágiles contractuales,Obras públicas,El documento rotula explícitamente 'Obras públicas'.,Mantener la relación factual; dejar la célula para 2A.2.,La aplicación está declarada.,NO,,PENDIENTE_2A2,SI,G_AGILES_18_20,SI,INFRA PÚBLICA RESILIENTE,ASIGNADA_2A2,PROYECTO_INFRAESTRUCTURA_PUBLICA,Aplicación/proyecto público o infraestructura pública no perteneciente a Salud ni Metro/EFE.,SIN_CAMBIO,NO,2026-08-17
R0149,DOC-20,250325_Servicios Ágiles.pdf,REQUIERE REVISIÓN,COMPLEMENTARIA,SERVICIOS ÁGILES / Ingeniería Contractual,Servicios ágiles de ingeniería contractual,NO IDENTIFICADO,NO IDENTIFICADO,Energía; Industria,Sector energía e industria,DERIVADO: cobertura sectorial,2,Sectores atendidos,Rótulos editoriales literales 'Energía' e 'Industria' en p.2.,REQUIERE REVISIÓN,Sectores declarados fuera del esquema de cinco células.,MAPA_2A1_ORIGINAL,CORRECTO_Y_VERIFICABLE,APTO_FACTUAL,ACEPTADA,Servicios ágiles de ingeniería contractual,NO IDENTIFICADO,Sector energía e industria,El documento rotula explícitamente los sectores 'Energía' e 'Industria'.,Mantener ambos sectores como aplicaciones declaradas; resolver su encaje organizacional en 2A.2.,"La duda es de células, no de evidencia.",SI,,PENDIENTE_2A2,SI,G_AGILES_18_20,SI,,SIN_CELULA_PRIORIZADA,FUERA_ALCANCE_O_SIN_APLICACION_SECTORIAL,"Relación válida, pero sin aplicación explícita suficiente a una de las cinco células priorizadas o correspondiente a un ámbito transversal/no priorizado.",FUERA_DE_CELULAS_PRIORIZADAS,NO,2026-08-17
R0150,DOC-20,250325_Servicios Ágiles.pdf,REQUIERE REVISIÓN,PRINCIPAL,SERVICIOS ÁGILES / Ingeniería Contractual,Servicios ágiles de ingeniería contractual,Diagnóstico contractual; Análisis de prefactibilidad de un reclamo; Apoyo técnico para lograr acuerdo; Análisis a la programación de la obra; Análisis ante término anticipado de contrato,Cinco servicios ágiles contractuales,NO IDENTIFICADO,NO IDENTIFICADO,DERIVADO: prevención temprana,1,SERVICIOS ÁGILES,Los cinco bloques de p.1 son idénticos palabra por palabra a los de DOC-18 p.1.,OK,Verificado por comparación directa de ambos documentos. Diferencia observada únicamente en marcas de imprenta. Ver 04_revision_manual (POSIBLE_DUPLICADO).,MAPA_2A1_ORIGINAL,CORRECTO_Y_VERIFICABLE,APTO_FACTUAL,ACEPTADA,Servicios ágiles de ingeniería contractual,Cinco servicios ágiles contractuales,NO IDENTIFICADO,"DOC-20 contiene los cinco Servicios Ágiles: Diagnóstico contractual, prefactibilidad de reclamo, apoyo técnico para lograr acuerdo, análisis de programación de obra y análisis ante término anticipado. El contenido visual/textual coincide con DOC-18, salvo marcas de imprenta en DOC-18.",Mantener la relación agregada. Resolver posteriormente la canonicalización DOC-18/DOC-20 para no contar ambos como evidencia independiente.,El contenido está respaldado; el problema pendiente es de duplicidad/canonicalización.,SI,,PENDIENTE_2A2,SI,G_AGILES_18_20,SI,,SIN_CELULA_PRIORIZADA,FUERA_ALCANCE_O_SIN_APLICACION_SECTORIAL,"Relación válida, pero sin aplicación explícita suficiente a una de las cinco células priorizadas o correspondiente a un ámbito transversal/no priorizado.",FUERA_DE_CELULAS_PRIORIZADAS,NO,2026-08-17
R0151,DOC-20,250325_Servicios Ágiles.pdf,REQUIERE REVISIÓN,COMPLEMENTARIA,ANTICIPAMOS PROTEGEMOS Y RESOLVEMOS,Propuesta de valor contractual,Decisiones estratégicas con respaldo experto; Minimización de riesgos; Mejoramos la gestión documental de tu obra,Tres ejes de propuesta de valor,NO IDENTIFICADO,NO IDENTIFICADO,DERIVADO: prevención temprana,2,"ANTICIPAMOS, PROTEGEMOS Y RESOLVEMOS","Cita literal p.2, idéntica a DOC-18 p.2.",OK,'Mejoramos la gestión documental de tu obra' no aparece en DOC-14: es aporte propio de la línea Servicios Ágiles.,MAPA_2A1_ORIGINAL,CORRECCION_NECESARIA,NO_USAR_NORMALIZACION_ACTUAL,REEMPLAZAR_SEGUN_AUDITORIA,,,,"Bajo 'ANTICIPAMOS, PROTEGEMOS Y RESOLVEMOS' la fuente presenta decisiones estratégicas con respaldo experto, minimización de riesgos y mejora de la gestión documental de la obra.","Tratar el bloque como propuesta de valor/beneficios editoriales del servicio, no como servicio o capacidad técnica autónoma.","El encabezado es una propuesta de valor y los tres elementos describen beneficios/soporte, no una prestación independiente.",NO,,PENDIENTE_2A2,NO,G_AGILES_18_20,SI,,SIN_CELULA_PRIORIZADA,FUERA_ALCANCE_O_SIN_APLICACION_SECTORIAL,"Relación válida, pero sin aplicación explícita suficiente a una de las cinco células priorizadas o correspondiente a un ámbito transversal/no priorizado.",FUERA_DE_CELULAS_PRIORIZADAS,NO,2026-08-17
R0152,DOC-19,250407_Soluciones Integrales en Gestión de Vulnerabilidad e Integridad Estructural.pdf,INFRA OPERACIÓN MINERA,PRINCIPAL,Soluciones especializadas en gestión de vulnerabilidad e integridad estructural,Gestión de vulnerabilidad e integridad estructural,"Inspecciones estructurales especializadas y peritajes: Evaluación de fisuras, deformaciones y corrosión",Inspección y peritaje estructural,INFRAESTRUCTURA MINERA,Infraestructura minera,DERIVADO: seguridad de activos,1,"Portafolio de servicios en integridad estructural, inspecciones y peritajes",Cita literal p.1. Titular de portada: 'INTEGRIDAD Y SEGURIDAD PARA LA INFRAESTRUCTURA MINERA'.,OK,Documento fuente principal para integridad estructural en minería.,MAPA_2A1_ORIGINAL,CORRECTO_Y_VERIFICABLE,APTO_FACTUAL,ACEPTADA,Gestión de vulnerabilidad e integridad estructural,Inspección y peritaje estructural,Infraestructura minera,"La fuente desarrolla inspecciones estructurales especializadas, peritajes y evaluación de fisuras, deformaciones y corrosión bajo un servicio para infraestructura minera.",Mantener la relación.,"Servicio, capacidad y aplicación minera están explícitos.",NO,,PENDIENTE_2A2,SI,G_VULNERABILIDAD_19_27,SI_CON_MATICES,INFRA OPERACIÓN MINERA,ASIGNADA_2A2,INTEGRIDAD_INGENIERIA_CONTINUIDAD_MINERIA,"Servicio de integridad, monitoreo, ingeniería, diagnóstico, confiabilidad, continuidad o soporte técnico de activos/operación minera.",SIN_CAMBIO,NO,2026-08-17
R0153,DOC-19,250407_Soluciones Integrales en Gestión de Vulnerabilidad e Integridad Estructural.pdf,LAB MINERO DIGITAL,REQUIERE REVISIÓN,Levantamiento de información técnica en terreno,Levantamiento técnico en terreno,"Inspección visual, aérea y termográfica; Modelos 3D precisos con escáner láser y dron",Inspección aérea y modelación 3D con láser y dron,infraestructura minera,Infraestructura minera,DERIVADO: digitalización de activos mineros,1,Levantamiento de información técnica en terreno,Cita literal p.1.,REQUIERE REVISIÓN,"Combinación explícita minería + tecnología digital de captura. Candidata fuerte a LAB MINERO DIGITAL, pendiente definición de la célula.",MAPA_2A1_ORIGINAL,CORRECCION_NECESARIA,NO_USAR_NORMALIZACION_ACTUAL,REEMPLAZAR_SEGUN_AUDITORIA,,,,La fuente presenta 'Levantamiento de información técnica en terreno' con inspección visual/aérea/termográfica y modelos 3D con escáner láser y dron.,Mantener 'Gestión de vulnerabilidad e integridad estructural' como servicio padre y registrar 'Levantamiento de información técnica en terreno' como capacidad/subservicio.,El mapa utiliza un bloque interno del portafolio como si fuera el servicio principal.,SI,,PENDIENTE_2A2,NO,G_VULNERABILIDAD_19_27,SI_CON_MATICES,INFRA OPERACIÓN MINERA,ASIGNADA_2A2,INTEGRIDAD_INGENIERIA_CONTINUIDAD_MINERIA,"Servicio de integridad, monitoreo, ingeniería, diagnóstico, confiabilidad, continuidad o soporte técnico de activos/operación minera.",REASIGNADA,NO,2026-08-17
R0154,DOC-19,250407_Soluciones Integrales en Gestión de Vulnerabilidad e Integridad Estructural.pdf,INFRA OPERACIÓN MINERA,PRINCIPAL,Monitoreo de salud estructural,Monitoreo de salud estructural,Seguimiento continuo con sensores: Información en tiempo real para la toma de decisiones,Sensorización y datos en tiempo real,infraestructura minera,Infraestructura minera,DERIVADO: monitoreo continuo,1,Monitoreo de salud estructural,Cita literal p.1.,OK,Tercera formulación de salud estructural en el corpus (ver DOC-01 p.9 y DOC-07 p.1-2); redacciones distintas.,MAPA_2A1_ORIGINAL,CORRECTO_Y_VERIFICABLE,APTO_FACTUAL,ACEPTADA,Monitoreo de salud estructural,Sensorización y datos en tiempo real,Infraestructura minera,La fuente declara seguimiento continuo con sensores e información en tiempo real para toma de decisiones dentro de Monitoreo de salud estructural.,Mantener la relación.,Servicio/capacidad y contexto minero están explícitos.,NO,,PENDIENTE_2A2,SI,G_VULNERABILIDAD_19_27,SI_CON_MATICES,INFRA OPERACIÓN MINERA,ASIGNADA_2A2,INTEGRIDAD_INGENIERIA_CONTINUIDAD_MINERIA,"Servicio de integridad, monitoreo, ingeniería, diagnóstico, confiabilidad, continuidad o soporte técnico de activos/operación minera.",SIN_CAMBIO,NO,2026-08-17
R0155,DOC-19,250407_Soluciones Integrales en Gestión de Vulnerabilidad e Integridad Estructural.pdf,INFRA OPERACIÓN MINERA,PRINCIPAL,Monitoreo de salud estructural,Monitoreo de salud estructural,Análisis de vibraciones de equipo rotativo: Control de condiciones operativas críticas,Análisis de vibraciones en equipo rotativo,"Chancadores, molinos, correas",Equipos de procesamiento mineral,DERIVADO: continuidad operacional,1,Monitoreo de salud estructural,"Cita literal p.1. La p.2 detalla como aplicación 'Equipos estáticos y de soporte: Chancadores, molinos, correas'.",OK,"Aplicación a equipos de proceso, no solo a estructuras: amplía el alcance respecto de DOC-01.",MAPA_2A1_ORIGINAL,CORRECCION_NECESARIA,NO_USAR_NORMALIZACION_ACTUAL,REEMPLAZAR_SEGUN_AUDITORIA,,,,"La p.1 vincula el análisis de vibraciones a 'equipo rotativo'. La p.2 lista, de forma general, 'Equipos estáticos y de soporte: Chancadores, molinos, correas' como aplicaciones de la solución.","Usar 'equipo rotativo' como aplicación directa de esta capacidad. No asignar automáticamente 'chancadores, molinos, correas' a este análisis sin una vinculación textual específica.",La fila cruza dos bloques distintos y atribuye a una capacidad una lista de activos que la fuente no vincula específicamente con ella.,NO,,PENDIENTE_2A2,NO,G_VULNERABILIDAD_19_27,SI_CON_MATICES,INFRA OPERACIÓN MINERA,ASIGNADA_2A2,INTEGRIDAD_INGENIERIA_CONTINUIDAD_MINERIA,"Servicio de integridad, monitoreo, ingeniería, diagnóstico, confiabilidad, continuidad o soporte técnico de activos/operación minera.",SIN_CAMBIO,NO,2026-08-17
R0156,DOC-19,250407_Soluciones Integrales en Gestión de Vulnerabilidad e Integridad Estructural.pdf,LAB MINERO DIGITAL,REQUIERE REVISIÓN,Monitoreo de salud estructural,Monitoreo de salud estructural,Análisis predictivo para mantenimiento oportuno: Anticipación de fallas estructurales,Análisis predictivo de fallas,infraestructura minera,Infraestructura minera,DERIVADO: mantenimiento predictivo,1,Monitoreo de salud estructural,Cita literal p.1.,REQUIERE REVISIÓN,Analítica predictiva aplicada a minería; junto con R0153 son las mejores candidatas del corpus para LAB MINERO DIGITAL.,MAPA_2A1_ORIGINAL,CORRECTO_Y_VERIFICABLE,APTO_FACTUAL,ACEPTADA,Monitoreo de salud estructural,Análisis predictivo de fallas,Infraestructura minera,La fuente declara 'Análisis predictivo para mantenimiento oportuno: Anticipación de fallas estructurales'.,Mantener la relación factual. Dejar la célula LAB MINERO DIGITAL pendiente.,La capacidad predictiva está explícita en una ficha de infraestructura minera.,SI,,PENDIENTE_2A2,SI,G_VULNERABILIDAD_19_27,SI_CON_MATICES,INFRA OPERACIÓN MINERA,ASIGNADA_2A2,INTEGRIDAD_INGENIERIA_CONTINUIDAD_MINERIA,"Servicio de integridad, monitoreo, ingeniería, diagnóstico, confiabilidad, continuidad o soporte técnico de activos/operación minera.",REASIGNADA,NO,2026-08-17
R0157,DOC-19,250407_Soluciones Integrales en Gestión de Vulnerabilidad e Integridad Estructural.pdf,INFRA OPERACIÓN MINERA,PRINCIPAL,GESTIÓN DE LA INTEGRIDAD ESTRUCTURAL (SIM - STRUCTURAL INTEGRITY MANAGEMENT),Gestión de integridad estructural (SIM),"Planificación y monitoreo continuo para asegurar la confiabilidad estructural. Incluye análisis técnico de antecedentes, inspecciones programadas y sensores para detección temprana de fallas",Programa SIM,infraestructura minera,Infraestructura minera,DERIVADO: confiabilidad,2,GESTIÓN DE LA INTEGRIDAD ESTRUCTURAL (SIM),Cita literal p.2.,OK,Único documento del corpus que nombra la sigla SIM y la define.,MAPA_2A1_ORIGINAL,CORRECTO_CON_MATIZ,APTO_CON_MATIZ,ACEPTADA_CON_MATIZ,Gestión de integridad estructural (SIM),Programa SIM,Infraestructura minera,"La fuente nombra 'Gestión de la integridad estructural (SIM - Structural Integrity Management)' y la define mediante planificación, monitoreo, análisis de antecedentes, inspecciones y sensores.",Mantener el servicio; preferir una normalización como 'Gestión de integridad estructural (SIM)' o 'Planificación y monitoreo continuo de integridad estructural' en lugar de 'Programa SIM'.,'Programa SIM' es una denominación inferida que no aparece en la fuente.,NO,,PENDIENTE_2A2,NO,G_VULNERABILIDAD_19_27,SI_CON_MATICES,INFRA OPERACIÓN MINERA,ASIGNADA_2A2,INTEGRIDAD_INGENIERIA_CONTINUIDAD_MINERIA,"Servicio de integridad, monitoreo, ingeniería, diagnóstico, confiabilidad, continuidad o soporte técnico de activos/operación minera.",SIN_CAMBIO,NO,2026-08-17
R0158,DOC-19,250407_Soluciones Integrales en Gestión de Vulnerabilidad e Integridad Estructural.pdf,INFRA OPERACIÓN MINERA,PRINCIPAL,Elaboración y desarrollo de planes de mantenimiento estructural,Planes de mantenimiento estructural,Planes estratégicos basados en normativas y mejores prácticas para prolongar la vida útil de activos,Plan de mantenimiento para vida útil,activos mineros,Activos mineros,DERIVADO: gestión de activos,2,Elaboración y desarrollo de planes de mantenimiento estructural,Cita literal p.2 (encabezado y bajada).,OK,,MAPA_2A1_ORIGINAL,CORRECTO_Y_VERIFICABLE,APTO_FACTUAL,ACEPTADA,Planes de mantenimiento estructural,Plan de mantenimiento para vida útil,Activos mineros,La fuente declara elaboración y desarrollo de planes de mantenimiento estructural basados en normativas y mejores prácticas para prolongar la vida útil de activos.,Mantener la relación.,La prestación y su objetivo están explícitos.,NO,,PENDIENTE_2A2,SI,G_VULNERABILIDAD_19_27,SI_CON_MATICES,INFRA OPERACIÓN MINERA,ASIGNADA_2A2,INTEGRIDAD_INGENIERIA_CONTINUIDAD_MINERIA,"Servicio de integridad, monitoreo, ingeniería, diagnóstico, confiabilidad, continuidad o soporte técnico de activos/operación minera.",SIN_CAMBIO,NO,2026-08-17
R0159,DOC-19,250407_Soluciones Integrales en Gestión de Vulnerabilidad e Integridad Estructural.pdf,INFRA OPERACIÓN MINERA,PRINCIPAL,APLICACIONES EN LA INDUSTRIA MINERA,Aplicaciones en industria minera,Depósitos y relaves: Seguridad estructural en almacenamiento,Integridad de depósitos de relaves,Depósitos y relaves,Depósitos de relaves,DERIVADO: seguridad de activos críticos,2,APLICACIONES EN LA INDUSTRIA MINERA,Cita literal p.2.,OK,"Coincide con la instrumentación de tranques de relaves de DOC-01 p.6, con enfoque distinto (integridad vs. instrumentación).",MAPA_2A1_ORIGINAL,CORRECCION_NECESARIA,NO_USAR_NORMALIZACION_ACTUAL,REEMPLAZAR_SEGUN_AUDITORIA,,,,La fuente incluye 'Depósitos y relaves: Seguridad estructural en almacenamiento' dentro de 'Aplicaciones en la industria minera'.,"Usar el servicio de gestión de vulnerabilidad/integridad estructural como servicio padre; registrar depósitos y relaves como aplicación, no 'Aplicaciones en la industria minera' como servicio.",Se usó un encabezado de aplicación como término de servicio.,NO,,PENDIENTE_2A2,NO,G_VULNERABILIDAD_19_27,SI_CON_MATICES,INFRA OPERACIÓN MINERA,ASIGNADA_2A2,INTEGRIDAD_INGENIERIA_CONTINUIDAD_MINERIA,"Servicio de integridad, monitoreo, ingeniería, diagnóstico, confiabilidad, continuidad o soporte técnico de activos/operación minera.",SIN_CAMBIO,NO,2026-08-17
R0160,DOC-19,250407_Soluciones Integrales en Gestión de Vulnerabilidad e Integridad Estructural.pdf,INFRA OPERACIÓN MINERA,PRINCIPAL,APLICACIONES EN LA INDUSTRIA MINERA,Aplicaciones en industria minera,"Estructuras metálicas: Soportes, edificios industriales",Integridad de estructuras metálicas,"Soportes, edificios industriales",Estructuras metálicas industriales,DERIVADO: gestión de activos,2,APLICACIONES EN LA INDUSTRIA MINERA,Cita literal p.2.,OK,,MAPA_2A1_ORIGINAL,CORRECCION_NECESARIA,NO_USAR_NORMALIZACION_ACTUAL,REEMPLAZAR_SEGUN_AUDITORIA,,,,"La fuente lista 'Estructuras metálicas: Soportes, edificios industriales' como aplicación en minería.",Mover esta información al nivel aplicación del servicio de gestión de vulnerabilidad/integridad estructural.,"'Aplicaciones en la industria minera' es un encabezado, no un servicio.",NO,,PENDIENTE_2A2,NO,G_VULNERABILIDAD_19_27,SI_CON_MATICES,INFRA OPERACIÓN MINERA,ASIGNADA_2A2,INTEGRIDAD_INGENIERIA_CONTINUIDAD_MINERIA,"Servicio de integridad, monitoreo, ingeniería, diagnóstico, confiabilidad, continuidad o soporte técnico de activos/operación minera.",SIN_CAMBIO,NO,2026-08-17
R0161,DOC-19,250407_Soluciones Integrales en Gestión de Vulnerabilidad e Integridad Estructural.pdf,INFRA OPERACIÓN MINERA,PRINCIPAL,APLICACIONES EN LA INDUSTRIA MINERA,Aplicaciones en industria minera,"Infraestructura de obra civil: Fundaciones, muros, túneles",Integridad de obra civil minera,"Fundaciones, muros, túneles",Obra civil minera,DERIVADO: gestión de activos,2,APLICACIONES EN LA INDUSTRIA MINERA,Cita literal p.2.,OK,"Aquí los túneles son mineros y están declarados como tales, a diferencia de DOC-01 p.6.",MAPA_2A1_ORIGINAL,CORRECCION_NECESARIA,NO_USAR_NORMALIZACION_ACTUAL,REEMPLAZAR_SEGUN_AUDITORIA,,,,"La fuente lista 'Infraestructura de obra civil: Fundaciones, muros, túneles' como aplicación en minería.","Mover fundaciones, muros y túneles al nivel aplicación del servicio padre.",'Aplicaciones en la industria minera' no es un servicio técnico.,NO,,PENDIENTE_2A2,NO,G_VULNERABILIDAD_19_27,SI_CON_MATICES,INFRA OPERACIÓN MINERA,ASIGNADA_2A2,INTEGRIDAD_INGENIERIA_CONTINUIDAD_MINERIA,"Servicio de integridad, monitoreo, ingeniería, diagnóstico, confiabilidad, continuidad o soporte técnico de activos/operación minera.",SIN_CAMBIO,NO,2026-08-17
R0162,DOC-19,250407_Soluciones Integrales en Gestión de Vulnerabilidad e Integridad Estructural.pdf,INFRA OPERACIÓN MINERA,PRINCIPAL,APLICACIONES EN LA INDUSTRIA MINERA,Aplicaciones en industria minera,"Infraestructura eléctrica: Torres de transmisión, subestaciones",Integridad de infraestructura eléctrica,"Torres de transmisión, subestaciones",Infraestructura eléctrica,DERIVADO: continuidad operacional,2,APLICACIONES EN LA INDUSTRIA MINERA,Cita literal p.2.,OK,Aplicación eléctrica que también podría corresponder al sector energía declarado en DOC-18/DOC-20.,MAPA_2A1_ORIGINAL,CORRECCION_NECESARIA,NO_USAR_NORMALIZACION_ACTUAL,REEMPLAZAR_SEGUN_AUDITORIA,,,,"La fuente lista 'Infraestructura eléctrica: Torres de transmisión, subestaciones' como aplicación en minería.",Mover torres y subestaciones al nivel aplicación del servicio padre.,La jerarquía actual convierte un encabezado de aplicaciones en servicio.,NO,,PENDIENTE_2A2,NO,G_VULNERABILIDAD_19_27,SI_CON_MATICES,INFRA OPERACIÓN MINERA,ASIGNADA_2A2,INTEGRIDAD_INGENIERIA_CONTINUIDAD_MINERIA,"Servicio de integridad, monitoreo, ingeniería, diagnóstico, confiabilidad, continuidad o soporte técnico de activos/operación minera.",SIN_CAMBIO,NO,2026-08-17
R0163,DOC-19,250407_Soluciones Integrales en Gestión de Vulnerabilidad e Integridad Estructural.pdf,LAB MINERO DIGITAL,REQUIERE REVISIÓN,VALOR AGREGADO PARA TU OPERACIÓN,Valor agregado declarado,Visualización técnica clara y accesible; Potencial para la automatización de procesos,Visualización y automatización,operación minera,Operación minera,DERIVADO: digitalización,2,VALOR AGREGADO PARA TU OPERACIÓN,Cita literal p.2.,REQUIERE REVISIÓN,"'Potencial para la automatización' está declarado como potencial, no como capacidad actual. No presentar como servicio disponible.",MAPA_2A1_ORIGINAL,CORRECCION_NECESARIA,NO_USAR_NORMALIZACION_ACTUAL,REEMPLAZAR_SEGUN_AUDITORIA,,,,La fuente ubica 'Visualización técnica clara y accesible' y 'Potencial para la automatización de procesos' dentro de 'Valor agregado para tu operación'.,Mover ambos a beneficios/atributos editoriales. Conservar explícitamente que la automatización es solo 'potencial'.,Se usó un encabezado de valor agregado como servicio y un beneficio potencial como si fuera capacidad.,SI,,PENDIENTE_2A2,NO,G_VULNERABILIDAD_19_27,SI_CON_MATICES,INFRA OPERACIÓN MINERA,ASIGNADA_2A2,INTEGRIDAD_INGENIERIA_CONTINUIDAD_MINERIA,"Servicio de integridad, monitoreo, ingeniería, diagnóstico, confiabilidad, continuidad o soporte técnico de activos/operación minera.",REASIGNADA,NO,2026-08-17
R0164,DOC-19,250407_Soluciones Integrales en Gestión de Vulnerabilidad e Integridad Estructural.pdf,INFRA OPERACIÓN MINERA,COMPLEMENTARIA,¿POR QUÉ IDIEM PUEDE SER UN APORTE A TU PROYECTO?,Diferenciadores declarados,Equipo multidisciplinario de expertos; Tecnología de inspección avanzada; Adherencia a estándares internacionales; Soluciones adaptadas a sus necesidades; Conocimiento del sector minero,Cinco diferenciadores,sector minero,Sector minero,DERIVADO: autoridad técnica,2,¿POR QUÉ IDIEM PUEDE SER UN APORTE A TU PROYECTO?,Cita literal p.2.,OK,'Adherencia a estándares internacionales' no identifica cuáles; no es verificable desde el documento.,MAPA_2A1_ORIGINAL,CORRECCION_NECESARIA,NO_USAR_NORMALIZACION_ACTUAL,REEMPLAZAR_SEGUN_AUDITORIA,,,,"La fuente presenta cinco diferenciadores: equipo multidisciplinario, tecnología de inspección avanzada, adherencia a estándares internacionales, soluciones adaptadas y conocimiento del sector minero.","Mover estos elementos a atributos/diferenciadores, no tratarlos como servicio. Marcar 'Adherencia a estándares internacionales' para validación porque no se identifican los estándares.",El encabezado '¿Por qué IDIEM puede ser un aporte...?' no es un servicio y contiene un claim no sustentado documentalmente.,SI,,PENDIENTE_2A2,NO,G_VULNERABILIDAD_19_27,SI_CON_MATICES,INFRA OPERACIÓN MINERA,ASIGNADA_2A2,INTEGRIDAD_INGENIERIA_CONTINUIDAD_MINERIA,"Servicio de integridad, monitoreo, ingeniería, diagnóstico, confiabilidad, continuidad o soporte técnico de activos/operación minera.",SIN_CAMBIO,NO,2026-08-17
R0165,DOC-19,250407_Soluciones Integrales en Gestión de Vulnerabilidad e Integridad Estructural.pdf,INFRA OPERACIÓN MINERA,COMPLEMENTARIA,Soluciones especializadas en gestión de vulnerabilidad e integridad estructural,Gestión de vulnerabilidad e integridad estructural,Garantizamos la seguridad estructural en minería mediante la gestión de riesgos y el cumplimiento normativo,Promesa de seguridad estructural,minería,Minería,DERIVADO: cumplimiento normativo,1,Bajada de portada,Cita literal p.1.,REQUIERE REVISIÓN,"ALERTA DE LENGUAJE: el documento usa 'Garantizamos', un verbo de compromiso absoluto. Revisar antes de reutilizar en comunicación externa por implicancias contractuales.",MAPA_2A1_ORIGINAL,CORRECCION_NECESARIA,NO_USAR_NORMALIZACION_ACTUAL,REEMPLAZAR_SEGUN_AUDITORIA,,,,La fuente dice literalmente 'Garantizamos la seguridad estructural en minería mediante la gestión de riesgos y el cumplimiento normativo'.,Conservar la frase solo como claim literal marcado para revisión; no tratar 'Promesa de seguridad estructural' como capacidad técnica.,"Es un compromiso absoluto de comunicación, no una prestación técnica verificable.",SI,,PENDIENTE_2A2,NO,G_VULNERABILIDAD_19_27,SI_CON_MATICES,INFRA OPERACIÓN MINERA,ASIGNADA_2A2,INTEGRIDAD_INGENIERIA_CONTINUIDAD_MINERIA,"Servicio de integridad, monitoreo, ingeniería, diagnóstico, confiabilidad, continuidad o soporte técnico de activos/operación minera.",SIN_CAMBIO,NO,2026-08-17
R0166,DOC-21,250813_Flyer Rocas.pdf,REQUIERE REVISIÓN,PRINCIPAL,LABORATORIO DE ROCAS,Laboratorio de rocas,"Realizamos ensayos convencionales y especiales de mecánica de rocas, necesario para la caracterización de macizo rocoso, tales como UCS, triaxiales, PLT, tracción indirecta, velocidad de ondas, hinchamientos, DRX, entre otros",Ensayos de mecánica de rocas,macizo rocoso,Macizo rocoso,DERIVADO: confiabilidad de materiales,2,LABORATORIO DE ROCAS,Cita literal p.2 con el listado completo de ensayos.,REQUIERE REVISIÓN,"El texto no nombra minería. La caracterización de macizo rocoso es propia de minería subterránea y túneles, pero la inferencia no está respaldada por el texto.",MAPA_2A1_ORIGINAL,CORRECTO_Y_VERIFICABLE,APTO_FACTUAL,ACEPTADA,Laboratorio de rocas,Ensayos de mecánica de rocas,Macizo rocoso,"La fuente declara ensayos convencionales y especiales de mecánica de rocas para caracterización de macizo rocoso, incluyendo UCS, triaxiales, PLT, tracción indirecta, velocidad de ondas, hinchamientos y DRX.","Mantener servicio, capacidad y aplicación a macizo rocoso. No inferir minería desde DOC-21.",La capacidad y la aplicación a macizo rocoso están explícitas; el documento no declara sector minero en el cuerpo editorial.,NO,,PENDIENTE_2A2,SI,G_ROCAS_21_30,SI_CON_MATICES,LAB MINERO DIGITAL,ASIGNADA_2A2,SERVICIO_NUCLEO_LAB_MINERO,Laboratorio de rocas/Triaxial y evidencia asociada se definieron como núcleo de LAB MINERO DIGITAL.,RESUELTA_DESDE_REVISION,NO,2026-08-17
R0167,DOC-21,250813_Flyer Rocas.pdf,REQUIERE REVISIÓN,PRINCIPAL,LABORATORIO DE ROCAS,Laboratorio de rocas,"Tenemos el único equipo Triaxial para grandes partículas de Chile y Sudamérica, uno de los tres de su tipo disponibles en el mundo y desarrollado con ingeniería propia",Equipo triaxial para grandes partículas,NO IDENTIFICADO,NO IDENTIFICADO,DERIVADO: diferenciación técnica,2,LABORATORIO DE ROCAS,Cita literal p.2.,REQUIERE REVISIÓN,Afirmación de exclusividad mundial sin fuente citada. Alto valor comunicacional pero requiere validación antes de reutilizarse.,MAPA_2A1_ORIGINAL,REQUIERE_VALIDACION_HUMANA,NO_USAR_HASTA_VALIDACION,PENDIENTE_VALIDACION_HUMANA,,,,"DOC-21 afirma que IDIEM tiene el único equipo Triaxial para grandes partículas de Chile y Sudamérica, uno de los tres de su tipo disponibles en el mundo y desarrollado con ingeniería propia. DOC-30 formula un claim distinto: 'tercero más grande a nivel mundial' y también 'desarrollado con ingeniería propia'.",Conservar el equipo triaxial como capacidad del Laboratorio de rocas/geotecnia. Mantener los claims de exclusividad y ranking como pendientes de validación externa. Corregir la etiqueta de 'contradicción' entre documentos: son afirmaciones distintas y no necesariamente incompatibles.,"El corpus confirma que ambos claims fueron publicados, pero no permite verificar su exactitud mundial ni demostrar que se contradigan.",SI,,PENDIENTE_2A2,NO,G_ROCAS_21_30,SI_CON_MATICES,LAB MINERO DIGITAL,ASIGNADA_2A2,SERVICIO_NUCLEO_LAB_MINERO,Laboratorio de rocas/Triaxial y evidencia asociada se definieron como núcleo de LAB MINERO DIGITAL.,RESUELTA_DESDE_REVISION,NO,2026-08-17
R0168,DOC-21,250813_Flyer Rocas.pdf,REQUIERE REVISIÓN,COMPLEMENTARIA,Laboratorio de geotecnia,Laboratorio de geotecnia,Tenemos el primer y mayor laboratorio de geotecnia del país,Capacidad de laboratorio geotécnico,NO IDENTIFICADO,NO IDENTIFICADO,DERIVADO: autoridad técnica,1,Portada,Cita literal p.1.,REQUIERE REVISIÓN,Afirmación superlativa ('primer y mayor') sin respaldo verificable en el documento.,MAPA_2A1_ORIGINAL,CORRECCION_NECESARIA,NO_USAR_NORMALIZACION_ACTUAL,REEMPLAZAR_SEGUN_AUDITORIA,,,,La fuente afirma 'Tenemos el primer y mayor laboratorio de geotecnia del país'.,"Mantener 'Laboratorio de geotecnia' como entidad/capacidad relacionada, pero mover 'primer y mayor' a claim institucional pendiente de validación; no modelarlo como capacidad técnica.",La frase es un superlativo comparativo sin respaldo en el documento y no describe una prestación.,SI,,PENDIENTE_2A2,NO,G_ROCAS_21_30,SI_CON_MATICES,LAB MINERO DIGITAL,ASIGNADA_2A2,SERVICIO_NUCLEO_LAB_MINERO,Laboratorio de rocas/Triaxial y evidencia asociada se definieron como núcleo de LAB MINERO DIGITAL.,RESUELTA_DESDE_REVISION,NO,2026-08-17
R0169,DOC-21,250813_Flyer Rocas.pdf,REQUIERE REVISIÓN,COMPLEMENTARIA,Laboratorio de geotecnia,Laboratorio de geotecnia,Contamos con experiencia y confiabilidad en ensayos de suelos y rocas; Profesionales geotécnicos y geológicos altamente calificados,Capacidades declaradas en suelos y rocas,NO IDENTIFICADO,NO IDENTIFICADO,DERIVADO: autoridad técnica,1,Portada,Cita literal p.1.,OK,,MAPA_2A1_ORIGINAL,CORRECCION_NECESARIA,NO_USAR_NORMALIZACION_ACTUAL,REEMPLAZAR_SEGUN_AUDITORIA,,,,"La fuente declara experiencia y confiabilidad en ensayos de suelos y rocas, profesionales geotécnicos y geológicos altamente calificados y alto estándar técnico.",Mover estas frases a atributos/diferenciadores del laboratorio; no tratarlas como capacidad técnica independiente.,"Son afirmaciones de respaldo, experiencia y posicionamiento, no servicios o capacidades operativas discretas.",NO,,PENDIENTE_2A2,NO,G_ROCAS_21_30,SI_CON_MATICES,LAB MINERO DIGITAL,ASIGNADA_2A2,SERVICIO_NUCLEO_LAB_MINERO,Laboratorio de rocas/Triaxial y evidencia asociada se definieron como núcleo de LAB MINERO DIGITAL.,RESUELTA_DESDE_REVISION,NO,2026-08-17
R0170,DOC-21,250813_Flyer Rocas.pdf,INFRA OPERACIÓN MINERA,MENCIÓN,LABORATORIO DE ROCAS,Laboratorio de rocas,NO IDENTIFICADO,NO IDENTIFICADO,"faena de exploración en cerro de coloración férrica con personal de terreno, camioneta y sondajes en zona altiplánica",Campaña de exploración,DERIVADO: caso de aplicación,2,Fotografía panorámica superior,Evidencia únicamente fotográfica p.2. El cuerpo editorial no menciona minería ni identifica el yacimiento.,REQUIERE REVISIÓN,No confirma cliente ni servicio prestado. Ver 04_revision_manual (RELACION_NO_CONFIRMADA).,MAPA_2A1_ORIGINAL,RELACION_NO_CONFIRMADA,NO_USAR_COMO_EVIDENCIA,DESCARTADA_COMO_EVIDENCIA_FACTUAL,,,,"La página muestra una fotografía panorámica de terreno con personal y vehículos, pero el texto no identifica faena, cliente, yacimiento, campaña de exploración ni servicio realizado.",Retirar la fotografía como evidencia factual de una campaña de exploración minera. Mantenerla solo como material visual sin atribución de caso.,La imagen no confirma por sí sola que IDIEM haya prestado un servicio en una campaña de exploración ni permite identificar el proyecto.,SI,,PENDIENTE_2A2,NO,G_ROCAS_21_30,SI_CON_MATICES,,NO_USAR_COMO_EVIDENCIA,EXCLUSION_2A1B,Relación descartada en 2A.1B como evidencia factual; se conserva solo por trazabilidad.,EXCLUIDA_COMO_EVIDENCIA,NO,2026-08-17
R0171,DOC-23,FICHA TÉCNICA  CONTROL DE CALIDAD-IDIEM-2025.pdf,INFRA OPERACIÓN MINERA,PRINCIPAL,Control de calidad en uniones HDPE,Control de calidad de uniones HDPE,"Las uniones soldadas de tuberías HDPE, para transporte de fluidos, corresponden a elementos críticos en los procesos mineros",Control de uniones soldadas HDPE,procesos mineros,Procesos mineros,DERIVADO: continuidad operacional,1,CONTROL CLAVE EN UN PROCESO CRÍTICO,Cita literal p.1. El documento se rotula 'SERVICIOS ESPECIALIZADOS EN MINERÍA' en el encabezado de ambas páginas.,OK,"ATENCIÓN: el nombre del archivo sugiere control de calidad genérico, pero el contenido trata exclusivamente de uniones HDPE en minería.",MAPA_2A1_ORIGINAL,CORRECTO_Y_VERIFICABLE,APTO_FACTUAL,ACEPTADA,Control de calidad de uniones HDPE,Control de uniones soldadas HDPE,Procesos mineros,La fuente declara explícitamente que las uniones soldadas de tuberías HDPE son elementos críticos en los procesos mineros.,Mantener la relación factual.,"Servicio, objeto y aplicación minera están explícitos.",NO,,PENDIENTE_2A2,SI,G_HDPE_22_23,SI,LAB MINERO DIGITAL,ASIGNADA_2A2,ENSAYO_CONTROL_EVIDENCIA_MINERIA,"Control de calidad HDPE, ensayos y trazabilidad: el producto principal es control/evidencia técnica en contexto minero.",REASIGNADA,NO,2026-08-17
R0172,DOC-23,FICHA TÉCNICA  CONTROL DE CALIDAD-IDIEM-2025.pdf,INFRA OPERACIÓN MINERA,PRINCIPAL,Control de calidad en uniones HDPE,Control de calidad de uniones HDPE,"Ensayos no destructivos de HDPE, con el objetivo de verificar cumplimiento de las especificaciones y los estándares establecidos en el proyecto, así como determinar defectos tanto el material como uniones soldadas de HDPE",Ensayos no destructivos en HDPE,uniones soldadas de HDPE,Uniones soldadas HDPE,DERIVADO: cumplimiento normativo,2,Los servicios disponibles incluyen,Cita literal p.2.,OK,El texto fuente contiene el error 'defectos tanto el material' (probable 'tanto en el material'); se conserva sin corregir.,MAPA_2A1_ORIGINAL,CORRECTO_Y_VERIFICABLE,APTO_FACTUAL,ACEPTADA,Control de calidad de uniones HDPE,Ensayos no destructivos en HDPE,Uniones soldadas HDPE,La fuente declara ensayos no destructivos de HDPE para verificar especificaciones y estándares del proyecto y detectar defectos en material y uniones soldadas.,"Mantener la relación, conservando el error tipográfico de la fuente solo en la cita literal, no en la normalización.",La prestación y su objeto están explícitos.,NO,,PENDIENTE_2A2,SI,G_HDPE_22_23,SI,LAB MINERO DIGITAL,ASIGNADA_2A2,ENSAYO_CONTROL_EVIDENCIA_MINERIA,"Control de calidad HDPE, ensayos y trazabilidad: el producto principal es control/evidencia técnica en contexto minero.",REASIGNADA,NO,2026-08-17
R0173,DOC-23,FICHA TÉCNICA  CONTROL DE CALIDAD-IDIEM-2025.pdf,INFRA OPERACIÓN MINERA,PRINCIPAL,Control de calidad en uniones HDPE,Control de calidad de uniones HDPE,"Ensayos mecánicos de HDPE, con el objetivo de determinar las propiedades mecánicas de uniones soldadas de HDPE y así evaluar su calidad",Ensayos mecánicos en HDPE,uniones soldadas de HDPE,Uniones soldadas HDPE,DERIVADO: confiabilidad de materiales,2,Los servicios disponibles incluyen,Cita literal p.2.,OK,,MAPA_2A1_ORIGINAL,CORRECTO_Y_VERIFICABLE,APTO_FACTUAL,ACEPTADA,Control de calidad de uniones HDPE,Ensayos mecánicos en HDPE,Uniones soldadas HDPE,La fuente declara ensayos mecánicos de HDPE para determinar propiedades mecánicas de uniones soldadas y evaluar su calidad.,Mantener la relación.,La prestación está explícita.,NO,,PENDIENTE_2A2,SI,G_HDPE_22_23,SI,LAB MINERO DIGITAL,ASIGNADA_2A2,ENSAYO_CONTROL_EVIDENCIA_MINERIA,"Control de calidad HDPE, ensayos y trazabilidad: el producto principal es control/evidencia técnica en contexto minero.",REASIGNADA,NO,2026-08-17
R0174,DOC-23,FICHA TÉCNICA  CONTROL DE CALIDAD-IDIEM-2025.pdf,INFRA OPERACIÓN MINERA,PRINCIPAL,Control de calidad en uniones HDPE,Control de calidad de uniones HDPE,"Controlamos la calidad de líneas en HDPE desde la fabricación al montaje, con cobertura nacional y en proyectos de diversa complejidad",Cobertura de fabricación a montaje,líneas en HDPE,Líneas de conducción HDPE,DERIVADO: trazabilidad de cadena,1,Confiabilidad en cada etapa del proceso,Cita literal p.1.,OK,,MAPA_2A1_ORIGINAL,CORRECTO_Y_VERIFICABLE,APTO_FACTUAL,ACEPTADA,Control de calidad de uniones HDPE,Cobertura de fabricación a montaje,Líneas de conducción HDPE,"La fuente declara control de calidad de líneas HDPE desde la fabricación al montaje, con cobertura nacional y proyectos de diversa complejidad.",Mantener como cobertura del servicio a lo largo de fabricación y montaje.,El alcance está explícito y la normalización es fiel.,NO,,PENDIENTE_2A2,SI,G_HDPE_22_23,SI,LAB MINERO DIGITAL,ASIGNADA_2A2,ENSAYO_CONTROL_EVIDENCIA_MINERIA,"Control de calidad HDPE, ensayos y trazabilidad: el producto principal es control/evidencia técnica en contexto minero.",REASIGNADA,NO,2026-08-17
R0175,DOC-23,FICHA TÉCNICA  CONTROL DE CALIDAD-IDIEM-2025.pdf,INFRA OPERACIÓN MINERA,COMPLEMENTARIA,Control de calidad en uniones HDPE,Control de calidad de uniones HDPE,"Asesoría experta en la generación de documentación asociada a la fabricación de uniones soldadas de HDPE, incluyendo ensayos mecánicos de laboratorio y documentación técnica completa",Documentación técnica de fabricación,NO IDENTIFICADO,NO IDENTIFICADO,DERIVADO: trazabilidad documental,2,Los servicios disponibles incluyen,Cita literal p.2.,OK,,MAPA_2A1_ORIGINAL,CORRECTO_Y_VERIFICABLE,APTO_FACTUAL,ACEPTADA,Control de calidad de uniones HDPE,Documentación técnica de fabricación,NO IDENTIFICADO,"La fuente declara asesoría experta en generación de documentación asociada a la fabricación de uniones soldadas HDPE, incluyendo ensayos mecánicos y documentación técnica completa.",Mantener como capacidad del servicio.,La prestación está explícita.,NO,,PENDIENTE_2A2,SI,G_HDPE_22_23,SI,LAB MINERO DIGITAL,ASIGNADA_2A2,ENSAYO_CONTROL_EVIDENCIA_MINERIA,"Control de calidad HDPE, ensayos y trazabilidad: el producto principal es control/evidencia técnica en contexto minero.",REASIGNADA,NO,2026-08-17
R0176,DOC-23,FICHA TÉCNICA  CONTROL DE CALIDAD-IDIEM-2025.pdf,INFRA OPERACIÓN MINERA,COMPLEMENTARIA,Eficiencia confianza y seguridad técnica,Beneficios declarados,"Trazabilidad completa del proceso tanto para ensayos no destructivos y destructivos, generando una sinergia con el área de calidad del cliente",Trazabilidad completa de ensayos,área de calidad del cliente,Área de calidad del cliente,DERIVADO: trazabilidad documental,2,"Eficiencia, confianza y seguridad técnica",Cita literal p.2 (punto 03).,OK,,MAPA_2A1_ORIGINAL,CORRECCION_NECESARIA,NO_USAR_NORMALIZACION_ACTUAL,REEMPLAZAR_SEGUN_AUDITORIA,,,,"La trazabilidad completa y la sinergia con el área de calidad del cliente aparecen dentro del bloque de beneficios 'Eficiencia, confianza y seguridad técnica'.",Mover a beneficio/atributo del servicio; no usar el encabezado de beneficios como servicio.,La jerarquía actual confunde beneficio con servicio.,NO,,PENDIENTE_2A2,NO,G_HDPE_22_23,SI,LAB MINERO DIGITAL,ASIGNADA_2A2,ENSAYO_CONTROL_EVIDENCIA_MINERIA,"Control de calidad HDPE, ensayos y trazabilidad: el producto principal es control/evidencia técnica en contexto minero.",REASIGNADA,NO,2026-08-17
R0177,DOC-23,FICHA TÉCNICA  CONTROL DE CALIDAD-IDIEM-2025.pdf,INFRA OPERACIÓN MINERA,COMPLEMENTARIA,Control de calidad en uniones HDPE,Control de calidad de uniones HDPE,disminuyendo los costos vinculados a detenciones no programadas de la operación producto de fallas inesperadas de las líneas,Reducción de detenciones no programadas,detenciones no programadas de la operación,Continuidad de operación minera,DERIVADO: continuidad operacional,1,CONTROL CLAVE EN UN PROCESO CRÍTICO,Cita literal p.1.,REQUIERE REVISIÓN,ALERTA DE LENGUAJE: la misma frase usa 'control de calidad confiable que garantice el cumplimiento de los estándares'. 'Garantice' es un compromiso absoluto; revisar antes de reutilizar.,MAPA_2A1_ORIGINAL,CORRECCION_NECESARIA,NO_USAR_NORMALIZACION_ACTUAL,REEMPLAZAR_SEGUN_AUDITORIA,,,,La fuente relaciona un control de calidad confiable con continuidad operacional y disminución de costos por detenciones no programadas; la misma frase usa 'garantice el cumplimiento de los estándares de ejecución'.,"Mantener reducción de detenciones/costos como beneficio declarado, no como capacidad técnica. Marcar el verbo absoluto 'garantice' para revisión antes de reutilización.",La fila modela un resultado esperado como capacidad/aplicación y contiene lenguaje de compromiso absoluto.,SI,,PENDIENTE_2A2,NO,G_HDPE_22_23,SI,LAB MINERO DIGITAL,ASIGNADA_2A2,ENSAYO_CONTROL_EVIDENCIA_MINERIA,"Control de calidad HDPE, ensayos y trazabilidad: el producto principal es control/evidencia técnica en contexto minero.",REASIGNADA,NO,2026-08-17
R0178,DOC-23,FICHA TÉCNICA  CONTROL DE CALIDAD-IDIEM-2025.pdf,INFRA OPERACIÓN MINERA,COMPLEMENTARIA,Equipo de ingenieros y técnicos,Cobertura nacional de equipo técnico,"Equipo de ingenieros y técnicos distribuidos a lo largo del país, con la capacidad de integrarse en cualquier etapa del proceso de fabricación y montaje",Despliegue territorial del equipo,NO IDENTIFICADO,NO IDENTIFICADO,DERIVADO: cobertura territorial,2,Los servicios disponibles incluyen,Cita literal p.2.,OK,,MAPA_2A1_ORIGINAL,CORRECCION_NECESARIA,NO_USAR_NORMALIZACION_ACTUAL,REEMPLAZAR_SEGUN_AUDITORIA,,,,"La fuente declara un equipo de ingenieros y técnicos distribuido a lo largo del país, capaz de integrarse en cualquier etapa de fabricación y montaje.",Tratarlo como cobertura/capacidad operativa del servicio de control de calidad HDPE; no usar 'Equipo de ingenieros y técnicos' como servicio.,"El contenido es válido, pero está en un nivel taxonómico incorrecto.",NO,,PENDIENTE_2A2,NO,G_HDPE_22_23,SI,LAB MINERO DIGITAL,ASIGNADA_2A2,ENSAYO_CONTROL_EVIDENCIA_MINERIA,"Control de calidad HDPE, ensayos y trazabilidad: el producto principal es control/evidencia técnica en contexto minero.",REASIGNADA,NO,2026-08-17
R0179,DOC-23,FICHA TÉCNICA  CONTROL DE CALIDAD-IDIEM-2025.pdf,REQUIERE REVISIÓN,COMPLEMENTARIA,Somos parte de la Facultad de Ingeniería de la Universidad de Chile,Respaldo universitario,NO IDENTIFICADO,NO IDENTIFICADO,NO IDENTIFICADO,NO IDENTIFICADO,DERIVADO: legitimidad institucional,1,Firma institucional,Cita literal del pie de página p.1 y p.2. El documento usa además el eslogan 'Elige bien. Elige idiem.'.,OK,"IDENTIDAD DISTINTA: este documento no usa el sello '125 años' presente en DOC-01, 08, 09, 13, 18, 20 y 21, sino la línea 'SERVICIOS ESPECIALIZADOS EN MINERÍA' con eslogan propio. Posible campaña posterior.",MAPA_2A1_ORIGINAL,CORRECCION_NECESARIA,NO_USAR_NORMALIZACION_ACTUAL,REEMPLAZAR_SEGUN_AUDITORIA,,,,La fuente declara pertenencia a la Facultad de Ingeniería de la Universidad de Chile y usa la identidad 'Servicios especializados en minería / Elige bien. Elige idiem.'.,"Mover la pertenencia universitaria a atributo institucional. Conservar la identidad gráfica como metadato documental, sin inferir cronología.","No es un servicio ni una capacidad, y el documento no demuestra que esta identidad sea posterior a otras.",NO,,PENDIENTE_2A2,NO,G_HDPE_22_23,SI,,SIN_CELULA_PRIORIZADA,FUERA_ALCANCE_O_SIN_APLICACION_SECTORIAL,"Relación válida, pero sin aplicación explícita suficiente a una de las cinco células priorizadas o correspondiente a un ámbito transversal/no priorizado.",FUERA_DE_CELULAS_PRIORIZADAS,NO,2026-08-17
R0180,DOC-24,250401_Inspección no destructiva de soldaduras metálicas (3).pdf,INFRA OPERACIÓN MINERA,PRINCIPAL,INSPECCIÓN NO DESTRUCTIVA DE SOLDADURAS METÁLICAS,Inspección no destructiva de soldaduras,"Realizamos ensayos no destructivos con alto rigor técnico, aportando confianza en minería, maestranzas e industrias",Ensayos no destructivos en soldadura,"minería, maestranzas e industrias",Minería y maestranzas,DERIVADO: confiabilidad,1,Calidad y experiencia,Cita literal p.1.,OK,Aplicación minera declarada explícitamente en el cuerpo editorial.,MAPA_2A1_ORIGINAL,CORRECTO_Y_VERIFICABLE,APTO_FACTUAL,ACEPTADA,Inspección no destructiva de soldaduras,Ensayos no destructivos en soldadura,Minería y maestranzas,"La fuente declara inspección no destructiva de soldaduras metálicas y ensayos no destructivos aplicados explícitamente a minería, maestranzas e industrias.",Mantener la relación factual.,Servicio y sectores están explícitos.,NO,,PENDIENTE_2A2,SI,,SI,LAB MINERO DIGITAL,ASIGNADA_2A2,END_INSPECCION_CONTROL_MINERIA,END/inspección de soldaduras se definieron como núcleo de LAB MINERO DIGITAL; se conserva el contexto documental del servicio.,REASIGNADA,NO,2026-08-17
R0181,DOC-24,250401_Inspección no destructiva de soldaduras metálicas (3).pdf,INFRA OPERACIÓN MINERA,PRINCIPAL,Soldaduras metálicas,Inspección no destructiva de soldaduras,La confianza de maestranzas y de los principales proyectos mineros en etapas de inspección de soldaduras metálicas con técnicas no destructivas,Servicio a proyectos mineros,los principales proyectos mineros,Proyectos mineros,DERIVADO: autoridad técnica,2,CONTAMOS CON,Cita literal p.2.,REQUIERE REVISIÓN,'los principales proyectos mineros' no identifica proyectos ni clientes: no es verificable desde el documento.,MAPA_2A1_ORIGINAL,CORRECCION_NECESARIA,NO_USAR_NORMALIZACION_ACTUAL,REEMPLAZAR_SEGUN_AUDITORIA,,,,La fuente afirma 'La confianza de maestranzas y de los principales proyectos mineros' en inspección de soldaduras con técnicas no destructivas.,"Mantener minería y maestranzas como sectores declarados, pero trasladar 'principales proyectos mineros' a claim promocional no verificado; no usarlo como evidencia de proyectos/clientes específicos.",La fuente no identifica proyectos ni clientes y el superlativo implícito no es verificable desde el documento.,SI,,PENDIENTE_2A2,NO,,SI,LAB MINERO DIGITAL,ASIGNADA_2A2,END_INSPECCION_CONTROL_MINERIA,END/inspección de soldaduras se definieron como núcleo de LAB MINERO DIGITAL; se conserva el contexto documental del servicio.,REASIGNADA,NO,2026-08-17
R0182,DOC-24,250401_Inspección no destructiva de soldaduras metálicas (3).pdf,INFRA OPERACIÓN MINERA,PRINCIPAL,Soldaduras metálicas,Inspección no destructiva de soldaduras,Evaluamos el estado superficial de las soldaduras metálicas en estructuras y componentes mecánicos a través de inspecciones visuales y ensayos no destructivos,Inspección visual y superficial,estructuras y componentes mecánicos,Estructuras y componentes mecánicos,DERIVADO: mantenimiento,2,Soldaduras metálicas,Cita literal p.2.,OK,Coincide en objeto con 'inspección de estructura metálicas existentes' de DOC-01 p.9 y con DOC-07 p.2.,MAPA_2A1_ORIGINAL,CORRECTO_Y_VERIFICABLE,APTO_FACTUAL,ACEPTADA,Inspección no destructiva de soldaduras,Inspección visual y superficial,Estructuras y componentes mecánicos,La fuente declara evaluación del estado superficial de soldaduras en estructuras y componentes mecánicos mediante inspecciones visuales y ensayos no destructivos.,Mantener la relación.,Capacidad y objetos evaluados están explícitos.,NO,,PENDIENTE_2A2,SI,,SI,LAB MINERO DIGITAL,ASIGNADA_2A2,END_INSPECCION_CONTROL_MINERIA,END/inspección de soldaduras se definieron como núcleo de LAB MINERO DIGITAL; se conserva el contexto documental del servicio.,REASIGNADA,NO,2026-08-17
R0183,DOC-24,250401_Inspección no destructiva de soldaduras metálicas (3).pdf,INFRA OPERACIÓN MINERA,PRINCIPAL,Soldaduras metálicas,Inspección no destructiva de soldaduras,Detectamos eventuales defectos internos en las soldaduras metálicas mediante ensayos no destructivos,Detección de defectos internos,soldaduras metálicas,Soldaduras metálicas,DERIVADO: confiabilidad,2,Soldaduras metálicas,Cita literal p.2.,OK,,MAPA_2A1_ORIGINAL,CORRECTO_Y_VERIFICABLE,APTO_FACTUAL,ACEPTADA,Inspección no destructiva de soldaduras,Detección de defectos internos,Soldaduras metálicas,La fuente declara detección de eventuales defectos internos en soldaduras metálicas mediante ensayos no destructivos.,Mantener la relación.,La capacidad está explícita.,NO,,PENDIENTE_2A2,SI,,SI,LAB MINERO DIGITAL,ASIGNADA_2A2,END_INSPECCION_CONTROL_MINERIA,END/inspección de soldaduras se definieron como núcleo de LAB MINERO DIGITAL; se conserva el contexto documental del servicio.,REASIGNADA,NO,2026-08-17
R0184,DOC-24,250401_Inspección no destructiva de soldaduras metálicas (3).pdf,INFRA OPERACIÓN MINERA,PRINCIPAL,Soldaduras metálicas,Inspección no destructiva de soldaduras,Proveemos asesoría experta en la calificación de procedimientos y soldadores de estructuras metálicas,Calificación de procedimientos y soldadores,procedimientos y soldadores,Procedimientos y soldadores,DERIVADO: cumplimiento normativo,2,Soldaduras metálicas,Cita literal p.2.,OK,Capacidad de calificación de personal: no aparece en ningún otro documento revisado del corpus.,MAPA_2A1_ORIGINAL,CORRECTO_Y_VERIFICABLE,APTO_FACTUAL,ACEPTADA,Inspección no destructiva de soldaduras,Calificación de procedimientos y soldadores,Procedimientos y soldadores,La fuente declara asesoría experta en calificación de procedimientos y soldadores de estructuras metálicas.,Mantener la relación.,La prestación está explícita.,NO,,PENDIENTE_2A2,SI,,SI,LAB MINERO DIGITAL,ASIGNADA_2A2,END_INSPECCION_CONTROL_MINERIA,END/inspección de soldaduras se definieron como núcleo de LAB MINERO DIGITAL; se conserva el contexto documental del servicio.,REASIGNADA,NO,2026-08-17
R0185,DOC-24,250401_Inspección no destructiva de soldaduras metálicas (3).pdf,INFRA OPERACIÓN MINERA,COMPLEMENTARIA,Presencia y confianza,Cobertura territorial norte,"Contamos con ingenieros y técnicos especializados en Iquique, Antofagasta, Calama, Copiapó y La Serena",Presencia en cinco ciudades del norte,"Iquique, Antofagasta, Calama, Copiapó, La Serena",Macrozona norte de Chile,DERIVADO: cobertura territorial,1,Presencia y confianza,Cita literal p.1.,OK,Las cinco ciudades corresponden a la zona minera del norte de Chile. Es el dato territorial más específico del corpus revisado.,MAPA_2A1_ORIGINAL,CORRECCION_NECESARIA,NO_USAR_NORMALIZACION_ACTUAL,REEMPLAZAR_SEGUN_AUDITORIA,,,,"La fuente declara presencia de ingenieros y técnicos especializados en Iquique, Antofagasta, Calama, Copiapó y La Serena.",Conservar las cinco ciudades como cobertura territorial literal. Evitar normalizar como 'Macrozona norte de Chile' si se exige trazabilidad estricta a la fuente.,La lista de ciudades es verificable; la macrozona es una generalización geográfica añadida.,NO,,PENDIENTE_2A2,NO,,SI,LAB MINERO DIGITAL,ASIGNADA_2A2,END_INSPECCION_CONTROL_MINERIA,END/inspección de soldaduras se definieron como núcleo de LAB MINERO DIGITAL; se conserva el contexto documental del servicio.,REASIGNADA,NO,2026-08-17
R0186,DOC-24,250401_Inspección no destructiva de soldaduras metálicas (3).pdf,REQUIERE REVISIÓN,COMPLEMENTARIA,Equipo humano,Capacidades declaradas,"Nuestro equipo altamente calificado garantiza evaluaciones objetivas, seguras y con resultados confiables y precisos",Promesa de objetividad de resultados,NO IDENTIFICADO,NO IDENTIFICADO,DERIVADO: autoridad técnica,1,Equipo humano,Cita literal p.1.,REQUIERE REVISIÓN,"ALERTA DE LENGUAJE: el documento usa 'garantiza' y, en el titular de p.1, 'para garantizar el cumplimiento de especificaciones y normas técnicas'. Compromisos absolutos; revisar antes de reutilizar.",MAPA_2A1_ORIGINAL,CORRECCION_NECESARIA,NO_USAR_NORMALIZACION_ACTUAL,REEMPLAZAR_SEGUN_AUDITORIA,,,,"La fuente afirma que el equipo altamente calificado 'garantiza evaluaciones objetivas, seguras y con resultados confiables y precisos'; el titular también usa 'para garantizar el cumplimiento'.",Mover a claim/atributo de equipo y marcar los verbos de compromiso absoluto para revisión técnica/legal. No tratarlo como capacidad validada.,Es lenguaje promocional absoluto y no una prestación técnica discreta.,SI,,PENDIENTE_2A2,NO,,SI,LAB MINERO DIGITAL,ASIGNADA_2A2,END_INSPECCION_CONTROL_MINERIA,END/inspección de soldaduras se definieron como núcleo de LAB MINERO DIGITAL; se conserva el contexto documental del servicio.,RESUELTA_DESDE_REVISION,NO,2026-08-17
R0187,DOC-24,250401_Inspección no destructiva de soldaduras metálicas (3).pdf,REQUIERE REVISIÓN,COMPLEMENTARIA,SERVICIOS INTEGRALES,Línea de servicios integrales,Adaptabilidad a las condiciones de operación y del terreno en diversas industrias y organismos,Adaptabilidad a condiciones de terreno,diversas industrias y organismos,Industrias y organismos,DERIVADO: flexibilidad de servicio,2,CONTAMOS CON,Cita literal p.2. La p.2 se rotula 'SERVICIOS INTEGRALES' en el margen superior.,OK,'SERVICIOS INTEGRALES' es una etiqueta de línea distinta de 'SERVICIOS ESPECIALIZADOS EN MINERÍA' (DOC-23) y de 'SERVICIOS ÁGILES' (DOC-18/20). Tres líneas comerciales coexistentes.,MAPA_2A1_ORIGINAL,CORRECCION_NECESARIA,NO_USAR_NORMALIZACION_ACTUAL,REEMPLAZAR_SEGUN_AUDITORIA,,,,La fuente usa la etiqueta 'SERVICIOS INTEGRALES' y declara adaptabilidad a condiciones de operación y terreno en diversas industrias y organismos.,Usar 'Inspección no destructiva de soldaduras metálicas' como servicio padre y registrar adaptabilidad como atributo/capacidad. Mantener 'SERVICIOS INTEGRALES' como etiqueta de línea pendiente de definición.,La etiqueta comercial no está definida como servicio y forma parte de una arquitectura de líneas no resuelta.,SI,,PENDIENTE_2A2,NO,,SI,,SIN_CELULA_PRIORIZADA,FUERA_ALCANCE_O_SIN_APLICACION_SECTORIAL,"Relación válida, pero sin aplicación explícita suficiente a una de las cinco células priorizadas o correspondiente a un ámbito transversal/no priorizado.",FUERA_DE_CELULAS_PRIORIZADAS,NO,2026-08-17
R0188,DOC-22,FICHA TÉCNICA  CONTROL DE CALIDAD-IDIEM-2025-IMPRESIÓN.pdf,INFRA OPERACIÓN MINERA,PRINCIPAL,Control de calidad en uniones HDPE,Control de calidad de uniones HDPE,"Las uniones soldadas de tuberías HDPE, para transporte de fluidos, corresponden a elementos críticos en los procesos mineros",Control de uniones soldadas HDPE,procesos mineros,Procesos mineros,DERIVADO: continuidad operacional,1,CONTROL CLAVE EN UN PROCESO CRÍTICO,Cita literal p.1. Encabezado 'SERVICIOS ESPECIALIZADOS EN MINERÍA' en ambas páginas.,OK,"Contenido textual idéntico a DOC-23, verificado por comparación directa. Fila conservada por provenir de archivo distinto.",MAPA_2A1_ORIGINAL,CORRECTO_Y_VERIFICABLE,APTO_FACTUAL,ACEPTADA,Control de calidad de uniones HDPE,Control de uniones soldadas HDPE,Procesos mineros,La fuente declara que las uniones soldadas de tuberías HDPE para transporte de fluidos son elementos críticos en procesos mineros y presenta el servicio como 'Control de calidad en uniones HDPE'.,"Mantener servicio, capacidad y aplicación minera. No validar todavía la célula.",El servicio y el contexto minero están explícitos.,NO,,PENDIENTE_2A2,SI,G_HDPE_22_23,NO_PARA_CONTENIDO,LAB MINERO DIGITAL,ASIGNADA_2A2,ENSAYO_CONTROL_EVIDENCIA_MINERIA,"Control de calidad HDPE, ensayos y trazabilidad: el producto principal es control/evidencia técnica en contexto minero.",REASIGNADA,NO,2026-08-17
R0189,DOC-22,FICHA TÉCNICA  CONTROL DE CALIDAD-IDIEM-2025-IMPRESIÓN.pdf,INFRA OPERACIÓN MINERA,PRINCIPAL,Control de calidad en uniones HDPE,Control de calidad de uniones HDPE,Ensayos no destructivos de HDPE; Ensayos mecánicos de HDPE,Ensayos destructivos y no destructivos en HDPE,uniones soldadas de HDPE,Uniones soldadas HDPE,DERIVADO: cumplimiento normativo,2,Los servicios disponibles incluyen,"Cita literal p.2, idéntica a DOC-23 p.2.",OK,Duplica R0172-R0173 desde archivo distinto.,MAPA_2A1_ORIGINAL,CORRECCION_NECESARIA,NO_USAR_NORMALIZACION_ACTUAL,REEMPLAZAR_SEGUN_AUDITORIA,,,,La fuente declara ensayos no destructivos de HDPE y ensayos mecánicos de HDPE; en p.1 también señala experiencia en ensayos tanto destructivos como no destructivos.,"Normalizar preferentemente como 'Ensayos no destructivos y ensayos mecánicos de HDPE'. Si se desea usar 'destructivos', conservarlo solo cuando se cite la formulación general de p.1.","La fila combina dos prestaciones de p.2 y las convierte en 'destructivos y no destructivos', perdiendo la denominación específica 'ensayos mecánicos'.",NO,,PENDIENTE_2A2,NO,G_HDPE_22_23,NO_PARA_CONTENIDO,LAB MINERO DIGITAL,ASIGNADA_2A2,ENSAYO_CONTROL_EVIDENCIA_MINERIA,"Control de calidad HDPE, ensayos y trazabilidad: el producto principal es control/evidencia técnica en contexto minero.",REASIGNADA,NO,2026-08-17
R0190,DOC-22,FICHA TÉCNICA  CONTROL DE CALIDAD-IDIEM-2025-IMPRESIÓN.pdf,INFRA OPERACIÓN MINERA,COMPLEMENTARIA,Eficiencia confianza y seguridad técnica,Beneficios declarados,Trazabilidad completa del proceso tanto para ensayos no destructivos y destructivos,Trazabilidad completa de ensayos,área de calidad del cliente,Área de calidad del cliente,DERIVADO: trazabilidad documental,2,"Eficiencia, confianza y seguridad técnica",Cita literal p.2 (punto 03).,OK,"Este archivo presenta marcas de corte, cruces de registro y barras de control de color; DOC-23 no. Ver 04_revision_manual (POSIBLE_DUPLICADO).",MAPA_2A1_ORIGINAL,CORRECCION_NECESARIA,NO_USAR_NORMALIZACION_ACTUAL,REEMPLAZAR_SEGUN_AUDITORIA,,,,"La fuente presenta la trazabilidad completa del proceso para ensayos no destructivos y destructivos, generando sinergia con el área de calidad del cliente, dentro del bloque 'Eficiencia, confianza y seguridad técnica'.","Mantener la trazabilidad como beneficio/atributo del servicio de control de calidad HDPE; no usar 'Eficiencia, confianza y seguridad técnica' como servicio.",Se utilizó un encabezado de beneficios como término de servicio.,NO,,PENDIENTE_2A2,NO,G_HDPE_22_23,NO_PARA_CONTENIDO,LAB MINERO DIGITAL,ASIGNADA_2A2,ENSAYO_CONTROL_EVIDENCIA_MINERIA,"Control de calidad HDPE, ensayos y trazabilidad: el producto principal es control/evidencia técnica en contexto minero.",REASIGNADA,NO,2026-08-17
R0191,DOC-28,FICHA TÉCNICA N°4-OPERAC. MINERA- IDIEM (1).pdf,INFRA OPERACIÓN MINERA,PRINCIPAL,Servicios de operación minera,Servicios a operación minera,MONITOREO DE ESTRUCTURAS Y/O EQUIPOS,Monitoreo estructural,los activos críticos en faena,Activos críticos en faena,DERIVADO: continuidad operacional,1,Somos tu equipo todo terreno estés donde estés,Cita literal p.1. Bajada de portada: 'Para resguardar los activos críticos en faena'.,OK,"Caso ejemplo de normalización del encargo. Coincide literalmente con DOC-07 p.1: mismo contenido, identidad de marca distinta.",MAPA_2A1_ORIGINAL,CORRECCION_NECESARIA,NO_USAR_NORMALIZACION_ACTUAL,REEMPLAZAR_SEGUN_AUDITORIA,,,,La fuente declara literalmente 'MONITOREO DE ESTRUCTURAS Y/O EQUIPOS'.,No normalizar como 'Monitoreo estructural'. Conservar también el componente equipos.,La normalización actual estrecha el alcance declarado.,SI,,PENDIENTE_2A2,NO,G_OP_MINERA_07_28,SI_CON_MATICES,INFRA OPERACIÓN MINERA,ASIGNADA_2A2,INTEGRIDAD_INGENIERIA_CONTINUIDAD_MINERIA,"Servicio de integridad, monitoreo, ingeniería, diagnóstico, confiabilidad, continuidad o soporte técnico de activos/operación minera.",SIN_CAMBIO,NO,2026-08-17
R0192,DOC-28,FICHA TÉCNICA N°4-OPERAC. MINERA- IDIEM (1).pdf,INFRA OPERACIÓN MINERA,PRINCIPAL,Servicios de operación minera,Servicios a operación minera,SALUD ESTRUCTURAL,Monitoreo de salud estructural,activos críticos en faena,Activos críticos en faena,DERIVADO: continuidad operacional,1,Somos tu equipo todo terreno estés donde estés,"Cita literal p.1. Ampliado p.2: 'Monitoreo preventivo de activos críticos (instrumentación, vibraciones) y salud estructural'.",OK,,MAPA_2A1_ORIGINAL,CORRECTO_CON_MATIZ,APTO_CON_MATIZ,ACEPTADA_CON_MATIZ,Servicios a operación minera,Monitoreo de salud estructural,Activos críticos en faena,La fuente usa 'SALUD ESTRUCTURAL' y en p.2 la incluye junto a monitoreo preventivo de activos críticos.,Mantener la evidencia; tratar 'Monitoreo de salud estructural' como normalización provisional.,La formulación normalizada no es literal en DOC-28 aunque sí aparece en DOC-19/DOC-27.,SI,,PENDIENTE_2A2,NO,G_OP_MINERA_07_28,SI_CON_MATICES,INFRA OPERACIÓN MINERA,ASIGNADA_2A2,INTEGRIDAD_INGENIERIA_CONTINUIDAD_MINERIA,"Servicio de integridad, monitoreo, ingeniería, diagnóstico, confiabilidad, continuidad o soporte técnico de activos/operación minera.",SIN_CAMBIO,NO,2026-08-17
R0193,DOC-28,FICHA TÉCNICA N°4-OPERAC. MINERA- IDIEM (1).pdf,INFRA OPERACIÓN MINERA,PRINCIPAL,Servicios de operación minera,Servicios a operación minera,PERITAJES DE FALLAS: Estructuras y mecánicos; Peritajes de incendios,Peritaje de fallas estructurales y mecánicas,elementos mecánicos,Equipos y elementos mecánicos,DERIVADO: confiabilidad,1,Somos tu equipo todo terreno estés donde estés,Cita literal p.1 con sus dos subviñetas.,OK,,MAPA_2A1_ORIGINAL,CORRECCION_NECESARIA,NO_USAR_NORMALIZACION_ACTUAL,REEMPLAZAR_SEGUN_AUDITORIA,,,,La fuente declara 'PERITAJES DE FALLAS: Estructuras y mecánicos; Peritajes de incendios'.,Conservar también los peritajes de incendios; no reducir la normalización a fallas estructurales y mecánicas.,La normalización omite una capacidad textual.,NO,,PENDIENTE_2A2,NO,G_OP_MINERA_07_28,SI_CON_MATICES,INFRA OPERACIÓN MINERA,ASIGNADA_2A2,INTEGRIDAD_INGENIERIA_CONTINUIDAD_MINERIA,"Servicio de integridad, monitoreo, ingeniería, diagnóstico, confiabilidad, continuidad o soporte técnico de activos/operación minera.",SIN_CAMBIO,NO,2026-08-17
R0194,DOC-28,FICHA TÉCNICA N°4-OPERAC. MINERA- IDIEM (1).pdf,INFRA OPERACIÓN MINERA,PRINCIPAL,Servicios de operación minera,Servicios a operación minera,PROYECTOS DE REHABILITACIÓN,Proyectos de rehabilitación,la infraestructura de tus operaciones,Infraestructura de operación minera,DERIVADO: gestión de activos,1,Somos tu equipo todo terreno estés donde estés,Cita literal p.1. Desarrollado en p.2 en el bloque 'Revisión integral de proyectos complejos de rehabilitación (preventivos y correctivos)'.,OK,,MAPA_2A1_ORIGINAL,CORRECTO_Y_VERIFICABLE,APTO_FACTUAL,ACEPTADA,Servicios a operación minera,Proyectos de rehabilitación,Infraestructura de operación minera,La fuente declara 'PROYECTOS DE REHABILITACIÓN' y desarrolla en p.2 la revisión integral de proyectos complejos de rehabilitación preventivos y correctivos.,Mantener la relación.,La prestación y el contexto minero están explícitos.,NO,,PENDIENTE_2A2,SI,G_OP_MINERA_07_28,SI_CON_MATICES,INFRA OPERACIÓN MINERA,ASIGNADA_2A2,INTEGRIDAD_INGENIERIA_CONTINUIDAD_MINERIA,"Servicio de integridad, monitoreo, ingeniería, diagnóstico, confiabilidad, continuidad o soporte técnico de activos/operación minera.",SIN_CAMBIO,NO,2026-08-17
R0195,DOC-28,FICHA TÉCNICA N°4-OPERAC. MINERA- IDIEM (1).pdf,LAB MINERO DIGITAL,REQUIERE REVISIÓN,Servicios de operación minera,Servicios a operación minera,MODELAMIENTO PREVENTIVO,Modelamiento preventivo,activos críticos en faena,Activos críticos en faena,DERIVADO: mantenimiento predictivo,1,Somos tu equipo todo terreno estés donde estés,Cita literal p.1. El ícono asociado representa un modelo 3D en pantalla de computador.,REQUIERE REVISIÓN,"El documento no define 'Modelamiento preventivo'. La iconografía sugiere modelación digital, pero es interpretación gráfica, no texto.",MAPA_2A1_ORIGINAL,REQUIERE_VALIDACION_HUMANA,NO_USAR_HASTA_VALIDACION,PENDIENTE_VALIDACION_HUMANA,,,,La fuente contiene 'MODELAMIENTO PREVENTIVO' sin definición textual.,"Conservar como término ambiguo; no inferir desde el ícono que equivale a modelamiento digital, análisis predictivo o mantenimiento predictivo.",La iconografía no basta para definir el servicio.,SI,,PENDIENTE_2A2,NO,G_OP_MINERA_07_28,SI_CON_MATICES,INFRA OPERACIÓN MINERA,ASIGNADA_2A2,INTEGRIDAD_INGENIERIA_CONTINUIDAD_MINERIA,"Servicio de integridad, monitoreo, ingeniería, diagnóstico, confiabilidad, continuidad o soporte técnico de activos/operación minera.",REASIGNADA,NO,2026-08-17
R0196,DOC-28,FICHA TÉCNICA N°4-OPERAC. MINERA- IDIEM (1).pdf,LAB MINERO DIGITAL,REQUIERE REVISIÓN,Servicios de alta especialización,Servicios a operación minera,Modelamiento digital de estructuras,Modelamiento digital de estructuras,la infraestructura de tus operaciones,Infraestructura de operación minera,DERIVADO: digitalización de activos mineros,2,Servicios de alta especialización,Cita literal p.2. La p.2 incluye fotografía de un dron sobrevolando un estanque metálico de gran diámetro en faena.,REQUIERE REVISIÓN,Candidata principal a LAB MINERO DIGITAL junto con DOC-07 R0081 y DOC-19 R0153. Pendiente definición de la célula.,MAPA_2A1_ORIGINAL,CORRECTO_Y_VERIFICABLE,APTO_FACTUAL,ACEPTADA,Servicios a operación minera,Modelamiento digital de estructuras,Infraestructura de operación minera,La fuente enumera literalmente 'Modelamiento digital de estructuras' entre los servicios de alta especialización para operación minera.,Mantener la capacidad y contexto minero; dejar LAB MINERO DIGITAL pendiente.,La relación factual está respaldada.,SI,,PENDIENTE_2A2,SI,G_OP_MINERA_07_28,SI_CON_MATICES,INFRA OPERACIÓN MINERA,ASIGNADA_2A2,INTEGRIDAD_INGENIERIA_CONTINUIDAD_MINERIA,"Servicio de integridad, monitoreo, ingeniería, diagnóstico, confiabilidad, continuidad o soporte técnico de activos/operación minera.",REASIGNADA,NO,2026-08-17
R0197,DOC-28,FICHA TÉCNICA N°4-OPERAC. MINERA- IDIEM (1).pdf,INFRA OPERACIÓN MINERA,PRINCIPAL,Revisión de cumplimiento normativo,Revisión de cumplimiento normativo,Estructural; Incendios; Especialidades,Tres ámbitos de revisión normativa,Estándares de seguridad; Estándares de control de fatalidad; Normas corporativas; Normas o estándares de diseño aplicables,Marcos normativos y corporativos mineros,DERIVADO: cumplimiento normativo,2,"Identificamos, cuantificamos y evaluamos brechas asociadas a",Cita literal p.1 y p.2.,OK,'Estándares de control de fatalidad' es terminología propia de la gran minería y respalda la asignación de célula.,MAPA_2A1_ORIGINAL,CORRECTO_Y_VERIFICABLE,APTO_FACTUAL,ACEPTADA,Revisión de cumplimiento normativo,Tres ámbitos de revisión normativa,Marcos normativos y corporativos mineros,"La fuente declara revisión de cumplimiento normativo en ámbitos estructural, incendios y especialidades y explicita los marcos de brechas evaluados.",Mantener la relación.,La capacidad está explícita.,NO,,PENDIENTE_2A2,SI,G_OP_MINERA_07_28,SI_CON_MATICES,INFRA OPERACIÓN MINERA,ASIGNADA_2A2,INTEGRIDAD_INGENIERIA_CONTINUIDAD_MINERIA,"Servicio de integridad, monitoreo, ingeniería, diagnóstico, confiabilidad, continuidad o soporte técnico de activos/operación minera.",SIN_CAMBIO,NO,2026-08-17
R0198,DOC-28,FICHA TÉCNICA N°4-OPERAC. MINERA- IDIEM (1).pdf,INFRA OPERACIÓN MINERA,PRINCIPAL,Revisión integral de proyectos complejos de rehabilitación,Ingeniería de rehabilitación,"Levantamiento de condiciones existentes (geometría, materialidad, estado); Soporte directo de nuestros laboratorios; Diagnóstico y desarrollo de alternativas de solución; Ingeniería de rehabilitación",Cuatro etapas de rehabilitación,infraestructura de operaciones mineras,Instalaciones mineras,DERIVADO: gestión de activos,2,Revisión integral de proyectos complejos de rehabilitación (preventivos y correctivos),Cita literal p.2 con las cuatro viñetas.,OK,Coincide palabra por palabra con DOC-07 p.2.,MAPA_2A1_ORIGINAL,CORRECCION_NECESARIA,NO_USAR_NORMALIZACION_ACTUAL,REEMPLAZAR_SEGUN_AUDITORIA,,,,"La fuente desarrolla una revisión integral de rehabilitación con cuatro componentes: levantamiento, soporte de laboratorios, diagnóstico/alternativas e ingeniería de rehabilitación.",Normalizar como 'Revisión integral de proyectos de rehabilitación' y dejar 'Ingeniería de rehabilitación' como una capacidad del bloque.,La normalización actual reduce el bloque a solo una de sus partes.,NO,,PENDIENTE_2A2,NO,G_OP_MINERA_07_28,SI_CON_MATICES,INFRA OPERACIÓN MINERA,ASIGNADA_2A2,INTEGRIDAD_INGENIERIA_CONTINUIDAD_MINERIA,"Servicio de integridad, monitoreo, ingeniería, diagnóstico, confiabilidad, continuidad o soporte técnico de activos/operación minera.",SIN_CAMBIO,NO,2026-08-17
R0199,DOC-28,FICHA TÉCNICA N°4-OPERAC. MINERA- IDIEM (1).pdf,LAB MINERO DIGITAL,REQUIERE REVISIÓN,Servicios de alta especialización,Servicios a operación minera,Soluciones tecnológicas para el control de productividad,Control digital de productividad,infraestructura de operación minera,Instalaciones mineras,DERIVADO: digitalización,2,Servicios de alta especialización,Cita literal p.2.,REQUIERE REVISIÓN,Probable mismo servicio que la 'herramienta para medir la productividad en terreno' de DOC-01 p.6. No fusionado.,MAPA_2A1_ORIGINAL,CORRECCION_NECESARIA,NO_USAR_NORMALIZACION_ACTUAL,REEMPLAZAR_SEGUN_AUDITORIA,,,,La fuente declara 'Soluciones tecnológicas para el control de productividad'.,No sustituir 'tecnológicas' por 'digital' hasta contar con una descripción de la solución.,La normalización añade una característica no declarada.,SI,,PENDIENTE_2A2,NO,G_OP_MINERA_07_28,SI_CON_MATICES,INFRA OPERACIÓN MINERA,ASIGNADA_2A2,INTEGRIDAD_INGENIERIA_CONTINUIDAD_MINERIA,"Servicio de integridad, monitoreo, ingeniería, diagnóstico, confiabilidad, continuidad o soporte técnico de activos/operación minera.",REASIGNADA,NO,2026-08-17
R0200,DOC-28,FICHA TÉCNICA N°4-OPERAC. MINERA- IDIEM (1).pdf,INFRA OPERACIÓN MINERA,COMPLEMENTARIA,Servicios de alta especialización,Servicios a operación minera,Tecnología del hormigón (I+D); Ingeniería y evaluación de riesgos de incendios; Inspección de estructuras de acero y peritajes de falla en elementos mecánicos; Servicios especializados para la resolución de controversias contractuales; Modelo de propagación de ruidos,Cinco servicios especializados adicionales,infraestructura de operación minera,Instalaciones mineras,DERIVADO: integralidad,2,Servicios de alta especialización,Enumeración literal p.2.,OK,"Este bloque es el nodo que conecta minería con hormigón, incendios, acero, contratos y acústica. Clave para relaciones transversales.",MAPA_2A1_ORIGINAL,CORRECCION_NECESARIA,NO_USAR_NORMALIZACION_ACTUAL,REEMPLAZAR_SEGUN_AUDITORIA,,,,"El bloque 'Servicios de alta especialización' enumera tecnología del hormigón, incendios, acero/peritajes, controversias contractuales y modelo de propagación de ruidos.","Usar 'Servicios de operación minera' como servicio padre y registrar los cinco elementos como capacidades/servicios separados, no como una sola relación agrupada.",Un encabezado de portafolio se usa como servicio y cinco relaciones distintas quedaron fusionadas en una fila.,NO,,PENDIENTE_2A2,NO,G_OP_MINERA_07_28,SI_CON_MATICES,INFRA OPERACIÓN MINERA,ASIGNADA_2A2,INTEGRIDAD_INGENIERIA_CONTINUIDAD_MINERIA,"Servicio de integridad, monitoreo, ingeniería, diagnóstico, confiabilidad, continuidad o soporte técnico de activos/operación minera.",SIN_CAMBIO,NO,2026-08-17
R0201,DOC-28,FICHA TÉCNICA N°4-OPERAC. MINERA- IDIEM (1).pdf,REQUIERE REVISIÓN,COMPLEMENTARIA,Centro de verificación de la calidad de materiales,Verificación de calidad de materiales,Somos el principal centro de verificación de la calidad de materiales de construcción que se producen y utilizan en Chile,Posicionamiento declarado,NO IDENTIFICADO,NO IDENTIFICADO,DERIVADO: autoridad técnica,2,Destacado central,Cita literal p.2.,REQUIERE REVISIÓN,Afirmación superlativa ('el principal') sin fuente ni métrica en el documento. No usar como dato verificado.,MAPA_2A1_ORIGINAL,CORRECCION_NECESARIA,NO_USAR_NORMALIZACION_ACTUAL,REEMPLAZAR_SEGUN_AUDITORIA,,,,La fuente afirma 'Somos el principal centro de verificación de la calidad de materiales de construcción que se producen y utilizan en Chile'.,Mover la frase a claim institucional/diferenciador y marcarla para validación; no tratar 'Centro de verificación...' como servicio técnico del documento.,"Es una autodefinición superlativa sin fuente ni métrica, no una prestación.",SI,,PENDIENTE_2A2,NO,G_OP_MINERA_07_28,SI_CON_MATICES,,SIN_CELULA_PRIORIZADA,FUERA_ALCANCE_O_SIN_APLICACION_SECTORIAL,"Relación válida, pero sin aplicación explícita suficiente a una de las cinco células priorizadas o correspondiente a un ámbito transversal/no priorizado.",FUERA_DE_CELULAS_PRIORIZADAS,NO,2026-08-17
R0202,DOC-27,FICHA TÉCNICA N°5-GESTIÓN DE VULNERABILIDAD- IDIEM (1).pdf,INFRA OPERACIÓN MINERA,PRINCIPAL,Gestión de vulnerabilidad e integridad estructural,Gestión de vulnerabilidad e integridad estructural,"INTEGRIDAD ESTRUCTURAL, INSPECCIONES Y PERITAJES: Inspecciones estructurales especializadas y peritajes; Evaluación de fisuras, deformaciones y corrosión",Inspección y peritaje estructural,la infraestructura minera,Infraestructura minera,DERIVADO: seguridad de activos,1,Integridad y seguridad para la infraestructura minera,Cita literal p.1. Encabezado 'SERVICIOS ESPECIALIZADOS EN MINERÍA'.,OK,"Contenido equivalente a DOC-19, con identidad de marca 'Elige bien. Elige idiem.'. Ver 04_revision_manual (VERSION_DOCUMENTO).",MAPA_2A1_ORIGINAL,CORRECTO_Y_VERIFICABLE,APTO_FACTUAL,ACEPTADA,Gestión de vulnerabilidad e integridad estructural,Inspección y peritaje estructural,Infraestructura minera,"La fuente desarrolla inspecciones estructurales especializadas, peritajes y evaluación de fisuras, deformaciones y corrosión para infraestructura minera.",Mantener la relación.,"Servicio, capacidad y contexto están explícitos.",NO,,PENDIENTE_2A2,SI,G_VULNERABILIDAD_19_27,SI_CON_MATICES,INFRA OPERACIÓN MINERA,ASIGNADA_2A2,INTEGRIDAD_INGENIERIA_CONTINUIDAD_MINERIA,"Servicio de integridad, monitoreo, ingeniería, diagnóstico, confiabilidad, continuidad o soporte técnico de activos/operación minera.",SIN_CAMBIO,NO,2026-08-17
R0203,DOC-27,FICHA TÉCNICA N°5-GESTIÓN DE VULNERABILIDAD- IDIEM (1).pdf,LAB MINERO DIGITAL,REQUIERE REVISIÓN,Gestión de vulnerabilidad e integridad estructural,Gestión de vulnerabilidad e integridad estructural,"LEVANTAMIENTO DE INFORMACIÓN TÉCNICA EN TERRENO: Inspección visual, aérea y termográfica; Modelamiento 3D vía escáner láser y dron",Inspección aérea y modelamiento 3D,infraestructura minera,Infraestructura minera,DERIVADO: digitalización de activos mineros,1,LEVANTAMIENTO DE INFORMACIÓN TÉCNICA EN TERRENO,Cita literal p.1.,REQUIERE REVISIÓN,DOC-19 formula 'Modelos 3D precisos con escáner láser y dron'; aquí 'Modelamiento 3D vía escáner láser y dron'. Variante de redacción entre versiones.,MAPA_2A1_ORIGINAL,CORRECTO_Y_VERIFICABLE,APTO_FACTUAL,ACEPTADA,Gestión de vulnerabilidad e integridad estructural,Inspección aérea y modelamiento 3D,Infraestructura minera,"La fuente declara levantamiento de información técnica en terreno con inspección visual, aérea y termográfica y modelamiento 3D vía escáner láser y dron.",Mantener la relación factual; dejar LAB MINERO DIGITAL pendiente.,La capacidad digital está explícita en una ficha minera.,SI,,PENDIENTE_2A2,SI,G_VULNERABILIDAD_19_27,SI_CON_MATICES,INFRA OPERACIÓN MINERA,ASIGNADA_2A2,INTEGRIDAD_INGENIERIA_CONTINUIDAD_MINERIA,"Servicio de integridad, monitoreo, ingeniería, diagnóstico, confiabilidad, continuidad o soporte técnico de activos/operación minera.",REASIGNADA,NO,2026-08-17
R0204,DOC-27,FICHA TÉCNICA N°5-GESTIÓN DE VULNERABILIDAD- IDIEM (1).pdf,INFRA OPERACIÓN MINERA,PRINCIPAL,MONITOREO DE SALUD ESTRUCTURAL,Monitoreo de salud estructural,Evaluación estructural: Diagnóstico del comportamiento general; Seguimiento continuo con sensores: Información en tiempo real; Análisis de vibraciones de equipo rotativo; Análisis predictivo para mantenimiento oportuno,Cuatro componentes de salud estructural,equipo rotativo,Equipos rotativos,DERIVADO: mantenimiento predictivo,1,MONITOREO DE SALUD ESTRUCTURAL,Cita literal p.1 con las cuatro subviñetas.,OK,"DOC-27 incluye 'Evaluación estructural: Diagnóstico del comportamiento general', componente no registrado en DOC-19.",MAPA_2A1_ORIGINAL,CORRECCION_NECESARIA,NO_USAR_NORMALIZACION_ACTUAL,REEMPLAZAR_SEGUN_AUDITORIA,,,,"Monitoreo de salud estructural contiene cuatro componentes: evaluación estructural, sensores en tiempo real, vibraciones de equipo rotativo y análisis predictivo.",Separar los cuatro componentes en relaciones/capacidades cuando se requiera aplicación específica. No usar 'equipo rotativo' como aplicación de todo el bloque.,La fila agrega cuatro capacidades diferentes pero asigna una aplicación que solo corresponde a una de ellas.,NO,,PENDIENTE_2A2,NO,G_VULNERABILIDAD_19_27,SI_CON_MATICES,INFRA OPERACIÓN MINERA,ASIGNADA_2A2,INTEGRIDAD_INGENIERIA_CONTINUIDAD_MINERIA,"Servicio de integridad, monitoreo, ingeniería, diagnóstico, confiabilidad, continuidad o soporte técnico de activos/operación minera.",SIN_CAMBIO,NO,2026-08-17
R0205,DOC-27,FICHA TÉCNICA N°5-GESTIÓN DE VULNERABILIDAD- IDIEM (1).pdf,INFRA OPERACIÓN MINERA,PRINCIPAL,Gestión de la integridad estructural SIM - Structural Integrity Management,Gestión de integridad estructural (SIM),"Planificación y monitoreo continuo para asegurar la confiabilidad estructural. Incluye análisis técnico de antecedentes, inspecciones programadas y sensores para detección temprana de fallas",Programa SIM,infraestructura minera,Infraestructura minera,DERIVADO: confiabilidad,2,Gestión de la integridad estructural,Cita literal p.2.,OK,,MAPA_2A1_ORIGINAL,CORRECTO_CON_MATIZ,APTO_CON_MATIZ,ACEPTADA_CON_MATIZ,Gestión de integridad estructural (SIM),Programa SIM,Infraestructura minera,"La fuente nombra SIM - Structural Integrity Management y lo define mediante planificación y monitoreo continuo, antecedentes, inspecciones y sensores.",Mantener el servicio; preferir una normalización que conserve 'Gestión de integridad estructural (SIM)' en vez de 'Programa SIM'.,'Programa SIM' no es término literal de la fuente.,NO,,PENDIENTE_2A2,NO,G_VULNERABILIDAD_19_27,SI_CON_MATICES,INFRA OPERACIÓN MINERA,ASIGNADA_2A2,INTEGRIDAD_INGENIERIA_CONTINUIDAD_MINERIA,"Servicio de integridad, monitoreo, ingeniería, diagnóstico, confiabilidad, continuidad o soporte técnico de activos/operación minera.",SIN_CAMBIO,NO,2026-08-17
R0206,DOC-27,FICHA TÉCNICA N°5-GESTIÓN DE VULNERABILIDAD- IDIEM (1).pdf,INFRA OPERACIÓN MINERA,PRINCIPAL,Aplicaciones en la industria minera,Aplicaciones en industria minera,"Estructuras metálicas: Soportes, edificios industriales; Infraestructura de obra civil: Fundaciones, muros, túneles; Equipos estáticos y de soporte: Chancadores, molinos, correas; Infraestructura eléctrica: Torres de transmisión, subestaciones; Depósitos y relaves: Seguridad estructural en almacenamiento",Cinco familias de activos mineros,"Chancadores, molinos, correas, relaves, túneles",Activos de faena minera,DERIVADO: gestión de activos,2,Aplicaciones en la industria minera,Enumeración literal p.2 con las cinco categorías.,OK,Es el inventario de activos mineros más completo del corpus. Idéntico al de DOC-19 p.2.,MAPA_2A1_ORIGINAL,CORRECCION_NECESARIA,NO_USAR_NORMALIZACION_ACTUAL,REEMPLAZAR_SEGUN_AUDITORIA,,,,"La fuente lista cinco familias bajo 'Aplicaciones en la industria minera': estructuras metálicas, obra civil, equipos, infraestructura eléctrica y depósitos/relaves.",Mantener gestión de vulnerabilidad/integridad estructural como servicio padre y registrar las cinco familias como aplicaciones separadas.,'Aplicaciones en la industria minera' es un encabezado y la fila mezcla cinco aplicaciones distintas.,NO,,PENDIENTE_2A2,NO,G_VULNERABILIDAD_19_27,SI_CON_MATICES,INFRA OPERACIÓN MINERA,ASIGNADA_2A2,INTEGRIDAD_INGENIERIA_CONTINUIDAD_MINERIA,"Servicio de integridad, monitoreo, ingeniería, diagnóstico, confiabilidad, continuidad o soporte técnico de activos/operación minera.",SIN_CAMBIO,NO,2026-08-17
R0207,DOC-27,FICHA TÉCNICA N°5-GESTIÓN DE VULNERABILIDAD- IDIEM (1).pdf,INFRA OPERACIÓN MINERA,PRINCIPAL,Elaboración y desarrollo de planes de mantenimiento estructural,Planes de mantenimiento estructural,basados en normativas y mejores prácticas para prolongar la vida útil de activos,Plan de mantenimiento para vida útil,activos mineros,Activos mineros,DERIVADO: gestión de activos,2,Elaboración y desarrollo de planes de mantenimiento estructural,Cita literal p.2.,OK,,MAPA_2A1_ORIGINAL,CORRECTO_Y_VERIFICABLE,APTO_FACTUAL,ACEPTADA,Planes de mantenimiento estructural,Plan de mantenimiento para vida útil,Activos mineros,La fuente declara planes de mantenimiento estructural basados en normativas y mejores prácticas para prolongar la vida útil de activos.,Mantener la relación.,La prestación está explícita.,NO,,PENDIENTE_2A2,SI,G_VULNERABILIDAD_19_27,SI_CON_MATICES,INFRA OPERACIÓN MINERA,ASIGNADA_2A2,INTEGRIDAD_INGENIERIA_CONTINUIDAD_MINERIA,"Servicio de integridad, monitoreo, ingeniería, diagnóstico, confiabilidad, continuidad o soporte técnico de activos/operación minera.",SIN_CAMBIO,NO,2026-08-17
R0208,DOC-27,FICHA TÉCNICA N°5-GESTIÓN DE VULNERABILIDAD- IDIEM (1).pdf,LAB MINERO DIGITAL,REQUIERE REVISIÓN,Nuestra propuesta de valor,Propuesta de valor declarada,Soporte para toma de decisiones informadas; Visualización técnica clara y accesible; Potencial para la automatización de procesos; Fomento de la sostenibilidad,Cuatro beneficios de gestión de datos,operación minera,Operación minera,DERIVADO: digitalización,2,Nuestra propuesta de valor,Cita literal p.2.,REQUIERE REVISIÓN,"'Fomento de la sostenibilidad' no aparece en DOC-19: es un beneficio agregado en esta versión. 'Potencial para la automatización' sigue declarado como potencial, no como capacidad actual.",MAPA_2A1_ORIGINAL,CORRECCION_NECESARIA,NO_USAR_NORMALIZACION_ACTUAL,REEMPLAZAR_SEGUN_AUDITORIA,,,,"DOC-27 incluye soporte a decisiones, visualización técnica, potencial de automatización y fomento de sostenibilidad dentro de 'Nuestra propuesta de valor'. DOC-19 también contiene 'Fomento de la sostenibilidad'.",Mover estos elementos a beneficios/propuesta de valor y conservar 'potencial' para automatización. Corregir la observación que afirmaba que 'Fomento de la sostenibilidad' no aparece en DOC-19.,El mapa trata beneficios como capacidades y contiene una comparación entre versiones factual incorrecta.,SI,,PENDIENTE_2A2,NO,G_VULNERABILIDAD_19_27,SI_CON_MATICES,INFRA OPERACIÓN MINERA,ASIGNADA_2A2,INTEGRIDAD_INGENIERIA_CONTINUIDAD_MINERIA,"Servicio de integridad, monitoreo, ingeniería, diagnóstico, confiabilidad, continuidad o soporte técnico de activos/operación minera.",REASIGNADA,NO,2026-08-17
R0209,DOC-27,FICHA TÉCNICA N°5-GESTIÓN DE VULNERABILIDAD- IDIEM (1).pdf,INFRA OPERACIÓN MINERA,COMPLEMENTARIA,¿Por qué Idiem es un aporte concreto a tu proyecto?,Diferenciadores declarados,Por su equipo multidisciplinario de expertos con profundo conocimiento del sector minero; Con tecnología en inspecciones de avanzada; 100% de adherencia a los estándares internacionales; Soluciones realmente adaptadas a tus necesidades,Cuatro diferenciadores,sector minero,Sector minero,DERIVADO: autoridad técnica,2,¿Por qué Idiem es un aporte concreto a tu proyecto?,Cita literal p.2.,REQUIERE REVISIÓN,DIFERENCIA ENTRE VERSIONES: DOC-19 declara 'Adherencia a estándares internacionales'; aquí '100% de adherencia'. La cuantificación absoluta no se sustenta en el documento ni identifica los estándares. Ver 04_revision_manual.,MAPA_2A1_ORIGINAL,CORRECCION_NECESARIA,NO_USAR_NORMALIZACION_ACTUAL,REEMPLAZAR_SEGUN_AUDITORIA,,,,DOC-27 declara '100% de adherencia a los estándares internacionales'; DOC-19 declara 'Adherencia a estándares internacionales' sin porcentaje.,Mover los elementos a diferenciadores y marcar el '100%' para validación técnica. No tratarlo como hecho institucional validado ni como capacidad.,DOC-27 introduce una cuantificación absoluta que no está sustentada ni identifica estándares; además el encabezado no es un servicio.,SI,,PENDIENTE_2A2,NO,G_VULNERABILIDAD_19_27,SI_CON_MATICES,INFRA OPERACIÓN MINERA,ASIGNADA_2A2,INTEGRIDAD_INGENIERIA_CONTINUIDAD_MINERIA,"Servicio de integridad, monitoreo, ingeniería, diagnóstico, confiabilidad, continuidad o soporte técnico de activos/operación minera.",SIN_CAMBIO,NO,2026-08-17
R0210,DOC-27,FICHA TÉCNICA N°5-GESTIÓN DE VULNERABILIDAD- IDIEM (1).pdf,INFRA OPERACIÓN MINERA,COMPLEMENTARIA,Gestión de vulnerabilidad e integridad estructural,Gestión de vulnerabilidad e integridad estructural,Garantizamos seguridad estructural mediante la gestión de riesgos y el cumplimiento normativo,Promesa de seguridad estructural,minería,Minería,DERIVADO: cumplimiento normativo,1,Bajada de portada,Cita literal p.1.,REQUIERE REVISIÓN,"ALERTA DE LENGUAJE: 'Garantizamos' es compromiso absoluto. DOC-19 decía 'Garantizamos la seguridad estructural en minería'; aquí se omite 'en minería', ampliando implícitamente el alcance de la promesa.",MAPA_2A1_ORIGINAL,CORRECCION_NECESARIA,NO_USAR_NORMALIZACION_ACTUAL,REEMPLAZAR_SEGUN_AUDITORIA,,,,La fuente dice 'Garantizamos seguridad estructural mediante la gestión de riesgos y el cumplimiento normativo'.,Conservar solo como claim literal marcado para revisión; no modelarlo como capacidad técnica ni ampliar su alcance.,"Es un compromiso absoluto. Además, respecto de DOC-19, se omite la frase 'en minería'.",SI,,PENDIENTE_2A2,NO,G_VULNERABILIDAD_19_27,SI_CON_MATICES,INFRA OPERACIÓN MINERA,ASIGNADA_2A2,INTEGRIDAD_INGENIERIA_CONTINUIDAD_MINERIA,"Servicio de integridad, monitoreo, ingeniería, diagnóstico, confiabilidad, continuidad o soporte técnico de activos/operación minera.",SIN_CAMBIO,NO,2026-08-17
R0211,DOC-30,FICHA TÉCNICA N°2-LAB.ROCAS- IDIEM (1).pdf,INFRA OPERACIÓN MINERA,PRINCIPAL,Laboratorio de rocas,Laboratorio de rocas,"Realizamos ensayos convencionales y especiales de mecánica de rocas, necesarios para la caracterización de macizo rocoso: UCS, Triaxiales, PLT, Tracción indirecta, Velocidad de ondas, Hinchamientos, DRX, Otros específicos",Ensayos de mecánica de rocas,la industria minera del país,Industria minera,DERIVADO: confiabilidad de materiales,2,Ensayos convencionales y especiales,Cita literal p.2. La p.1 declara el propósito: 'contribuir al desarrollo sostenible de la industria minera del país'.,OK,"Este documento resuelve la ambigüedad de DOC-21: aquí la aplicación minera está declarada en el cuerpo editorial, no solo sugerida por fotografía.",MAPA_2A1_ORIGINAL,CORRECTO_Y_VERIFICABLE,APTO_FACTUAL,ACEPTADA,Laboratorio de rocas,Ensayos de mecánica de rocas,Industria minera,"La ficha se presenta como 'Servicios especializados en minería', declara contribuir al desarrollo sostenible de la industria minera del país y enumera los ensayos de mecánica de rocas.","Mantener servicio, capacidad y aplicación minera.",La aplicación a minería está explícita en el propio documento.,NO,,PENDIENTE_2A2,SI,G_ROCAS_21_30,SI_CON_MATICES,LAB MINERO DIGITAL,ASIGNADA_2A2,SERVICIO_NUCLEO_LAB_MINERO,Laboratorio de rocas/Triaxial y evidencia asociada se definieron como núcleo de LAB MINERO DIGITAL.,REASIGNADA,NO,2026-08-17
R0212,DOC-30,FICHA TÉCNICA N°2-LAB.ROCAS- IDIEM (1).pdf,INFRA OPERACIÓN MINERA,PRINCIPAL,Triaxial Gigante,Equipo triaxial para grandes partículas,"se utiliza para ensayar suelos con partículas de gran tamaño, principalmente para proyectos de la gran minería, presas de tierra, energía e infraestructura",Ensayo triaxial de grandes partículas,proyectos de la gran minería,Gran minería,DERIVADO: diferenciación técnica,2,Único con Triaxial Gigante especializado para grandes partículas,Cita literal p.2.,OK,"Declara cuatro aplicaciones: gran minería, presas de tierra, energía e infraestructura. Las dos primeras no aparecían en DOC-21.",MAPA_2A1_ORIGINAL,CORRECCION_NECESARIA,NO_USAR_NORMALIZACION_ACTUAL,REEMPLAZAR_SEGUN_AUDITORIA,,,,"La fuente declara un Triaxial Gigante especializado para grandes partículas, desarrollado con ingeniería propia y utilizado para ensayar suelos de gran tamaño, principalmente en gran minería, presas de tierra, energía e infraestructura.",Usar 'Laboratorio de rocas' o 'Laboratorio de geotecnia' como servicio padre; registrar el Triaxial Gigante como equipo/capacidad y el ensayo de grandes partículas como prestación. Mantener gran minería como aplicación.,El mapa usa el nombre del equipo como si fuera el servicio principal.,NO,,PENDIENTE_2A2,NO,G_ROCAS_21_30,SI_CON_MATICES,LAB MINERO DIGITAL,ASIGNADA_2A2,SERVICIO_NUCLEO_LAB_MINERO,Laboratorio de rocas/Triaxial y evidencia asociada se definieron como núcleo de LAB MINERO DIGITAL.,REASIGNADA,NO,2026-08-17
R0213,DOC-30,FICHA TÉCNICA N°2-LAB.ROCAS- IDIEM (1).pdf,INFRA PÚBLICA RESILIENTE,COMPLEMENTARIA,Triaxial Gigante,Equipo triaxial para grandes partículas,se utiliza para ensayar suelos con partículas de gran tamaño... presas de tierra... e infraestructura,Ensayo triaxial de grandes partículas,presas de tierra,Presas de tierra,DERIVADO: seguridad de activos críticos,2,Único con Triaxial Gigante especializado para grandes partículas,Misma cita p.2. Las presas de tierra son obras hidráulicas de alta criticidad.,REQUIERE REVISIÓN,El documento no clasifica las presas como públicas o privadas; la asignación de célula es inferencial.,MAPA_2A1_ORIGINAL,CORRECCION_NECESARIA,NO_USAR_NORMALIZACION_ACTUAL,REEMPLAZAR_SEGUN_AUDITORIA,,,,La fuente declara 'presas de tierra' entre las aplicaciones del equipo triaxial para grandes partículas.,"Mantener presas de tierra como aplicación factual del equipo/capacidad, pero no asignarlas a INFRA PÚBLICA RESILIENTE hasta validar la célula. Usar Laboratorio de geotecnia/rocas como servicio padre.","La aplicación existe, pero el documento no indica si las presas son públicas o privadas y el equipo no constituye por sí solo el servicio padre.",SI,,PENDIENTE_2A2,NO,G_ROCAS_21_30,SI_CON_MATICES,LAB MINERO DIGITAL,ASIGNADA_2A2,DECISION_USUARIO_2A2,El usuario establece que Triaxial Gigante se considera siempre asociado a proyectos mineros; por su naturaleza de ensayo/laboratorio se asigna a LAB MINERO DIGITAL.,REASIGNADA,NO,2026-08-17
R0214,DOC-30,FICHA TÉCNICA N°2-LAB.ROCAS- IDIEM (1).pdf,INFRA OPERACIÓN MINERA,COMPLEMENTARIA,Triaxial Gigante,Equipo triaxial para grandes partículas,"Este equipo forma parte del Laboratorio de Geotecnia, siendo el tercero más grande a nivel mundial. Fue desarrollado con ingeniería propia",Equipo desarrollado con ingeniería propia,NO IDENTIFICADO,NO IDENTIFICADO,DERIVADO: innovación,2,Único con Triaxial Gigante especializado para grandes partículas,Cita literal p.2.,REQUIERE REVISIÓN,CONTRADICCIÓN CON DOC-21: allí se afirma 'uno de los tres de su tipo disponibles en el mundo'; aquí 'el tercero más grande a nivel mundial'. Son afirmaciones distintas y no equivalentes. Ver 04_revision_manual.,MAPA_2A1_ORIGINAL,REQUIERE_VALIDACION_HUMANA,NO_USAR_HASTA_VALIDACION,PENDIENTE_VALIDACION_HUMANA,,,,"DOC-30 afirma que el equipo forma parte del Laboratorio de Geotecnia, es 'el tercero más grande a nivel mundial' y fue desarrollado con ingeniería propia. DOC-21 afirma que es 'uno de los tres de su tipo disponibles en el mundo'.",Mantener 'desarrollado con ingeniería propia' como claim de fuente y el equipo como capacidad; validar externamente el ranking mundial. Reemplazar la etiqueta de contradicción por 'diferencia sustantiva entre claims no necesariamente incompatibles'.,Ser tercero más grande y ser uno de tres equipos disponibles pueden coexistir; el corpus no permite verificar ninguno de los rankings.,SI,,PENDIENTE_2A2,NO,G_ROCAS_21_30,SI_CON_MATICES,LAB MINERO DIGITAL,ASIGNADA_2A2,SERVICIO_NUCLEO_LAB_MINERO,Laboratorio de rocas/Triaxial y evidencia asociada se definieron como núcleo de LAB MINERO DIGITAL.,REASIGNADA,NO,2026-08-17
R0215,DOC-30,FICHA TÉCNICA N°2-LAB.ROCAS- IDIEM (1).pdf,INFRA OPERACIÓN MINERA,COMPLEMENTARIA,Pioneros en el desarrollo de la geotecnia en Chile,Laboratorio de geotecnia,Primer y mayor laboratorio de geotecnia del país; La más extensa experiencia en ensayos de suelos y rocas; Profesionales geotécnicos y geológicos altamente calificados; El más alto estándar técnico de principio a fin,Cuatro atributos declarados,NO IDENTIFICADO,NO IDENTIFICADO,DERIVADO: autoridad técnica,1,Pioneros en el desarrollo de la geotecnia en Chile,Cita literal p.1.,REQUIERE REVISIÓN,"Cuatro afirmaciones superlativas encadenadas ('primer y mayor', 'la más extensa', 'el más alto') sin respaldo verificable en el documento.",MAPA_2A1_ORIGINAL,CORRECCION_NECESARIA,NO_USAR_NORMALIZACION_ACTUAL,REEMPLAZAR_SEGUN_AUDITORIA,,,,"La ficha usa los claims 'Pioneros en el desarrollo de la geotecnia en Chile', 'Primer y mayor laboratorio de geotecnia del país', 'La más extensa experiencia...' y 'El más alto estándar técnico...'.",Mantener 'Laboratorio de geotecnia' como entidad/capacidad relacionada y trasladar los superlativos a claims/diferenciadores pendientes de validación. No agruparlos como capacidad técnica.,Son afirmaciones comparativas o de posicionamiento sin evidencia interna y no describen prestaciones específicas.,SI,,PENDIENTE_2A2,NO,G_ROCAS_21_30,SI_CON_MATICES,LAB MINERO DIGITAL,ASIGNADA_2A2,SERVICIO_NUCLEO_LAB_MINERO,Laboratorio de rocas/Triaxial y evidencia asociada se definieron como núcleo de LAB MINERO DIGITAL.,REASIGNADA,NO,2026-08-17
R0216,DOC-30,FICHA TÉCNICA N°2-LAB.ROCAS- IDIEM (1).pdf,INFRA OPERACIÓN MINERA,COMPLEMENTARIA,Laboratorio de rocas,Laboratorio de rocas,Con el más amplio despliegue territorial para apoyar el desarrollo de una industria minera de estándar internacional,Despliegue territorial declarado,industria minera,Industria minera,DERIVADO: cobertura territorial,1,REALIZAMOS ENSAYOS CONVENCIONALES Y ESPECIALES DE MECÁNICA DE ROCAS,Cita literal p.1.,REQUIERE REVISIÓN,'El más amplio despliegue territorial' es afirmación comparativa sin respaldo. Contrastar con el dato concreto de DOC-24 p.1 (cinco ciudades del norte).,MAPA_2A1_ORIGINAL,CORRECCION_NECESARIA,NO_USAR_NORMALIZACION_ACTUAL,REEMPLAZAR_SEGUN_AUDITORIA,,,,La fuente declara 'Con el más amplio despliegue territorial para apoyar el desarrollo de una industria minera de estándar internacional'.,"Tratar el despliegue territorial como atributo/cobertura declarada del Laboratorio de rocas y mantener 'el más amplio' como claim pendiente de validación, no como capacidad técnica.","La existencia del claim está verificada, pero su carácter comparativo no está respaldado y la jerarquía actual lo presenta como capacidad.",SI,,PENDIENTE_2A2,NO,G_ROCAS_21_30,SI_CON_MATICES,LAB MINERO DIGITAL,ASIGNADA_2A2,SERVICIO_NUCLEO_LAB_MINERO,Laboratorio de rocas/Triaxial y evidencia asociada se definieron como núcleo de LAB MINERO DIGITAL.,REASIGNADA,NO,2026-08-17
R0217,DOC-30,FICHA TÉCNICA N°2-LAB.ROCAS- IDIEM (1).pdf,INFRA OPERACIÓN MINERA,MENCIÓN,Laboratorio de rocas,Laboratorio de rocas,NO IDENTIFICADO,NO IDENTIFICADO,Una industria líder que aporta un cuarto de cobre del planeta,Industria del cobre de Chile,DERIVADO: relevancia sectorial,1,ÚNICOS EN CHILE Y SUDAMÉRICA CON EQUIPO TRIAXIAL GIGANTE PARA GRANDES PARTÍCULAS,Cita literal p.1.,REQUIERE REVISIÓN,Dato sobre la participación de Chile en la producción mundial de cobre sin fuente citada en el documento. No verificable desde la fuente.,MAPA_2A1_ORIGINAL,CORRECCION_NECESARIA,NO_USAR_NORMALIZACION_ACTUAL,REEMPLAZAR_SEGUN_AUDITORIA,,,,La fuente afirma que la industria aporta 'un cuarto de cobre del planeta'.,Retirar esta frase de las relaciones servicio-capacidad-aplicación y conservarla solo como claim/contexto sectorial pendiente de verificación externa si se desea reutilizar.,Es un dato macroeconómico sin fuente citada y no constituye una capacidad ni una aplicación concreta del Laboratorio de rocas.,SI,,PENDIENTE_2A2,NO,G_ROCAS_21_30,SI_CON_MATICES,LAB MINERO DIGITAL,ASIGNADA_2A2,SERVICIO_NUCLEO_LAB_MINERO,Laboratorio de rocas/Triaxial y evidencia asociada se definieron como núcleo de LAB MINERO DIGITAL.,REASIGNADA,NO,2026-08-17
R0218,DOC-29,FICHA TÉCNICA N°3-LAB.OBRAS- IDIEM (1).pdf,INFRA OPERACIÓN MINERA,PRINCIPAL,Laboratorio en Obras,Laboratorio en obra,"Servicio permanente en terreno. Instalaciones, personal experimentado, equipamiento y ensayos de laboratorio en obra adecuados a todo tipo de proyectos: Minería, Energía, Inmobiliarias y todo tipo de Infraestructuras públicas y privadas",Laboratorio permanente en faena,Minería,Proyectos mineros,DERIVADO: continuidad operacional,2,"Servicios, despliegue y respaldo",Cita literal p.2. Encabezado del documento: 'SERVICIOS ESPECIALIZADOS EN MINERÍA'.,OK,Versión de marca 'Elige bien. Elige idiem.' del contenido de DOC-04. Ver 04_revision_manual (VERSION_DOCUMENTO).,MAPA_2A1_ORIGINAL,CORRECTO_Y_VERIFICABLE,APTO_FACTUAL,ACEPTADA,Laboratorio en obra,Laboratorio permanente en faena,Proyectos mineros,El documento está rotulado 'SERVICIOS ESPECIALIZADOS EN MINERÍA' y declara Minería entre los tipos de proyecto.,Mantener la relación factual. No validar todavía la célula.,La aplicación minera es textual.,NO,,PENDIENTE_2A2,SI,G_LAB_OBRA_04_29,SI_CON_MATICES,LAB MINERO DIGITAL,ASIGNADA_2A2,LABORATORIO_ENSAYO_CONTROL_MINERIA,Servicio de laboratorio/ensayo y generación de resultados aplicado explícitamente a minería.,REASIGNADA,NO,2026-08-17
R0219,DOC-29,FICHA TÉCNICA N°3-LAB.OBRAS- IDIEM (1).pdf,INFRA PÚBLICA RESILIENTE,PRINCIPAL,Laboratorio en Obras,Laboratorio en obra,"adecuados a todo tipo de proyectos: Minería, Energía, Inmobiliarias y todo tipo de Infraestructuras públicas y privadas",Laboratorio permanente en faena,Infraestructuras públicas,Infraestructura pública,DERIVADO: continuidad de proyecto,2,"Servicios, despliegue y respaldo",Misma cita p.2.,OK,Relación muchos-a-muchos con R0218 desde la misma frase fuente.,MAPA_2A1_ORIGINAL,CORRECTO_Y_VERIFICABLE,APTO_FACTUAL,ACEPTADA,Laboratorio en obra,Laboratorio permanente en faena,Infraestructura pública,La fuente declara infraestructuras públicas y privadas.,Mantener la relación factual. No validar todavía la célula.,La aplicación a infraestructura pública es explícita.,NO,,PENDIENTE_2A2,SI,G_LAB_OBRA_04_29,SI_CON_MATICES,INFRA PÚBLICA RESILIENTE,ASIGNADA_2A2,PROYECTO_INFRAESTRUCTURA_PUBLICA,Aplicación/proyecto público o infraestructura pública no perteneciente a Salud ni Metro/EFE.,SIN_CAMBIO,NO,2026-08-17
R0220,DOC-29,FICHA TÉCNICA N°3-LAB.OBRAS- IDIEM (1).pdf,LAB MINERO DIGITAL,REQUIERE REVISIÓN,IDIEM ES EFICIENCIA E INMEDIATEZ,Seguimiento digital de ensayos,"Seguimiento en línea de los resultados de cada uno de los ensayos, con informes en forma y plazo",Seguimiento en línea de resultados,Minería,Proyectos mineros,DERIVADO: digitalización,1,IDIEM ES EFICIENCIA E INMEDIATEZ,"Cita literal p.1. La fotografía de p.2 muestra a un técnico operando un dispositivo móvil acoplado a instrumental en terreno, en entorno de salar.",REQUIERE REVISIÓN,Laboratorio + minería + soporte digital: combinación central para definir LAB MINERO DIGITAL. Formulación más explícita que en DOC-04.,MAPA_2A1_ORIGINAL,CORRECCION_NECESARIA,NO_USAR_NORMALIZACION_ACTUAL,REEMPLAZAR_SEGUN_AUDITORIA,,,,La fuente declara seguimiento en línea de resultados con informes en forma y plazo.,Usar 'Laboratorio en Obras' como servicio y 'Seguimiento en línea de resultados' como capacidad. 'IDIEM ES EFICIENCIA E INMEDIATEZ' debe quedar como encabezado/atributo.,El encabezado comercial fue colocado erróneamente como servicio.,SI,,PENDIENTE_2A2,NO,G_LAB_OBRA_04_29,SI_CON_MATICES,LAB MINERO DIGITAL,ASIGNADA_2A2,LABORATORIO_ENSAYO_CONTROL_MINERIA,Servicio de laboratorio/ensayo y generación de resultados aplicado explícitamente a minería.,SIN_CAMBIO,NO,2026-08-17
R0221,DOC-29,FICHA TÉCNICA N°3-LAB.OBRAS- IDIEM (1).pdf,INFRA OPERACIÓN MINERA,COMPLEMENTARIA,IDIEM ES ESTÁNDAR HSEC,Estándar HSEC,"Health, Safety, Environment and Community. Contamos con los más altos estándares del mercado en materia de seguridad y salud ocupacional. Expertos en gestión de medio ambiente y comunidades en proyectos con de alta exigencia",Gestión HSEC,proyectos con de alta exigencia,Proyectos de alta exigencia,DERIVADO: licencia social,1,IDIEM ES ESTÁNDAR HSEC,Cita literal p.1.,REQUIERE REVISIÓN,El texto fuente contiene el error 'proyectos con de alta exigencia'; se conserva sin corregir. Afirmación 'los más altos estándares del mercado' sin respaldo.,MAPA_2A1_ORIGINAL,CORRECCION_NECESARIA,NO_USAR_NORMALIZACION_ACTUAL,REEMPLAZAR_SEGUN_AUDITORIA,,,,"La fuente declara Estándar HSEC, altos estándares de seguridad y salud ocupacional y gestión de medio ambiente y comunidades.",Usar 'Laboratorio en Obras' como servicio y HSEC como capacidad/atributo. Conservar los superlativos solo como claims de fuente.,El encabezado comercial no es un servicio y contiene afirmaciones comparativas no sustentadas en el documento.,NO,,PENDIENTE_2A2,NO,G_LAB_OBRA_04_29,SI_CON_MATICES,,SIN_CELULA_PRIORIZADA,FUERA_ALCANCE_O_SIN_APLICACION_SECTORIAL,"Relación válida, pero sin aplicación explícita suficiente a una de las cinco células priorizadas o correspondiente a un ámbito transversal/no priorizado.",FUERA_DE_CELULAS_PRIORIZADAS,NO,2026-08-17
R0222,DOC-29,FICHA TÉCNICA N°3-LAB.OBRAS- IDIEM (1).pdf,INFRA OPERACIÓN MINERA,COMPLEMENTARIA,Con el más amplio despliegue territorial,Cobertura en zonas aisladas,"Para estar presentes hasta en las zonas más aisladas, de accesos complejos y extremos a lo largo y ancho de todo el país",Cobertura en zonas extremas,"zonas más aisladas, de accesos complejos y extremos",Faenas remotas,DERIVADO: cobertura territorial,2,"Servicios, despliegue y respaldo",Cita literal p.2. La portada p.1 muestra maquinaria despejando un camino nevado.,REQUIERE REVISIÓN,Afirmación comparativa 'el más amplio' sin respaldo verificable.,MAPA_2A1_ORIGINAL,CORRECCION_NECESARIA,NO_USAR_NORMALIZACION_ACTUAL,REEMPLAZAR_SEGUN_AUDITORIA,,,,"La fuente declara presencia en zonas aisladas, de accesos complejos y extremos.",Normalizar como 'Cobertura en zonas aisladas/extremas'; no como 'Faenas remotas'. Mantener 'el más amplio' solo como claim literal.,La normalización agrega minería y el superlativo no está respaldado con evidencia externa.,NO,,PENDIENTE_2A2,NO,G_LAB_OBRA_04_29,SI_CON_MATICES,,SIN_CELULA_PRIORIZADA,FUERA_ALCANCE_O_SIN_APLICACION_SECTORIAL,"Relación válida, pero sin aplicación explícita suficiente a una de las cinco células priorizadas o correspondiente a un ámbito transversal/no priorizado.",FUERA_DE_CELULAS_PRIORIZADAS,NO,2026-08-17
R0223,DOC-29,FICHA TÉCNICA N°3-LAB.OBRAS- IDIEM (1).pdf,REQUIERE REVISIÓN,COMPLEMENTARIA,IDIEM ES CONFIABILIDAD,Acreditaciones institucionales,Somos una institución certificada ISO17025 e ISO9001 en sistemas de gestión de calidad,Acreditación ISO 17025 e ISO 9001,NO IDENTIFICADO,NO IDENTIFICADO,DERIVADO: cumplimiento normativo,1,IDIEM ES CONFIABILIDAD,Cita literal p.1.,OK,Coincide literalmente con DOC-04 p.1.,MAPA_2A1_ORIGINAL,CORRECCION_NECESARIA,NO_USAR_NORMALIZACION_ACTUAL,REEMPLAZAR_SEGUN_AUDITORIA,,,,La fuente dice que la institución está certificada ISO17025 e ISO9001.,Usar 'Laboratorio en Obras' como servicio; conservar 'certificación/certificada' y no convertirlo en 'Acreditaciones institucionales'.,El encabezado 'IDIEM ES CONFIABILIDAD' no es servicio y la normalización cambia la naturaleza de la credencial.,NO,,PENDIENTE_2A2,NO,G_LAB_OBRA_04_29,SI_CON_MATICES,,SIN_CELULA_PRIORIZADA,FUERA_ALCANCE_O_SIN_APLICACION_SECTORIAL,"Relación válida, pero sin aplicación explícita suficiente a una de las cinco células priorizadas o correspondiente a un ámbito transversal/no priorizado.",FUERA_DE_CELULAS_PRIORIZADAS,NO,2026-08-17
R0224,DOC-29,FICHA TÉCNICA N°3-LAB.OBRAS- IDIEM (1).pdf,REQUIERE REVISIÓN,COMPLEMENTARIA,Somos parte de la Facultad de Ingeniería de la Universidad de Chile,Respaldo universitario,"El centro de investigación, desarrollo e innovación de estructuras y materiales más importante del país",Posicionamiento en I+D,NO IDENTIFICADO,NO IDENTIFICADO,DERIVADO: autoridad técnica,2,"Servicios, despliegue y respaldo",Cita literal p.2.,REQUIERE REVISIÓN,"Afirmación superlativa 'más importante del país' sin fuente. Conviven en el corpus tres autodefiniciones distintas: 'principal centro de verificación de calidad de materiales' (DOC-28, DOC-30) y esta.",MAPA_2A1_ORIGINAL,CORRECCION_NECESARIA,NO_USAR_NORMALIZACION_ACTUAL,REEMPLAZAR_SEGUN_AUDITORIA,,,,"La fuente declara pertenencia a la Facultad de Ingeniería y se autodefine como 'el centro de investigación, desarrollo e innovación... más importante del país'.",Separar el respaldo universitario y el claim institucional del árbol servicio/capacidad. Marcar el superlativo para validación institucional.,"Son afirmaciones institucionales, no capacidades del servicio, y el superlativo no aporta fuente de respaldo.",SI,,PENDIENTE_2A2,NO,G_LAB_OBRA_04_29,SI_CON_MATICES,,SIN_CELULA_PRIORIZADA,FUERA_ALCANCE_O_SIN_APLICACION_SECTORIAL,"Relación válida, pero sin aplicación explícita suficiente a una de las cinco células priorizadas o correspondiente a un ámbito transversal/no priorizado.",FUERA_DE_CELULAS_PRIORIZADAS,NO,2026-08-17
R0225,DOC-29,FICHA TÉCNICA N°3-LAB.OBRAS- IDIEM (1).pdf,INFRA CRÍTICA TRANSPORTE,MENCIÓN,Laboratorio en Obras,Laboratorio en obra,NO IDENTIFICADO,NO IDENTIFICADO,perfiles metálicos acopiados junto a una vía férrea,Vía férrea,DERIVADO: caso de aplicación,2,Galería fotográfica inferior,Evidencia únicamente fotográfica p.2. El cuerpo editorial no menciona infraestructura ferroviaria.,REQUIERE REVISIÓN,No confirma servicio prestado en proyecto ferroviario. Ver 04_revision_manual (RELACION_NO_CONFIRMADA).,MAPA_2A1_ORIGINAL,RELACION_NO_CONFIRMADA,NO_USAR_COMO_EVIDENCIA,DESCARTADA_COMO_EVIDENCIA_FACTUAL,,,,La relación ferroviaria proviene únicamente de una fotografía de perfiles junto a una vía férrea; el texto no menciona ferrocarriles.,Retirar la aplicación ferroviaria del mapa factual y mantenerla solo como pendiente de validación si se desea investigar el caso.,Una fotografía no confirma que IDIEM haya prestado ese servicio en un proyecto ferroviario.,SI,,PENDIENTE_2A2,NO,G_LAB_OBRA_04_29,SI_CON_MATICES,,NO_USAR_COMO_EVIDENCIA,EXCLUSION_2A1B,Relación descartada en 2A.1B como evidencia factual; se conserva solo por trazabilidad.,EXCLUIDA_COMO_EVIDENCIA,NO,2026-08-17
R0226,DOC-26,OR Ficha 14 Control Calidad Hormigón digital.pdf,REQUIERE REVISIÓN,PRINCIPAL,Confiabilidad en Control de Calidad del Hormigón,Control de calidad del hormigón,"Muestreo de hormigón fresco con control de parámetros de docilidad y temperatura; Determinación de resistencia mecánica del hormigón endurecido; Curvas de calibración para estimación de resistencia por método de madurez; Determinación de densidad, rendimiento y uniformidad del hormigón fresco; Servicios y ensayos especiales adicionales en obras y plantas productoras de hormigón premezclado",Cinco prestaciones de control de hormigón,obras y plantas productoras de hormigón premezclado,Obras y plantas de premezclado,DERIVADO: confiabilidad de materiales,1,Ofrecemos un servicio completo de hormigón,"Enumeración literal p.1, idéntica a DOC-09 p.1.",OK,"Contenido textual idéntico a DOC-09, verificado por comparación directa. Fila conservada por provenir de archivo distinto.",MAPA_2A1_ORIGINAL,CORRECCION_NECESARIA,NO_USAR_NORMALIZACION_ACTUAL,REEMPLAZAR_SEGUN_AUDITORIA,,,,"La fuente contiene cinco prestaciones en p.1, pero solo la quinta menciona explícitamente 'obras y plantas productoras de hormigón premezclado'.",Mantener las cinco prestaciones como capacidades separables del Control de calidad del hormigón. No aplicar 'obras y plantas de premezclado' indiscriminadamente a las cinco.,La relación agregada mezcla cinco capacidades y extiende a todas una aplicación textual que corresponde solo a una de ellas.,NO,,PENDIENTE_2A2,NO,G_HORMIGON_09_26,SI,,SIN_CELULA_PRIORIZADA,FUERA_ALCANCE_O_SIN_APLICACION_SECTORIAL,"Relación válida, pero sin aplicación explícita suficiente a una de las cinco células priorizadas o correspondiente a un ámbito transversal/no priorizado.",FUERA_DE_CELULAS_PRIORIZADAS,NO,2026-08-17
R0227,DOC-26,OR Ficha 14 Control Calidad Hormigón digital.pdf,REQUIERE REVISIÓN,PRINCIPAL,Nos destacamos por,Plataforma digital de hormigón,Innovadora plataforma digital para información de muestreo y resultados de ensayos en línea; Aplicación para visualización y proyección del desempeño del hormigón,Plataforma y aplicación de resultados,NO IDENTIFICADO,NO IDENTIFICADO,DERIVADO: analítica predictiva,2,Nos destacamos por,Cita literal p.2. La p.2 muestra captura de aplicación móvil y el gráfico 'DIFERENCIA DE RESISTENCIAS fi vs fc' con series 'Diferencia a 28 días' y 'Diferencia Proyectada'.,OK,El eje temporal del gráfico va de 'Abr 24' a 'Jun 24': indicio de que el material se produjo en 2024 o después. No es una fecha de documento declarada.,MAPA_2A1_ORIGINAL,CORRECCION_NECESARIA,NO_USAR_NORMALIZACION_ACTUAL,REEMPLAZAR_SEGUN_AUDITORIA,,,,"Bajo 'Nos destacamos por', la fuente declara plataforma digital para muestreo/resultados en línea y aplicación para visualización/proyección de desempeño.",Usar 'Control de calidad del hormigón' como servicio padre y separar plataforma digital y aplicación de proyección como dos capacidades.,'Nos destacamos por' es un encabezado editorial y la fila fusiona dos capacidades diferentes.,NO,,PENDIENTE_2A2,NO,G_HORMIGON_09_26,SI,,SIN_CELULA_PRIORIZADA,FUERA_ALCANCE_O_SIN_APLICACION_SECTORIAL,"Relación válida, pero sin aplicación explícita suficiente a una de las cinco células priorizadas o correspondiente a un ámbito transversal/no priorizado.",FUERA_DE_CELULAS_PRIORIZADAS,NO,2026-08-17
R0228,DOC-26,OR Ficha 14 Control Calidad Hormigón digital.pdf,REQUIERE REVISIÓN,COMPLEMENTARIA,Adaptamos nuestros servicios a tus necesidades,Flexibilidad de servicio,"Programación flexible de toma de muestras y ensayos; Acompañamiento y atención personalizada, sin importar el tamaño de tu proyecto",Programación flexible y acompañamiento,NO IDENTIFICADO,NO IDENTIFICADO,DERIVADO: flexibilidad de servicio,1,Adaptamos nuestros servicios a tus necesidades,Cita literal p.1.,OK,,MAPA_2A1_ORIGINAL,CORRECCION_NECESARIA,NO_USAR_NORMALIZACION_ACTUAL,REEMPLAZAR_SEGUN_AUDITORIA,,,,La fuente declara programación flexible de toma de muestras y ensayos y acompañamiento/atención personalizada.,Mantener como modalidad/atributo operativo del Control de calidad del hormigón; no usar 'Adaptamos nuestros servicios a tus necesidades' como servicio.,"El encabezado es una propuesta de valor, no una prestación técnica independiente.",NO,,PENDIENTE_2A2,NO,G_HORMIGON_09_26,SI,,SIN_CELULA_PRIORIZADA,FUERA_ALCANCE_O_SIN_APLICACION_SECTORIAL,"Relación válida, pero sin aplicación explícita suficiente a una de las cinco células priorizadas o correspondiente a un ámbito transversal/no priorizado.",FUERA_DE_CELULAS_PRIORIZADAS,NO,2026-08-17
R0229,DOC-26,OR Ficha 14 Control Calidad Hormigón digital.pdf,REQUIERE REVISIÓN,COMPLEMENTARIA,Nos respaldan,Acreditaciones institucionales,Red de laboratorios acreditados; Instituto Nacional de Normalización (INN); Resolución Ministerio de Vivienda y Urbanismo de Chile (MINVU); Equipo de profesionales especialistas en hormigón y más de 125 años de experiencia colaborando en las obras del país,Acreditación INN y MINVU,NO IDENTIFICADO,NO IDENTIFICADO,DERIVADO: cumplimiento normativo,2,Nos respaldan,Cita literal p.2.,OK,El sello '125 años' sitúa el material en la línea gráfica anterior a 'Elige bien. Elige idiem.'.,MAPA_2A1_ORIGINAL,CORRECCION_NECESARIA,NO_USAR_NORMALIZACION_ACTUAL,REEMPLAZAR_SEGUN_AUDITORIA,,,,"Bajo 'Nos respaldan', la fuente enumera red de laboratorios acreditados, INN, Resolución MINVU, profesionales especialistas en hormigón y más de 125 años de experiencia.","Separar credenciales, equipo y trayectoria como atributos distintos; mantener Control de calidad del hormigón como servicio padre.",La fila fusiona elementos de naturaleza diferente y usa un encabezado de respaldo como servicio.,SI,,PENDIENTE_2A2,NO,G_HORMIGON_09_26,SI,,SIN_CELULA_PRIORIZADA,FUERA_ALCANCE_O_SIN_APLICACION_SECTORIAL,"Relación válida, pero sin aplicación explícita suficiente a una de las cinco células priorizadas o correspondiente a un ámbito transversal/no priorizado.",FUERA_DE_CELULAS_PRIORIZADAS,NO,2026-08-17
R0230,DOC-26,OR Ficha 14 Control Calidad Hormigón digital.pdf,REQUIERE REVISIÓN,COMPLEMENTARIA,Confiabilidad en Control de Calidad del Hormigón,Control de calidad del hormigón,Garantizamos la calidad de tu hormigón a través de un servicio completo de análisis y control de calidad,Promesa de calidad del hormigón,NO IDENTIFICADO,NO IDENTIFICADO,DERIVADO: confiabilidad,2,Bloque introductorio,Cita literal p.2.,REQUIERE REVISIÓN,ALERTA DE LENGUAJE: 'Garantizamos la calidad' es compromiso absoluto sobre un producto que IDIEM controla pero no fabrica. Revisar antes de reutilizar.,MAPA_2A1_ORIGINAL,CORRECCION_NECESARIA,NO_USAR_NORMALIZACION_ACTUAL,REEMPLAZAR_SEGUN_AUDITORIA,,,,La fuente dice 'Garantizamos la calidad de tu hormigón a través de un servicio completo de análisis y control de calidad'.,Conservar la existencia del servicio completo de análisis y control; mover 'Garantizamos la calidad' a claim absoluto pendiente de revisión técnica/legal.,La frase promete un resultado sobre un material que IDIEM evalúa/controla y no constituye una capacidad técnica verificable.,SI,,PENDIENTE_2A2,NO,G_HORMIGON_09_26,SI,,SIN_CELULA_PRIORIZADA,FUERA_ALCANCE_O_SIN_APLICACION_SECTORIAL,"Relación válida, pero sin aplicación explícita suficiente a una de las cinco células priorizadas o correspondiente a un ámbito transversal/no priorizado.",FUERA_DE_CELULAS_PRIORIZADAS,NO,2026-08-17
R0231,DOC-26,OR Ficha 14 Control Calidad Hormigón digital.pdf,REQUIERE REVISIÓN,COMPLEMENTARIA,SERVICIOS INTEGRALES,Línea comercial declarada,NO IDENTIFICADO,NO IDENTIFICADO,NO IDENTIFICADO,NO IDENTIFICADO,DERIVADO: arquitectura de marca,2,"Etiqueta de línea, margen superior",Etiqueta literal 'SERVICIOS INTEGRALES' en el margen superior de p.2.,OK,CONTRADICCIÓN DE NOMBRE: el archivo se llama 'digital' pero contiene marcas de separación de color CMYK propias de artes finales para impresión. Ver 04_revision_manual.,MAPA_2A1_ORIGINAL,REQUIERE_VALIDACION_HUMANA,NO_USAR_HASTA_VALIDACION,PENDIENTE_VALIDACION_HUMANA,,,,La etiqueta 'SERVICIOS INTEGRALES' aparece en el margen superior de la pieza.,"Conservar la etiqueta como metadato de arquitectura comercial hasta definir si corresponde a línea de negocio, familia gráfica o campaña; no usarla como servicio técnico.","El corpus no explica la relación jerárquica entre 'Servicios Integrales', 'Servicios Ágiles' y 'Servicios Especializados en Minería'.",SI,,PENDIENTE_2A2,NO,G_HORMIGON_09_26,SI,,SIN_CELULA_PRIORIZADA,FUERA_ALCANCE_O_SIN_APLICACION_SECTORIAL,"Relación válida, pero sin aplicación explícita suficiente a una de las cinco células priorizadas o correspondiente a un ámbito transversal/no priorizado.",FUERA_DE_CELULAS_PRIORIZADAS,NO,2026-08-17
R0232,DOC-05,OR Ficha 03 Convenios-IDIEM (1).pdf,INFRA PÚBLICA RESILIENTE,PRINCIPAL,Convenios de prestación de servicios a organismos públicos bajo la Ley 21.094 sobre universidades estatales,Convenios de prestación de servicios con organismos públicos,Permite celebrar convenios de prestación de servicios de manera directa y expedita,Celebración directa de convenios,Estado de Chile / organismos técnicos del Estado,Organismos públicos,DERIVADO: agilidad de contratación pública,2,¿Cómo contribuye a los organismos técnicos del Estado?,Cita literal p.2: 'Permite celebrar convenios de prestación de servicios de manera directa y expedita'. La vinculación con la célula es inferida por el destinatario explícito: organismos públicos/Estado.,OK,Célula inferida por dominio público; las células no aparecen en la fuente.,MAPA_2A1_ORIGINAL,CORRECTO_CON_MATIZ,APTO_CON_MATIZ,ACEPTADA_CON_MATIZ,Convenios de prestación de servicios con organismos públicos,Celebración directa de convenios,Organismos públicos,"La fuente afirma que la Ley 21.094 permite a las universidades estatales celebrar convenios de prestación de servicios con el Estado de Chile, excluidos de la aplicación de la Ley 19.886, y que ello permite convenios de manera directa y expedita.","Mantener la relación como afirmación del brochure. Antes de reutilizarla como explicación jurídica vigente, verificar externamente el alcance actual de la Ley 21.094 y su relación con compras públicas.","La fuente respalda la frase, pero esta auditoría documental no valida externamente la interpretación ni vigencia jurídica.",SI,,PENDIENTE_2A2,NO,,SI,INFRA PÚBLICA RESILIENTE,ASIGNADA_2A2,PROYECTO_INFRAESTRUCTURA_PUBLICA,Aplicación/proyecto público o infraestructura pública no perteneciente a Salud ni Metro/EFE.,SIN_CAMBIO,NO,2026-08-17
R0233,DOC-05,OR Ficha 03 Convenios-IDIEM (1).pdf,INFRA PÚBLICA RESILIENTE,PRINCIPAL,Convenios de prestación de servicios a organismos públicos bajo la Ley 21.094 sobre universidades estatales,Convenios de prestación de servicios con organismos públicos,Pone a su disposición una red de apoyo de universidades públicas,Acceso a red de universidades públicas,organismos técnicos del Estado,Organismos públicos,DERIVADO: colaboración institucional,2,¿Cómo contribuye a los organismos técnicos del Estado?,Cita literal p.2: 'Pone a su disposición una red de apoyo de universidades públicas'.,OK,Célula inferida por dominio público.,MAPA_2A1_ORIGINAL,CORRECTO_Y_VERIFICABLE,APTO_FACTUAL,ACEPTADA,Convenios de prestación de servicios con organismos públicos,Acceso a red de universidades públicas,Organismos públicos,La fuente declara que el mecanismo pone a disposición de los organismos técnicos del Estado una red de apoyo de universidades públicas.,Mantener como beneficio/capacidad institucional asociada a los convenios.,La relación está explícitamente respaldada.,NO,,PENDIENTE_2A2,SI,,SI,INFRA PÚBLICA RESILIENTE,ASIGNADA_2A2,PROYECTO_INFRAESTRUCTURA_PUBLICA,Aplicación/proyecto público o infraestructura pública no perteneciente a Salud ni Metro/EFE.,SIN_CAMBIO,NO,2026-08-17
R0234,DOC-05,OR Ficha 03 Convenios-IDIEM (1).pdf,INFRA PÚBLICA RESILIENTE,PRINCIPAL,Convenios de prestación de servicios a organismos públicos bajo la Ley 21.094 sobre universidades estatales,Convenios de prestación de servicios con organismos públicos,Facilita el acceso a equipos de profesionales de alto nivel que colaboren en resolver sus necesidades técnicas,Acceso a equipos profesionales especializados,necesidades técnicas de organismos del Estado,Necesidades técnicas del sector público,DERIVADO: capacidad técnica,2,¿Cómo contribuye a los organismos técnicos del Estado?,Cita literal p.2: 'Facilita el acceso a equipos de profesionales de alto nivel que colaboren en resolver sus necesidades técnicas en los tiempos requeridos'.,OK,Célula inferida por dominio público.,MAPA_2A1_ORIGINAL,CORRECTO_Y_VERIFICABLE,APTO_FACTUAL,ACEPTADA,Convenios de prestación de servicios con organismos públicos,Acceso a equipos profesionales especializados,Necesidades técnicas del sector público,La fuente declara que facilita el acceso a equipos de profesionales de alto nivel para resolver necesidades técnicas de organismos del Estado.,"Mantener la relación, preferentemente como beneficio/capacidad de acceso a especialistas y no como servicio técnico independiente.",El contenido está explícito y el destinatario público está declarado.,NO,,PENDIENTE_2A2,SI,,SI,INFRA PÚBLICA RESILIENTE,ASIGNADA_2A2,PROYECTO_INFRAESTRUCTURA_PUBLICA,Aplicación/proyecto público o infraestructura pública no perteneciente a Salud ni Metro/EFE.,SIN_CAMBIO,NO,2026-08-17
R0235,DOC-05,OR Ficha 03 Convenios-IDIEM (1).pdf,INFRA PÚBLICA RESILIENTE,COMPLEMENTARIA,Convenios de prestación de servicios a organismos públicos bajo la Ley 21.094 sobre universidades estatales,Convenios de prestación de servicios con organismos públicos,Te brindamos asesoría técnica para optimizar el uso de los recursos disponibles,Asesoría técnica para optimización de recursos,plan de inversión anual,Gestión de inversión pública,DERIVADO: eficiencia en uso de recursos,1,Portada / beneficios declarados,Cita literal p.1: 'Te brindamos asesoría técnica para optimizar el uso de los recursos disponibles'.,OK,Beneficio declarado por la fuente; no asumir resultado garantizado.,MAPA_2A1_ORIGINAL,CORRECCION_NECESARIA,NO_USAR_NORMALIZACION_ACTUAL,REEMPLAZAR_SEGUN_AUDITORIA,,,,"La fuente declara 'Te brindamos asesoría técnica para optimizar el uso de los recursos disponibles'. En la misma página, pero como mensaje separado, aparece la ejecución presupuestaria del plan de inversión anual.",Mantener la asesoría técnica/optimización de recursos como beneficio o capacidad de los convenios. No asignar automáticamente 'plan de inversión anual' ni 'Gestión de inversión pública' a esta frase.,La aplicación actual une dos mensajes separados de la página y añade una categoría no textual.,NO,,PENDIENTE_2A2,NO,,SI,INFRA PÚBLICA RESILIENTE,ASIGNADA_2A2,PROYECTO_INFRAESTRUCTURA_PUBLICA,Aplicación/proyecto público o infraestructura pública no perteneciente a Salud ni Metro/EFE.,SIN_CAMBIO,NO,2026-08-17
R0236,DOC-05,OR Ficha 03 Convenios-IDIEM (1).pdf,INFRA PÚBLICA RESILIENTE,COMPLEMENTARIA,Convenios de prestación de servicios a organismos públicos bajo la Ley 21.094 sobre universidades estatales,Convenios de prestación de servicios con organismos públicos,Facilita la ejecución presupuestaria del plan de inversión anual,Facilitación de ejecución presupuestaria,plan de inversión anual,Gestión de inversión pública,DERIVADO: ejecución presupuestaria,1,Portada / beneficios declarados,Cita literal p.1: 'Facilita la ejecución presupuestaria del plan de inversión anual'.,REQUIERE REVISIÓN,Claim de beneficio institucional. Mantener como afirmación de la fuente hasta validación editorial/jurídica.,MAPA_2A1_ORIGINAL,CORRECCION_NECESARIA,NO_USAR_NORMALIZACION_ACTUAL,REEMPLAZAR_SEGUN_AUDITORIA,,,,La fuente afirma 'Facilita la ejecución presupuestaria del plan de inversión anual'.,"Tratarlo como beneficio institucional declarado del mecanismo de convenios, no como capacidad técnica ni resultado garantizado. Validar con el área jurídica/administrativa antes de reutilización.","Es una afirmación de resultado operativo que el brochure no sustenta con condiciones, límites o evidencia.",SI,,PENDIENTE_2A2,NO,,SI,INFRA PÚBLICA RESILIENTE,ASIGNADA_2A2,PROYECTO_INFRAESTRUCTURA_PUBLICA,Aplicación/proyecto público o infraestructura pública no perteneciente a Salud ni Metro/EFE.,SIN_CAMBIO,NO,2026-08-17
R0237,DOC-10,OR Ficha Control de Obras-IDIEM copia.pdf,REQUIERE REVISIÓN,PRINCIPAL,Ensayos de Control de Obras,Ensayos de Control de Obras,"Servicio experto en toma de muestras, ensayos en obra y en laboratorio",Toma de muestras y ensayos en obra/laboratorio,SERVICIOS PARA LA CONSTRUCCIÓN,Proyectos de construcción,DERIVADO: control de calidad en obra,2,Ensayos de Control de Obras,"Cita literal p.2: 'Servicio experto en toma de muestras, ensayos en obra y en laboratorio'. El documento declara 'SERVICIOS PARA LA CONSTRUCCIÓN' sin sector específico.",REQUIERE REVISIÓN,Servicio transversal: no se fuerza una célula.,MAPA_2A1_ORIGINAL,CORRECTO_Y_VERIFICABLE,APTO_FACTUAL,ACEPTADA,Ensayos de Control de Obras,Toma de muestras y ensayos en obra/laboratorio,Proyectos de construcción,"La fuente declara 'Servicio experto en toma de muestras, ensayos en obra y en laboratorio' bajo 'Ensayos de Control de Obras' y rotula la pieza 'Servicios para la construcción'.","Mantener la relación y la aplicación general a construcción, sin forzar una célula.",Servicio y contexto están explícitos.,NO,,PENDIENTE_2A2,SI,,SI,,SIN_CELULA_PRIORIZADA,FUERA_ALCANCE_O_SIN_APLICACION_SECTORIAL,"Relación válida, pero sin aplicación explícita suficiente a una de las cinco células priorizadas o correspondiente a un ámbito transversal/no priorizado.",FUERA_DE_CELULAS_PRIORIZADAS,NO,2026-08-17
R0238,DOC-10,OR Ficha Control de Obras-IDIEM copia.pdf,REQUIERE REVISIÓN,PRINCIPAL,Ensayos de Control de Obras,Ensayos de Control de Obras,Control de densidad en suelos... Clasificaciones de suelos... Proctor - CBR - Infiltración de suelos,Ensayos de suelos,proyecto / obra,Obras de construcción,DERIVADO: caracterización de suelos,2,Ensayos de Suelos y Hormigones,"Listado literal p.2 incluye densidad, clasificación, granulometría, humedad, Proctor, CBR e infiltración de suelos.",REQUIERE REVISIÓN,Aplicación sectorial no especificada.,MAPA_2A1_ORIGINAL,CORRECTO_Y_VERIFICABLE,APTO_FACTUAL,ACEPTADA,Ensayos de Control de Obras,Ensayos de suelos,Obras de construcción,"La fuente enumera control de densidad, clasificación, granulometría, humedad, Proctor, CBR e infiltración de suelos dentro de Ensayos de Suelos y Hormigones.",Mantener la relación como capacidad de Control de Obras.,El listado está explícito.,NO,,PENDIENTE_2A2,SI,,SI,,SIN_CELULA_PRIORIZADA,FUERA_ALCANCE_O_SIN_APLICACION_SECTORIAL,"Relación válida, pero sin aplicación explícita suficiente a una de las cinco células priorizadas o correspondiente a un ámbito transversal/no priorizado.",FUERA_DE_CELULAS_PRIORIZADAS,NO,2026-08-17
R0239,DOC-10,OR Ficha Control de Obras-IDIEM copia.pdf,REQUIERE REVISIÓN,PRINCIPAL,Ensayos de Control de Obras,Ensayos de Control de Obras,Control de hormigón fresco - Extracción de testigos - Madurez al hormigón,Ensayos y control de hormigón,proyecto / obra,Obras de construcción,DERIVADO: control de calidad del hormigón,2,Ensayos de Suelos y Hormigones,Listado literal p.2: 'Control de hormigón fresco - Extracción de testigos - Madurez al hormigón'.,REQUIERE REVISIÓN,Aplicación sectorial no especificada.,MAPA_2A1_ORIGINAL,CORRECTO_Y_VERIFICABLE,APTO_FACTUAL,ACEPTADA,Ensayos de Control de Obras,Ensayos y control de hormigón,Obras de construcción,"La fuente enumera control de hormigón fresco, extracción de testigos y madurez al hormigón.",Mantener la relación como capacidad de Control de Obras.,Las prestaciones están explícitas.,NO,,PENDIENTE_2A2,SI,,SI,,SIN_CELULA_PRIORIZADA,FUERA_ALCANCE_O_SIN_APLICACION_SECTORIAL,"Relación válida, pero sin aplicación explícita suficiente a una de las cinco células priorizadas o correspondiente a un ámbito transversal/no priorizado.",FUERA_DE_CELULAS_PRIORIZADAS,NO,2026-08-17
R0240,DOC-10,OR Ficha Control de Obras-IDIEM copia.pdf,REQUIERE REVISIÓN,COMPLEMENTARIA,Ensayos de control de obras,Flexibilidad de servicio,Servicio spot o permanente en terreno; Programación de servicios 24/7,Servicio spot/permanente y programación 24/7,en terreno,Trabajo en obra,DERIVADO: flexibilidad operativa,1,Flexibilidad,Citas literales p.1: 'Servicio spot o permanente en terreno' y 'Programación de servicios 24/7'.,REQUIERE REVISIÓN,No asignado a célula específica.,MAPA_2A1_ORIGINAL,CORRECTO_Y_VERIFICABLE,APTO_FACTUAL,ACEPTADA,Flexibilidad de servicio,Servicio spot/permanente y programación 24/7,Trabajo en obra,"La fuente declara servicio spot o permanente en terreno, programación de servicios 24/7, spot programable y técnico en obra según necesidad.",Mantener como modalidades/flexibilidad operativa del servicio.,Las modalidades están explícitas.,NO,,PENDIENTE_2A2,SI,,SI,,SIN_CELULA_PRIORIZADA,FUERA_ALCANCE_O_SIN_APLICACION_SECTORIAL,"Relación válida, pero sin aplicación explícita suficiente a una de las cinco células priorizadas o correspondiente a un ámbito transversal/no priorizado.",FUERA_DE_CELULAS_PRIORIZADAS,NO,2026-08-17
R0241,DOC-10,OR Ficha Control de Obras-IDIEM copia.pdf,REQUIERE REVISIÓN,COMPLEMENTARIA,Ensayos de control de obras,Plataforma digital de resultados,Plataforma digital única: Para resultados e informes de ensayos siempre a tiempo,Plataforma digital de resultados e informes,resultados e informes de ensayos,Gestión de resultados de ensayos,DERIVADO: digitalización de resultados,1,Plataforma digital única,Cita literal p.1: 'Plataforma digital única: Para resultados e informes de ensayos siempre a tiempo'.,REQUIERE REVISIÓN,La expresión 'siempre a tiempo' es un claim absoluto de la fuente; revisar antes de reutilizar.,MAPA_2A1_ORIGINAL,CORRECTO_CON_MATIZ,APTO_CON_MATIZ,ACEPTADA_CON_MATIZ,Plataforma digital de resultados,Plataforma digital de resultados e informes,Gestión de resultados de ensayos,La fuente declara 'Plataforma digital única' para resultados e informes de ensayos y añade 'siempre a tiempo'.,Mantener la plataforma digital como capacidad. Conservar 'única' y 'siempre a tiempo' solo como claims literales hasta validación; no tratarlos como atributos demostrados.,"La existencia de la plataforma está respaldada, pero los absolutos/promesas no se verifican con el documento.",SI,,PENDIENTE_2A2,NO,,SI,,SIN_CELULA_PRIORIZADA,FUERA_ALCANCE_O_SIN_APLICACION_SECTORIAL,"Relación válida, pero sin aplicación explícita suficiente a una de las cinco células priorizadas o correspondiente a un ámbito transversal/no priorizado.",FUERA_DE_CELULAS_PRIORIZADAS,NO,2026-08-17
R0242,DOC-10,OR Ficha Control de Obras-IDIEM copia.pdf,REQUIERE REVISIÓN,COMPLEMENTARIA,Ensayos de control de obras,Respaldo técnico/acreditaciones,Red de laboratorios acreditados INN y Resolución MINVU; Certificación ISO9001 en sistemas de gestión de calidad,Red acreditada y sistema de gestión de calidad,red de laboratorios,Cobertura de laboratorio,DERIVADO: respaldo técnico,1,Estándar técnico,Citas literales p.1: 'Red de laboratorios acreditados INN y Resolución MINVU' y 'Certificación ISO9001 en sistemas de gestión de calidad'.,REQUIERE REVISIÓN,Credencial institucional; validar vigencia antes de publicación futura.,MAPA_2A1_ORIGINAL,CORRECCION_NECESARIA,NO_USAR_NORMALIZACION_ACTUAL,REEMPLAZAR_SEGUN_AUDITORIA,,,,"La fuente declara red de laboratorios acreditados INN y Resolución MINVU, más certificación ISO9001 en sistemas de gestión de calidad.","Mover estas referencias a credenciales/respaldo del servicio. Mantener separadas acreditación INN, resolución MINVU y certificación ISO9001; dejar aplicación NO IDENTIFICADA.",La aplicación 'Cobertura de laboratorio' no está declarada y las credenciales tienen naturalezas distintas.,SI,,PENDIENTE_2A2,NO,,SI,,SIN_CELULA_PRIORIZADA,FUERA_ALCANCE_O_SIN_APLICACION_SECTORIAL,"Relación válida, pero sin aplicación explícita suficiente a una de las cinco células priorizadas o correspondiente a un ámbito transversal/no priorizado.",FUERA_DE_CELULAS_PRIORIZADAS,NO,2026-08-17
R0243,DOC-10,OR Ficha Control de Obras-IDIEM copia.pdf,REQUIERE REVISIÓN,COMPLEMENTARIA,Otros ensayos de laboratorio e inspecciones para tu proyecto,Ensayos e inspecciones complementarias,Estratigrafías; sales solubles; corte directo; macrogranulometrías; placa de carga; resistividad; asfalto; pinturas; END soldaduras; resistencia al fuego; mediciones acústicas; peritajes en hormigones; prefabricados,Portafolio complementario de ensayos e inspecciones,tu proyecto,Proyectos de construcción,DERIVADO: cobertura multidisciplinaria,2,Otros ensayos de laboratorio e inspecciones,Listado literal p.2 de ensayos e inspecciones complementarias.,REQUIERE REVISIÓN,La fuente agrupa capacidades de distintas especialidades bajo Control de Obras; no asumir que constituyen un único servicio técnico.,MAPA_2A1_ORIGINAL,CORRECTO_CON_MATIZ,APTO_CON_MATIZ,ACEPTADA_CON_MATIZ,Ensayos e inspecciones complementarias,Portafolio complementario de ensayos e inspecciones,Proyectos de construcción,"La fuente agrupa estratigrafías, sales solubles, corte directo, macrogranulometrías, placa de carga, resistividad, asfalto, pinturas, END de soldaduras, resistencia al fuego, acústica, peritajes en hormigones y prefabricados como 'Otros ensayos de laboratorio e inspecciones para tu proyecto'.","Mantener como portafolio complementario dentro de Control de Obras, no como una única capacidad técnica homogénea.","El listado está explícito, pero reúne especialidades diferentes bajo un bloque comercial.",NO,,PENDIENTE_2A2,NO,,SI,,SIN_CELULA_PRIORIZADA,FUERA_ALCANCE_O_SIN_APLICACION_SECTORIAL,"Relación válida, pero sin aplicación explícita suficiente a una de las cinco células priorizadas o correspondiente a un ámbito transversal/no priorizado.",FUERA_DE_CELULAS_PRIORIZADAS,NO,2026-08-17
R0244,DOC-11,OR Ficha 06 Acústica.pdf,REQUIERE REVISIÓN,PRINCIPAL,Servicios de ingeniería acústica,Servicios de ingeniería acústica,Dar respuesta a las solicitudes de los organismos de regulación ambiental,Asesoría ante requerimientos de regulación ambiental,proyectos de todo tipo,Proyectos con requerimientos ambientales,DERIVADO: cumplimiento ambiental,1,Te ayudamos a,Cita literal p.1: 'Dar respuesta a las solicitudes de los organismos de regulación ambiental'.,REQUIERE REVISIÓN,Servicio transversal; no se fuerza una célula.,MAPA_2A1_ORIGINAL,CORRECCION_NECESARIA,NO_USAR_NORMALIZACION_ACTUAL,REEMPLAZAR_SEGUN_AUDITORIA,,,,La fuente declara dar respuesta a solicitudes de organismos de regulación ambiental.,"Mantener la capacidad, pero cambiar la aplicación a NO IDENTIFICADO o 'solicitudes de organismos de regulación ambiental'.",'Proyectos de todo tipo' aparece en otro bloque y no está ligado explícitamente a esta afirmación.,NO,,PENDIENTE_2A2,NO,,SI,,SIN_CELULA_PRIORIZADA,FUERA_ALCANCE_O_SIN_APLICACION_SECTORIAL,"Relación válida, pero sin aplicación explícita suficiente a una de las cinco células priorizadas o correspondiente a un ámbito transversal/no priorizado.",FUERA_DE_CELULAS_PRIORIZADAS,NO,2026-08-17
R0245,DOC-11,OR Ficha 06 Acústica.pdf,REQUIERE REVISIÓN,PRINCIPAL,Servicios de ingeniería acústica,Servicios de ingeniería acústica,Asegurar el cumplimiento de las normativas: Ambientales; De construcción; De seguridad y salud ocupacional,Cumplimiento normativo acústico,proyectos de todo tipo,Proyectos de construcción/operación,DERIVADO: cumplimiento normativo,1,Te ayudamos a,Cita literal p.1: 'Asegurar el cumplimiento de las normativas: Ambientales; De construcción; De seguridad y salud ocupacional'.,REQUIERE REVISIÓN,La fuente usa 'Asegurar'; no reutilizar como garantía sin revisión editorial.,MAPA_2A1_ORIGINAL,CORRECCION_NECESARIA,NO_USAR_NORMALIZACION_ACTUAL,REEMPLAZAR_SEGUN_AUDITORIA,,,,"La fuente declara asegurar cumplimiento de normativas ambientales, de construcción y de seguridad y salud ocupacional.","Mantener 'Cumplimiento normativo acústico' como normalización, pero no asignar 'proyectos de todo tipo' a esta fila. Conservar 'asegurar' solo como redacción fuente.",La aplicación actual cruza contenido de otro bloque; además el verbo de compromiso requiere cautela editorial.,NO,,PENDIENTE_2A2,NO,,SI,,SIN_CELULA_PRIORIZADA,FUERA_ALCANCE_O_SIN_APLICACION_SECTORIAL,"Relación válida, pero sin aplicación explícita suficiente a una de las cinco células priorizadas o correspondiente a un ámbito transversal/no priorizado.",FUERA_DE_CELULAS_PRIORIZADAS,NO,2026-08-17
R0246,DOC-11,OR Ficha 06 Acústica.pdf,REQUIERE REVISIÓN,PRINCIPAL,Servicios de ingeniería acústica,Servicios de ingeniería acústica,Evaluando la calidad acústica de soluciones constructivas y proyectos; Diseñando soluciones de control de ruido y vibraciones,Evaluación acústica y diseño de control de ruido/vibraciones,proyectos de todo tipo,Proyectos de construcción,DERIVADO: calidad acústica,1,Te ayudamos a,Citas literales p.1 dentro de 'Garantizar la calidad acústica de los proyectos de todo tipo'.,REQUIERE REVISIÓN,"La fuente usa 'Garantizar'; conservar solo la capacidad técnica, no el compromiso absoluto.",MAPA_2A1_ORIGINAL,CORRECCION_NECESARIA,NO_USAR_NORMALIZACION_ACTUAL,REEMPLAZAR_SEGUN_AUDITORIA,,,,La fuente declara garantizar calidad acústica de proyectos de todo tipo mediante evaluación de soluciones/proyectos y diseño de control de ruido/vibraciones.,"Mantener la capacidad técnica y usar como aplicación normalizada 'Proyectos de todo tipo', no solo 'Proyectos de construcción'.",La normalización actual estrecha el alcance explícito de la fuente.,NO,,PENDIENTE_2A2,NO,,SI,,SIN_CELULA_PRIORIZADA,FUERA_ALCANCE_O_SIN_APLICACION_SECTORIAL,"Relación válida, pero sin aplicación explícita suficiente a una de las cinco células priorizadas o correspondiente a un ámbito transversal/no priorizado.",FUERA_DE_CELULAS_PRIORIZADAS,NO,2026-08-17
R0247,DOC-11,OR Ficha 06 Acústica.pdf,REQUIERE REVISIÓN,COMPLEMENTARIA,Servicios de ingeniería acústica,Gestión de impacto comunitario,Reducir reclamos de vecinos y comunidades en las cercanías a los proyectos,Mitigación de molestias acústicas a comunidades,vecinos y comunidades cercanas a proyectos,Entorno comunitario de proyectos,DERIVADO: relación con comunidades,1,Te ayudamos a,Cita literal p.1: 'Reducir reclamos de vecinos y comunidades en las cercanías a los proyectos'.,REQUIERE REVISIÓN,Beneficio declarado; no presentar como resultado garantizado.,MAPA_2A1_ORIGINAL,CORRECCION_NECESARIA,NO_USAR_NORMALIZACION_ACTUAL,REEMPLAZAR_SEGUN_AUDITORIA,,,,La fuente declara reducir reclamos de vecinos y comunidades cercanas a los proyectos.,"Tratarlo como beneficio/objetivo declarado, no como capacidad técnica independiente.",La jerarquía actual mezcla un resultado esperado con una capacidad.,NO,,PENDIENTE_2A2,NO,,SI,,SIN_CELULA_PRIORIZADA,FUERA_ALCANCE_O_SIN_APLICACION_SECTORIAL,"Relación válida, pero sin aplicación explícita suficiente a una de las cinco células priorizadas o correspondiente a un ámbito transversal/no priorizado.",FUERA_DE_CELULAS_PRIORIZADAS,NO,2026-08-17
R0248,DOC-11,OR Ficha 06 Acústica.pdf,REQUIERE REVISIÓN,PRINCIPAL,Acústica ambiental,Acústica ambiental,Estudio de línea base de ruido,Línea base de ruido,NO IDENTIFICADO,Entorno ambiental,DERIVADO: diagnóstico acústico,2,Acústica ambiental,Viñeta literal p.2: 'Estudio de línea base de ruido'.,REQUIERE REVISIÓN,Aplicación sectorial no especificada en esta viñeta.,MAPA_2A1_ORIGINAL,CORRECCION_NECESARIA,NO_USAR_NORMALIZACION_ACTUAL,REEMPLAZAR_SEGUN_AUDITORIA,,,,La fuente enumera 'Estudio de línea base de ruido' dentro de Acústica ambiental.,Mantener servicio y capacidad; dejar aplicación como NO IDENTIFICADO salvo una aplicación textual adicional.,"'Entorno ambiental' es una normalización inferida, no una aplicación declarada.",NO,,PENDIENTE_2A2,NO,,SI,,SIN_CELULA_PRIORIZADA,FUERA_ALCANCE_O_SIN_APLICACION_SECTORIAL,"Relación válida, pero sin aplicación explícita suficiente a una de las cinco células priorizadas o correspondiente a un ámbito transversal/no priorizado.",FUERA_DE_CELULAS_PRIORIZADAS,NO,2026-08-17
R0249,DOC-11,OR Ficha 06 Acústica.pdf,INFRA OPERACIÓN MINERA,COMPLEMENTARIA,Acústica ambiental,Acústica ambiental,Estudios de impacto acústico para proyectos ... industriales y mineros,Estudios de impacto acústico,"proyectos mineros (construcción, operación, ampliaciones y abandono)",Proyectos mineros,DERIVADO: gestión de impacto acústico,2,Acústica ambiental,"Cita literal p.2 incluye 'proyectos ... industriales y mineros (etapas de construcción, operación, ampliaciones de proyecto y abandono)'.",OK,Célula inferida por mención sectorial explícita a proyectos mineros.,MAPA_2A1_ORIGINAL,CORRECTO_Y_VERIFICABLE,APTO_FACTUAL,ACEPTADA,Acústica ambiental,Estudios de impacto acústico,Proyectos mineros,"La fuente declara estudios de impacto acústico para proyectos industriales y mineros en etapas de construcción, operación, ampliación y abandono.",Mantener la relación factual y la aplicación minera. No validar todavía la célula.,La aplicación minera es explícita.,NO,,PENDIENTE_2A2,SI,,SI,INFRA OPERACIÓN MINERA,ASIGNADA_2A2,INTEGRIDAD_INGENIERIA_CONTINUIDAD_MINERIA,"Servicio de integridad, monitoreo, ingeniería, diagnóstico, confiabilidad, continuidad o soporte técnico de activos/operación minera.",SIN_CAMBIO,NO,2026-08-17
R0250,DOC-11,OR Ficha 06 Acústica.pdf,REQUIERE REVISIÓN,PRINCIPAL,Acústica ambiental,Acústica ambiental,"Desarrollo de mapas de ruido, modelos predictivos de propagación sonora para todo tipo de actividades",Mapas de ruido y modelamiento predictivo,todo tipo de actividades,Actividades/proyectos diversos,DERIVADO: modelamiento predictivo,2,Acústica ambiental,"Cita literal p.2: 'Desarrollo de mapas de ruido, modelos predictivos de propagación sonora para todo tipo de actividades'.",REQUIERE REVISIÓN,Servicio transversal.,MAPA_2A1_ORIGINAL,CORRECTO_Y_VERIFICABLE,APTO_FACTUAL,ACEPTADA,Acústica ambiental,Mapas de ruido y modelamiento predictivo,Actividades/proyectos diversos,La fuente declara mapas de ruido y modelos predictivos de propagación sonora para todo tipo de actividades.,Mantener la relación.,La capacidad y el alcance son explícitos.,NO,,PENDIENTE_2A2,SI,,SI,,SIN_CELULA_PRIORIZADA,FUERA_ALCANCE_O_SIN_APLICACION_SECTORIAL,"Relación válida, pero sin aplicación explícita suficiente a una de las cinco células priorizadas o correspondiente a un ámbito transversal/no priorizado.",FUERA_DE_CELULAS_PRIORIZADAS,NO,2026-08-17
R0251,DOC-11,OR Ficha 06 Acústica.pdf,REQUIERE REVISIÓN,PRINCIPAL,Acústica ambiental,Acústica ambiental,Monitoreo de verificación de cumplimiento normativo D.S. 38-11 MMA; Montaje de estaciones de monitoreo continuo de ruido; Asesoría en procesos sancionatorios de la SMA,Monitoreo acústico y cumplimiento ambiental,actividades reguladas,Proyectos sujetos a regulación acústica,DERIVADO: monitoreo y cumplimiento,2,Acústica ambiental,"Viñetas literales p.2 sobre D.S. 38-11 MMA, monitoreo continuo y procesos sancionatorios SMA.",REQUIERE REVISIÓN,Validar vigencia normativa antes de reutilización pública.,MAPA_2A1_ORIGINAL,CORRECTO_CON_MATIZ,APTO_CON_MATIZ,ACEPTADA_CON_MATIZ,Acústica ambiental,Monitoreo acústico y cumplimiento ambiental,Proyectos sujetos a regulación acústica,"La fuente declara monitoreo de cumplimiento D.S. 38-11 MMA, estaciones de monitoreo continuo y asesoría en procesos sancionatorios SMA.",Mantener la relación como evidencia del brochure y marcar la vigencia normativa para verificación externa antes de reutilización pública.,"La auditoría confirma lo que dice la fuente, no la vigencia actual de la normativa.",SI,,PENDIENTE_2A2,NO,,SI,,SIN_CELULA_PRIORIZADA,FUERA_ALCANCE_O_SIN_APLICACION_SECTORIAL,"Relación válida, pero sin aplicación explícita suficiente a una de las cinco células priorizadas o correspondiente a un ámbito transversal/no priorizado.",FUERA_DE_CELULAS_PRIORIZADAS,NO,2026-08-17
R0252,DOC-11,OR Ficha 06 Acústica.pdf,REQUIERE REVISIÓN,PRINCIPAL,Acústica en la edificación,Acústica en la edificación,Estudios de calidad acústica de proyectos de arquitectura e instalaciones; Mediciones en terreno de aislamiento acústico,Evaluación acústica de edificaciones,proyectos de arquitectura e instalaciones; entrega de proyectos Constructora a Inmobiliaria,Edificación,DERIVADO: desempeño acústico de edificios,2,Acústica en la edificación,Viñetas literales p.2 sobre estudios de calidad acústica y mediciones de aislamiento aéreo e impacto.,REQUIERE REVISIÓN,Puede ser relevante para varias células de edificación; no se fuerza una.,MAPA_2A1_ORIGINAL,CORRECTO_Y_VERIFICABLE,APTO_FACTUAL,ACEPTADA,Acústica en la edificación,Evaluación acústica de edificaciones,Edificación,La sección 'Acústica en la edificación' declara estudios de calidad acústica de arquitectura e instalaciones y mediciones de aislamiento en etapa de entrega.,Mantener la relación.,"Servicio, capacidades y contexto de edificación están explícitos.",NO,,PENDIENTE_2A2,SI,,SI,,SIN_CELULA_PRIORIZADA,FUERA_ALCANCE_O_SIN_APLICACION_SECTORIAL,"Relación válida, pero sin aplicación explícita suficiente a una de las cinco células priorizadas o correspondiente a un ámbito transversal/no priorizado.",FUERA_DE_CELULAS_PRIORIZADAS,NO,2026-08-17
R0253,DOC-11,OR Ficha 06 Acústica.pdf,REQUIERE REVISIÓN,PRINCIPAL,Acústica en la edificación,Acústica en la edificación,"Desarrollo de soluciones de control de ruido, vibraciones y acondicionamiento interior de recintos; Modelamiento acústico 3D de recintos",Control de ruido/vibraciones y modelamiento acústico 3D,recintos,Edificaciones y recintos,DERIVADO: diseño acústico,2,Acústica en la edificación,"Viñetas literales p.2 sobre control de ruido/vibraciones, acondicionamiento y modelamiento acústico 3D.",REQUIERE REVISIÓN,Servicio transversal.,MAPA_2A1_ORIGINAL,CORRECTO_Y_VERIFICABLE,APTO_FACTUAL,ACEPTADA,Acústica en la edificación,Control de ruido/vibraciones y modelamiento acústico 3D,Edificaciones y recintos,"La fuente declara control de ruido, vibraciones, acondicionamiento interior y modelamiento acústico 3D de recintos.",Mantener la relación.,Las capacidades están explícitas en la sección de edificación.,NO,,PENDIENTE_2A2,SI,,SI,,SIN_CELULA_PRIORIZADA,FUERA_ALCANCE_O_SIN_APLICACION_SECTORIAL,"Relación válida, pero sin aplicación explícita suficiente a una de las cinco células priorizadas o correspondiente a un ámbito transversal/no priorizado.",FUERA_DE_CELULAS_PRIORIZADAS,NO,2026-08-17
R0254,DOC-11,OR Ficha 06 Acústica.pdf,REQUIERE REVISIÓN,PRINCIPAL,Acústica Ocupacional,Acústica ocupacional,Estudio de soluciones para cumplimiento de protocolo PREXOR; Diseño de soluciones de control de ruido,Soluciones de ruido ocupacional / PREXOR,recintos de trabajo,Lugares de trabajo,DERIVADO: salud ocupacional,2,Acústica Ocupacional,Viñetas literales p.2 sobre cumplimiento de protocolo PREXOR y control de ruido.,REQUIERE REVISIÓN,Validar vigencia normativa antes de publicación futura.,MAPA_2A1_ORIGINAL,CORRECTO_CON_MATIZ,APTO_CON_MATIZ,ACEPTADA_CON_MATIZ,Acústica ocupacional,Soluciones de ruido ocupacional / PREXOR,Lugares de trabajo,La sección Acústica Ocupacional declara soluciones para cumplimiento PREXOR en recintos de trabajo.,Mantener la relación como evidencia del brochure; verificar vigencia/requisitos del protocolo antes de reutilización normativa.,"El documento respalda la capacidad, pero no se está verificando externamente la vigencia normativa.",SI,,PENDIENTE_2A2,NO,,SI,,SIN_CELULA_PRIORIZADA,FUERA_ALCANCE_O_SIN_APLICACION_SECTORIAL,"Relación válida, pero sin aplicación explícita suficiente a una de las cinco células priorizadas o correspondiente a un ámbito transversal/no priorizado.",FUERA_DE_CELULAS_PRIORIZADAS,NO,2026-08-17
R0255,DOC-11,OR Ficha 06 Acústica.pdf,REQUIERE REVISIÓN,PRINCIPAL,Ensayos Acústicos,Ensayos acústicos,Determinación y verificación del cumplimiento normativo del aislamiento acústico...; caracterización acústica de recintos; caracterización de fuentes de ruidos,Ensayos y caracterización acústica,"soluciones constructivas, instalaciones, recintos y fuentes de ruido",Edificaciones/instalaciones,DERIVADO: verificación acústica,2,Ensayos Acústicos,"Viñetas literales p.2: aislamiento a ruido aéreo e impacto, ruido de instalaciones, absorción sonora, reverberación/inteligibilidad y caracterización de fuentes.",REQUIERE REVISIÓN,Servicio transversal.,MAPA_2A1_ORIGINAL,CORRECTO_Y_VERIFICABLE,APTO_FACTUAL,ACEPTADA,Ensayos acústicos,Ensayos y caracterización acústica,Edificaciones/instalaciones,"La sección Ensayos Acústicos declara verificación de aislamiento, ruido de instalaciones, absorción sonora, caracterización de recintos y fuentes.",Mantener la relación.,La capacidad y los objetos evaluados están explícitos.,NO,,PENDIENTE_2A2,SI,,SI,,SIN_CELULA_PRIORIZADA,FUERA_ALCANCE_O_SIN_APLICACION_SECTORIAL,"Relación válida, pero sin aplicación explícita suficiente a una de las cinco células priorizadas o correspondiente a un ámbito transversal/no priorizado.",FUERA_DE_CELULAS_PRIORIZADAS,NO,2026-08-17
R0256,DOC-25,Original ficha técnica Ingeniería en Confiabilidad de materiales metálicos y polímeros.pdf,REQUIERE REVISIÓN,PRINCIPAL,Ingeniería en confiabilidad de materiales metálicos y poliméricos,Ingeniería en confiabilidad de materiales metálicos y poliméricos,"Evaluamos la condición de elementos mecánicos y estructuras de acero, considerando corrosión, soldaduras y espesores",Evaluación de condición de elementos mecánicos y estructuras de acero,elementos mecánicos y estructuras de acero,Estructuras metálicas y elementos mecánicos,DERIVADO: diagnóstico de condición,2,Estructuras metálicas y elementos mecánicos,"Cita literal p.2 sobre evaluación de condición considerando corrosión, soldaduras y espesores.",REQUIERE REVISIÓN,Servicio transversal; no se fuerza una célula.,MAPA_2A1_ORIGINAL,CORRECTO_Y_VERIFICABLE,APTO_FACTUAL,ACEPTADA,Ingeniería en confiabilidad de materiales metálicos y poliméricos,Evaluación de condición de elementos mecánicos y estructuras de acero,Estructuras metálicas y elementos mecánicos,"La fuente declara evaluación de condición de elementos mecánicos y estructuras de acero considerando corrosión, soldaduras y espesores.",Mantener la relación.,"Servicio, capacidad y objetos están explícitos.",NO,,PENDIENTE_2A2,SI,,SI,,SIN_CELULA_PRIORIZADA,FUERA_ALCANCE_O_SIN_APLICACION_SECTORIAL,"Relación válida, pero sin aplicación explícita suficiente a una de las cinco células priorizadas o correspondiente a un ámbito transversal/no priorizado.",FUERA_DE_CELULAS_PRIORIZADAS,NO,2026-08-17
R0257,DOC-25,Original ficha técnica Ingeniería en Confiabilidad de materiales metálicos y polímeros.pdf,REQUIERE REVISIÓN,PRINCIPAL,Ingeniería en confiabilidad de materiales metálicos y poliméricos,Ingeniería en confiabilidad de materiales metálicos y poliméricos,"Analizamos la confiabilidad en fabricación, instalación y operación mediante inspecciones, ensayos mecánicos, ensayos no destructivos, análisis metalográficos y normativos",Evaluación de confiabilidad mediante inspecciones y ensayos,"fabricación, instalación y operación",Ciclo de vida de componentes/estructuras,DERIVADO: confiabilidad de activos,2,Estructuras metálicas y elementos mecánicos,"Cita literal p.2 sobre fabricación, instalación y operación mediante inspecciones, ensayos mecánicos, END y análisis metalográficos/normativos.",REQUIERE REVISIÓN,Servicio transversal.,MAPA_2A1_ORIGINAL,CORRECTO_Y_VERIFICABLE,APTO_FACTUAL,ACEPTADA,Ingeniería en confiabilidad de materiales metálicos y poliméricos,Evaluación de confiabilidad mediante inspecciones y ensayos,Ciclo de vida de componentes/estructuras,"La fuente declara análisis de confiabilidad en fabricación, instalación y operación mediante inspecciones, ensayos mecánicos, ensayos no destructivos y análisis metalográficos y normativos.",Mantener la relación.,"El alcance a lo largo de fabricación, instalación y operación está explícito.",NO,,PENDIENTE_2A2,SI,,SI,,SIN_CELULA_PRIORIZADA,FUERA_ALCANCE_O_SIN_APLICACION_SECTORIAL,"Relación válida, pero sin aplicación explícita suficiente a una de las cinco células priorizadas o correspondiente a un ámbito transversal/no priorizado.",FUERA_DE_CELULAS_PRIORIZADAS,NO,2026-08-17
R0258,DOC-25,Original ficha técnica Ingeniería en Confiabilidad de materiales metálicos y polímeros.pdf,REQUIERE REVISIÓN,PRINCIPAL,Ingeniería en confiabilidad de materiales metálicos y poliméricos,Ingeniería en confiabilidad de materiales metálicos y poliméricos,Identificamos y caracterizamos materiales metálicos y poliméricos de elementos mecánicos,Identificación y caracterización de materiales metálicos y poliméricos,elementos mecánicos,Componentes mecánicos,DERIVADO: caracterización de materiales,2,Estructuras metálicas y elementos mecánicos,Cita literal p.2: 'Identificamos y caracterizamos materiales metálicos y poliméricos de elementos mecánicos'.,REQUIERE REVISIÓN,Única fuente recuperada del corpus que desarrolla explícitamente materiales poliméricos en este contexto.,MAPA_2A1_ORIGINAL,CORRECTO_Y_VERIFICABLE,APTO_FACTUAL,ACEPTADA,Ingeniería en confiabilidad de materiales metálicos y poliméricos,Identificación y caracterización de materiales metálicos y poliméricos,Componentes mecánicos,La fuente declara identificación y caracterización de materiales metálicos y poliméricos de elementos mecánicos.,Mantener la relación.,La capacidad y el objeto están explícitos.,NO,,PENDIENTE_2A2,SI,,SI,,SIN_CELULA_PRIORIZADA,FUERA_ALCANCE_O_SIN_APLICACION_SECTORIAL,"Relación válida, pero sin aplicación explícita suficiente a una de las cinco células priorizadas o correspondiente a un ámbito transversal/no priorizado.",FUERA_DE_CELULAS_PRIORIZADAS,NO,2026-08-17
R0259,DOC-25,Original ficha técnica Ingeniería en Confiabilidad de materiales metálicos y polímeros.pdf,REQUIERE REVISIÓN,COMPLEMENTARIA,Calidad y competencia técnica,Competencia técnica en materiales,Especialistas en materiales y estructuras en todas sus etapas; Aplicación de metodologías reconocidas en Chile y el mundo,Especialización y metodologías reconocidas,materiales y estructuras,Materiales/estructuras,DERIVADO: competencia técnica,1,Calidad y competencia técnica,Viñetas literales p.1 sobre especialistas y metodologías reconocidas.,REQUIERE REVISIÓN,"Información de respaldo, no un servicio independiente.",MAPA_2A1_ORIGINAL,CORRECCION_NECESARIA,NO_USAR_NORMALIZACION_ACTUAL,REEMPLAZAR_SEGUN_AUDITORIA,,,,"La fuente presenta 'Calidad y competencia técnica' con especialistas en materiales/estructuras, metodologías reconocidas y estudios reconocidos por rigor y excelencia.",Mover estos elementos a atributos/diferenciadores del servicio de ingeniería en confiabilidad; no usar 'Calidad y competencia técnica' como servicio.,"Son afirmaciones de respaldo y posicionamiento, no una prestación independiente.",SI,,PENDIENTE_2A2,NO,,SI,,SIN_CELULA_PRIORIZADA,FUERA_ALCANCE_O_SIN_APLICACION_SECTORIAL,"Relación válida, pero sin aplicación explícita suficiente a una de las cinco células priorizadas o correspondiente a un ámbito transversal/no priorizado.",FUERA_DE_CELULAS_PRIORIZADAS,NO,2026-08-17
R0260,DOC-25,Original ficha técnica Ingeniería en Confiabilidad de materiales metálicos y polímeros.pdf,INFRA OPERACIÓN MINERA,COMPLEMENTARIA,Prestigio y confiabilidad,Ingeniería en confiabilidad de materiales metálicos y poliméricos,"Compañías industriales, de construcción y mineras confían en nosotros",Aplicación multisectorial declarada,compañías ... mineras,Minería,DERIVADO: aplicación en minería,1,Prestigio y confiabilidad,"Cita literal p.1 incluye 'Compañías industriales, de construcción y mineras confían en nosotros'.",OK,Célula inferida únicamente por mención sectorial explícita a mineras; no implica exclusividad del servicio.,MAPA_2A1_ORIGINAL,CORRECTO_CON_MATIZ,APTO_CON_MATIZ,ACEPTADA_CON_MATIZ,Ingeniería en confiabilidad de materiales metálicos y poliméricos,Aplicación multisectorial declarada,Minería,"La fuente afirma que compañías industriales, de construcción y mineras confían en IDIEM.","Mantener Minería, Industria y Construcción como sectores mencionados, pero no interpretar la frase como evidencia de clientes específicos ni de exclusividad sectorial.","La mención sectorial es explícita, pero 'confían en nosotros' es un claim institucional sin identificación de clientes.",SI,,PENDIENTE_2A2,NO,,SI,INFRA OPERACIÓN MINERA,ASIGNADA_2A2,INTEGRIDAD_INGENIERIA_CONTINUIDAD_MINERIA,"Servicio de integridad, monitoreo, ingeniería, diagnóstico, confiabilidad, continuidad o soporte técnico de activos/operación minera.",SIN_CAMBIO,NO,2026-08-17
R0261,DOC-25,Original ficha técnica Ingeniería en Confiabilidad de materiales metálicos y polímeros.pdf,REQUIERE REVISIÓN,COMPLEMENTARIA,Contamos con,Respaldo multidisciplinario,"Profesionales especializados en metalurgia, mecánica, química y estructuras; Acceso a todas las especialidades del IDIEM y la Universidad de Chile",Equipo multidisciplinario y acceso a especialidades,diversos sectores productivos,Sectores productivos,DERIVADO: respaldo multidisciplinario,2,Contamos con,"Viñetas literales p.2 sobre especialidades profesionales, estudios en todo Chile y acceso a especialidades IDIEM/Universidad de Chile.",REQUIERE REVISIÓN,"Información de respaldo, no servicio independiente.",MAPA_2A1_ORIGINAL,CORRECCION_NECESARIA,NO_USAR_NORMALIZACION_ACTUAL,REEMPLAZAR_SEGUN_AUDITORIA,,,,"La fuente enumera profesionales especializados en metalurgia, mecánica, química y estructuras; estudios en todo Chile y diversos sectores productivos; y acceso a especialidades de IDIEM y la Universidad de Chile.","Separar al menos tres atributos/capacidades: equipo multidisciplinario, cobertura nacional/multisectorial y acceso a especialidades. Usar el servicio de ingeniería en confiabilidad como servicio padre.",La fila fusiona varias viñetas distintas bajo el encabezado 'Contamos con' y asigna una sola aplicación genérica.,NO,,PENDIENTE_2A2,NO,,SI,,SIN_CELULA_PRIORIZADA,FUERA_ALCANCE_O_SIN_APLICACION_SECTORIAL,"Relación válida, pero sin aplicación explícita suficiente a una de las cinco células priorizadas o correspondiente a un ámbito transversal/no priorizado.",FUERA_DE_CELULAS_PRIORIZADAS,NO,2026-08-17
R0262,DOC-16,Ficha 15 Division DTC trazado (1) (1).pdf,INFRA PÚBLICA RESILIENTE,PRINCIPAL,Servicios de Tecnología de la Construcción de IDIEM,Servicios de Tecnología de la Construcción,Brindamos asesorías expertas y acompañamos los procesos de innovación al sector de la edificación pública,Asesoría e innovación para edificación pública,sector de la edificación pública,Edificación pública,DERIVADO: innovación en infraestructura pública,1,Portada / propuesta,Texto visible p.1: 'BRINDAMOS ASESORÍAS EXPERTAS Y ACOMPAÑAMOS LOS PROCESOS DE INNOVACIÓN AL SECTOR DE LA EDIFICACIÓN PÚBLICA'.,OK,Célula inferida por el rótulo explícito de p.1 “sector de la edificación pública”. Archivo idéntico a DOC-31; conservar ambos por trazabilidad hasta definir fuente canónica.,MAPA_2A1_ORIGINAL,CORRECTO_Y_VERIFICABLE,APTO_FACTUAL,ACEPTADA,Servicios de Tecnología de la Construcción,Asesoría e innovación para edificación pública,Edificación pública,La fuente declara Servicios de Tecnología de la Construcción de IDIEM y acompañamiento de procesos de innovación al sector de la edificación pública.,Mantener la relación factual. Dejar la célula para 2A.2.,Servicio y sector están explícitos.,NO,,PENDIENTE_2A2,SI,G_DTC_16_31,SI,INFRA PÚBLICA RESILIENTE,ASIGNADA_2A2,PROYECTO_INFRAESTRUCTURA_PUBLICA,Aplicación/proyecto público o infraestructura pública no perteneciente a Salud ni Metro/EFE.,SIN_CAMBIO,NO,2026-08-17
R0263,DOC-16,Ficha 15 Division DTC trazado (1) (1).pdf,INFRA PÚBLICA RESILIENTE,PRINCIPAL,Sustentabilidad y Arquitectura,Sustentabilidad y Arquitectura,"Desarrollamos soluciones sostenibles que integran la innovación y el análisis en infraestructura, ciudades y edificaciones para promover el desarrollo responsable y la eficiencia energética",Soluciones de sustentabilidad y arquitectura,"infraestructura, ciudades y edificaciones",Infraestructura y edificación pública,DERIVADO: sostenibilidad y eficiencia energética,1,Sustentabilidad y Arquitectura,Texto visible p.1 del bloque 'Sustentabilidad y Arquitectura'.,OK,Célula inferida por el rótulo explícito de p.1 “sector de la edificación pública”. Archivo idéntico a DOC-31; conservar ambos por trazabilidad hasta definir fuente canónica.,MAPA_2A1_ORIGINAL,CORRECTO_CON_MATIZ,APTO_CON_MATIZ,ACEPTADA_CON_MATIZ,Sustentabilidad y Arquitectura,Soluciones de sustentabilidad y arquitectura,Infraestructura y edificación pública,"Sustentabilidad y Arquitectura declara soluciones sostenibles en infraestructura, ciudades y edificaciones; el documento global se orienta a edificación pública.","Mantener la capacidad y conservar como aplicación directa 'infraestructura, ciudades y edificaciones'. Tratar 'edificación pública' como contexto general del documento.",La normalización actual estrecha el alcance explícito del bloque.,NO,,PENDIENTE_2A2,NO,G_DTC_16_31,SI,INFRA PÚBLICA RESILIENTE,ASIGNADA_2A2,PROYECTO_INFRAESTRUCTURA_PUBLICA,Aplicación/proyecto público o infraestructura pública no perteneciente a Salud ni Metro/EFE.,SIN_CAMBIO,NO,2026-08-17
R0264,DOC-16,Ficha 15 Division DTC trazado (1) (1).pdf,INFRA PÚBLICA RESILIENTE,PRINCIPAL,Sustentabilidad y Arquitectura,Sustentabilidad y Arquitectura,Ejecutamos planes y estudios de cambio climático enfocados en infraestructura territorial y comunal,Planes y estudios de cambio climático,infraestructura territorial y comunal,Infraestructura territorial/comunal,DERIVADO: resiliencia climática,2,Sustentabilidad y Arquitectura,Texto visible p.2: 'Ejecutamos planes y estudios de cambio climático enfocados en infraestructura territorial y comunal'.,OK,Célula inferida por el rótulo explícito de p.1 “sector de la edificación pública”. Archivo idéntico a DOC-31; conservar ambos por trazabilidad hasta definir fuente canónica.,MAPA_2A1_ORIGINAL,CORRECTO_Y_VERIFICABLE,APTO_FACTUAL,ACEPTADA,Sustentabilidad y Arquitectura,Planes y estudios de cambio climático,Infraestructura territorial/comunal,La fuente declara planes y estudios de cambio climático enfocados en infraestructura territorial y comunal.,Mantener la relación.,Capacidad y aplicación están explícitas.,NO,,PENDIENTE_2A2,SI,G_DTC_16_31,SI,INFRA PÚBLICA RESILIENTE,ASIGNADA_2A2,PROYECTO_INFRAESTRUCTURA_PUBLICA,Aplicación/proyecto público o infraestructura pública no perteneciente a Salud ni Metro/EFE.,SIN_CAMBIO,NO,2026-08-17
R0265,DOC-16,Ficha 15 Division DTC trazado (1) (1).pdf,INFRA PÚBLICA RESILIENTE,PRINCIPAL,Sustentabilidad y Arquitectura,Sustentabilidad y Arquitectura,"Realizamos cálculos de huella de carbono, huella hídrica, análisis energéticos, ciclo de vida de materiales, estudios de reciclaje y economía circular",Evaluación ambiental y circularidad,materiales / proyectos,Proyectos de construcción,DERIVADO: huellas y economía circular,2,Sustentabilidad y Arquitectura,"Texto visible p.2 enumera huella de carbono, huella hídrica, análisis energéticos, ciclo de vida de materiales, reciclaje y economía circular.",OK,Célula inferida por el rótulo explícito de p.1 “sector de la edificación pública”. Archivo idéntico a DOC-31; conservar ambos por trazabilidad hasta definir fuente canónica.,MAPA_2A1_ORIGINAL,CORRECCION_NECESARIA,NO_USAR_NORMALIZACION_ACTUAL,REEMPLAZAR_SEGUN_AUDITORIA,,,,"La fuente declara cálculos de huella de carbono e hídrica, análisis energéticos, ciclo de vida de materiales, reciclaje y economía circular.",Mantener las capacidades bajo Sustentabilidad y Arquitectura. No asignar 'Proyectos de construcción' como aplicación específica a todo el bloque.,La aplicación normalizada no está vinculada explícitamente a todas las capacidades enumeradas.,NO,,PENDIENTE_2A2,NO,G_DTC_16_31,SI,,SIN_CELULA_PRIORIZADA,FUERA_ALCANCE_O_SIN_APLICACION_SECTORIAL,"Relación válida, pero sin aplicación explícita suficiente a una de las cinco células priorizadas o correspondiente a un ámbito transversal/no priorizado.",FUERA_DE_CELULAS_PRIORIZADAS,NO,2026-08-17
R0266,DOC-16,Ficha 15 Division DTC trazado (1) (1).pdf,INFRA PÚBLICA RESILIENTE,PRINCIPAL,Sustentabilidad y Arquitectura,Sustentabilidad y Arquitectura,"Brindamos asesorías a proyectos, revisión de normativas en diseño, estudios de cabida y factibilidad técnica de proyectos; estudios y análisis de Riesgo y Vulnerabilidad energética","Asesoría, factibilidad y riesgo/vulnerabilidad energética","nivel territorial, urbano y edificatorio",Proyectos/territorio/edificación,DERIVADO: factibilidad y vulnerabilidad energética,2,Sustentabilidad y Arquitectura,"Texto visible p.2 sobre asesorías a proyectos, normativa en diseño, cabida/factibilidad y Riesgo y Vulnerabilidad energética.",OK,Célula inferida por el rótulo explícito de p.1 “sector de la edificación pública”. Archivo idéntico a DOC-31; conservar ambos por trazabilidad hasta definir fuente canónica.,MAPA_2A1_ORIGINAL,CORRECCION_NECESARIA,NO_USAR_NORMALIZACION_ACTUAL,REEMPLAZAR_SEGUN_AUDITORIA,,,,"La fuente agrupa asesorías a proyectos, revisión normativa en diseño, cabida/factibilidad técnica y estudios de riesgo/vulnerabilidad energética a nivel territorial, urbano y edificatorio.","Separar al menos la asesoría/factibilidad de los estudios de riesgo y vulnerabilidad energética. Aplicar 'territorial, urbano y edificatorio' específicamente a estos últimos.",Una sola fila fusiona prestaciones distintas y extiende una escala de aplicación a todo el bloque.,NO,,PENDIENTE_2A2,NO,G_DTC_16_31,SI,,SIN_CELULA_PRIORIZADA,FUERA_ALCANCE_O_SIN_APLICACION_SECTORIAL,"Relación válida, pero sin aplicación explícita suficiente a una de las cinco células priorizadas o correspondiente a un ámbito transversal/no priorizado.",FUERA_DE_CELULAS_PRIORIZADAS,NO,2026-08-17
R0267,DOC-16,Ficha 15 Division DTC trazado (1) (1).pdf,INFRA PÚBLICA RESILIENTE,PRINCIPAL,Ingeniería contra Incendios,Ingeniería contra Incendios,"Ofrecemos asesoría y estudios avanzados para la prevención y protección contra incendios, mejorando la seguridad en infraestructuras mediante análisis, simulaciones y ensayos específicos",Asesoría y estudios de ingeniería contra incendios,infraestructuras,Infraestructura pública/edificación,DERIVADO: protección contra incendios,1,Ingeniería contra Incendios,Texto visible p.1 del bloque 'Ingeniería contra Incendios'.,OK,Célula inferida por el rótulo explícito de p.1 “sector de la edificación pública”. Archivo idéntico a DOC-31; conservar ambos por trazabilidad hasta definir fuente canónica.,MAPA_2A1_ORIGINAL,CORRECTO_CON_MATIZ,APTO_CON_MATIZ,ACEPTADA_CON_MATIZ,Ingeniería contra Incendios,Asesoría y estudios de ingeniería contra incendios,Infraestructura pública/edificación,"La fuente declara asesoría y estudios avanzados para prevención y protección contra incendios mediante análisis, simulaciones y ensayos específicos en infraestructuras.",Mantener la relación. Usar 'infraestructuras' como aplicación directa y 'edificación pública' solo como contexto general.,"La capacidad es explícita, pero la aplicación normalizada añade una especificidad pública no contenida en la frase.",NO,,PENDIENTE_2A2,NO,G_DTC_16_31,SI,INFRA PÚBLICA RESILIENTE,ASIGNADA_2A2,PROYECTO_INFRAESTRUCTURA_PUBLICA,Aplicación/proyecto público o infraestructura pública no perteneciente a Salud ni Metro/EFE.,SIN_CAMBIO,NO,2026-08-17
R0268,DOC-16,Ficha 15 Division DTC trazado (1) (1).pdf,INFRA PÚBLICA RESILIENTE,PRINCIPAL,Ingeniería contra Incendios,Ingeniería contra Incendios,Realizamos estudios de vías de evacuación y análisis de carga combustible y resistencia al fuego; ensayos de laboratorio para verificar cumplimiento de normas de seguridad contra incendios,"Evaluación de evacuación, carga combustible y resistencia al fuego",edificaciones / sistemas constructivos,Edificación,DERIVADO: seguridad contra incendios,2,Ingeniería contra Incendios,"Texto visible p.2 sobre vías de evacuación, carga combustible, resistencia al fuego y ensayos de laboratorio.",OK,Célula inferida por el rótulo explícito de p.1 “sector de la edificación pública”. Archivo idéntico a DOC-31; conservar ambos por trazabilidad hasta definir fuente canónica.,MAPA_2A1_ORIGINAL,CORRECTO_CON_MATIZ,APTO_CON_MATIZ,ACEPTADA_CON_MATIZ,Ingeniería contra Incendios,"Evaluación de evacuación, carga combustible y resistencia al fuego",Edificación,"La fuente declara estudios de vías de evacuación, carga combustible y resistencia al fuego, además de ensayos de laboratorio para verificar cumplimiento de normas de seguridad contra incendios.",Mantener las capacidades. No ampliar a 'sistemas constructivos' salvo que otra fuente lo respalde; conservar edificación/construcción como contexto general.,"La prestación está respaldada, pero parte de la aplicación normalizada no aparece de forma literal.",NO,,PENDIENTE_2A2,NO,G_DTC_16_31,SI,,SIN_CELULA_PRIORIZADA,FUERA_ALCANCE_O_SIN_APLICACION_SECTORIAL,"Relación válida, pero sin aplicación explícita suficiente a una de las cinco células priorizadas o correspondiente a un ámbito transversal/no priorizado.",FUERA_DE_CELULAS_PRIORIZADAS,NO,2026-08-17
R0269,DOC-16,Ficha 15 Division DTC trazado (1) (1).pdf,INFRA PÚBLICA RESILIENTE,PRINCIPAL,Ingeniería contra Incendios,Ingeniería contra Incendios,"Diseñamos estudios de seguridad y protección, evaluando la vulnerabilidad y resistencia al fuego con enfoque en desempeño y ventilación; Proveemos asesorías y peritajes especializados","Estudios de seguridad, vulnerabilidad y peritajes contra incendios",edificaciones / infraestructura,Edificación e infraestructura,DERIVADO: evaluación de vulnerabilidad al fuego,2,Ingeniería contra Incendios,"Texto visible p.2 sobre seguridad/protección, vulnerabilidad, enfoque en desempeño/ventilación y asesorías/peritajes.",OK,Célula inferida por el rótulo explícito de p.1 “sector de la edificación pública”. Archivo idéntico a DOC-31; conservar ambos por trazabilidad hasta definir fuente canónica.,MAPA_2A1_ORIGINAL,CORRECTO_Y_VERIFICABLE,APTO_FACTUAL,ACEPTADA,Ingeniería contra Incendios,"Estudios de seguridad, vulnerabilidad y peritajes contra incendios",Edificación e infraestructura,"La fuente declara estudios de seguridad y protección, evaluación de vulnerabilidad y resistencia al fuego con enfoque en desempeño y ventilación, y asesorías/peritajes especializados.",Mantener como capacidades de Ingeniería contra Incendios.,El alcance técnico está explícito.,NO,,PENDIENTE_2A2,SI,G_DTC_16_31,SI,,SIN_CELULA_PRIORIZADA,FUERA_ALCANCE_O_SIN_APLICACION_SECTORIAL,"Relación válida, pero sin aplicación explícita suficiente a una de las cinco células priorizadas o correspondiente a un ámbito transversal/no priorizado.",FUERA_DE_CELULAS_PRIORIZADAS,NO,2026-08-17
R0270,DOC-16,Ficha 15 Division DTC trazado (1) (1).pdf,INFRA PÚBLICA RESILIENTE,PRINCIPAL,Acústica,Servicios de ingeniería acústica,"Brindamos servicios de medición, modelamiento y control de ruido para garantizar condiciones acústicas óptimas en diversos entornos, asegurando el cumplimiento de normativas y el confort de los usuarios","Medición, modelamiento y control de ruido",diversos entornos,Edificación/entornos públicos,DERIVADO: confort acústico,1,Acústica,Texto visible p.1 del bloque 'Acústica'.,REQUIERE REVISIÓN,Célula inferida por el rótulo explícito de p.1 “sector de la edificación pública”. Archivo idéntico a DOC-31; conservar ambos por trazabilidad hasta definir fuente canónica. La fuente usa 'garantizar/asegurando'; no reutilizar como compromiso absoluto.,MAPA_2A1_ORIGINAL,CORRECCION_NECESARIA,NO_USAR_NORMALIZACION_ACTUAL,REEMPLAZAR_SEGUN_AUDITORIA,,,,"La fuente declara medición, modelamiento y control de ruido, pero formula sus resultados con 'garantizar condiciones acústicas óptimas' y 'asegurando el cumplimiento de normativas y el confort'.","Mantener medición, modelamiento y control de ruido como capacidades. Mover 'garantizar/asegurando' a claims de fuente pendientes de revisión.",La capacidad técnica es verificable; los compromisos absolutos no lo son con el brochure.,SI,,PENDIENTE_2A2,NO,G_DTC_16_31,SI,,SIN_CELULA_PRIORIZADA,FUERA_ALCANCE_O_SIN_APLICACION_SECTORIAL,"Relación válida, pero sin aplicación explícita suficiente a una de las cinco células priorizadas o correspondiente a un ámbito transversal/no priorizado.",FUERA_DE_CELULAS_PRIORIZADAS,NO,2026-08-17
R0271,DOC-16,Ficha 15 Division DTC trazado (1) (1).pdf,INFRA PÚBLICA RESILIENTE,PRINCIPAL,Acústica,Servicios de ingeniería acústica,Ensayos acústicos en laboratorio y terreno; líneas base de ruido; estudios de impacto acústico; monitoreo y mapas de ruido; soluciones acústicas para edificaciones,"Ensayos, monitoreo y soluciones acústicas",edificaciones y entornos,Edificación pública/entorno,DERIVADO: desempeño y monitoreo acústico,2,Acústica,"Texto visible p.2 agrupa ensayos acústicos, líneas base, impacto acústico, monitoreo/mapas y soluciones para edificaciones.",OK,Célula inferida por el rótulo explícito de p.1 “sector de la edificación pública”. Archivo idéntico a DOC-31; conservar ambos por trazabilidad hasta definir fuente canónica.,MAPA_2A1_ORIGINAL,CORRECTO_CON_MATIZ,APTO_CON_MATIZ,ACEPTADA_CON_MATIZ,Servicios de ingeniería acústica,"Ensayos, monitoreo y soluciones acústicas",Edificación pública/entorno,"La fuente enumera ensayos acústicos en laboratorio/terreno, líneas base, impacto acústico, monitoreo/mapas de ruido y soluciones acústicas para edificaciones.",Mantener el bloque como portafolio acústico; distinguir que 'edificaciones' corresponde explícitamente al bloque de soluciones acústicas y no necesariamente a todas las prestaciones.,La relación agrupa capacidades válidas con alcances de aplicación distintos.,NO,,PENDIENTE_2A2,NO,G_DTC_16_31,SI,INFRA PÚBLICA RESILIENTE,ASIGNADA_2A2,PROYECTO_INFRAESTRUCTURA_PUBLICA,Aplicación/proyecto público o infraestructura pública no perteneciente a Salud ni Metro/EFE.,SIN_CAMBIO,NO,2026-08-17
R0272,DOC-16,Ficha 15 Division DTC trazado (1) (1).pdf,INFRA PÚBLICA RESILIENTE,COMPLEMENTARIA,Acústica,Acústica ocupacional,Evaluamos y proponemos soluciones acústicas ocupacionales para cumplir con normas PREXOR y mitigar el ruido en lugares de trabajo,Soluciones acústicas ocupacionales / PREXOR,lugares de trabajo,Entornos laborales,DERIVADO: salud ocupacional,2,Acústica,Texto visible p.2 sobre soluciones acústicas ocupacionales y PREXOR.,REQUIERE REVISIÓN,Célula inferida por el rótulo explícito de p.1 “sector de la edificación pública”. Archivo idéntico a DOC-31; conservar ambos por trazabilidad hasta definir fuente canónica. Validar vigencia normativa antes de publicación futura.,MAPA_2A1_ORIGINAL,CORRECTO_CON_MATIZ,APTO_CON_MATIZ,ACEPTADA_CON_MATIZ,Acústica ocupacional,Soluciones acústicas ocupacionales / PREXOR,Entornos laborales,La fuente declara soluciones acústicas ocupacionales para cumplir con normas PREXOR y mitigar ruido en lugares de trabajo.,Mantener como evidencia del brochure. Verificar vigencia y denominación normativa de PREXOR antes de reutilización pública.,"La capacidad está explícita, pero la auditoría no verifica externamente la vigencia normativa.",SI,,PENDIENTE_2A2,NO,G_DTC_16_31,SI,,SIN_CELULA_PRIORIZADA,FUERA_ALCANCE_O_SIN_APLICACION_SECTORIAL,"Relación válida, pero sin aplicación explícita suficiente a una de las cinco células priorizadas o correspondiente a un ámbito transversal/no priorizado.",FUERA_DE_CELULAS_PRIORIZADAS,NO,2026-08-17
R0273,DOC-16,Ficha 15 Division DTC trazado (1) (1).pdf,INFRA PÚBLICA RESILIENTE,COMPLEMENTARIA,LABORATORIOS Y ENSAYOS,Laboratorios y ensayos,"Realizamos ensayos y certificaciones de materiales, componentes y sistemas, asegurando el cumplimiento de los estándares de calidad y seguridad para el sector de la construcción",Ensayos y certificaciones de materiales/componentes/sistemas,sector de la construcción,Construcción/edificación,DERIVADO: control de calidad y seguridad,2,LABORATORIOS Y ENSAYOS,Texto visible p.2 del bloque 'LABORATORIOS Y ENSAYOS'.,REQUIERE REVISIÓN,Célula inferida por el rótulo explícito de p.1 “sector de la edificación pública”. Archivo idéntico a DOC-31; conservar ambos por trazabilidad hasta definir fuente canónica. La fuente usa 'asegurando'; no reutilizar como garantía sin revisión.,MAPA_2A1_ORIGINAL,CORRECCION_NECESARIA,NO_USAR_NORMALIZACION_ACTUAL,REEMPLAZAR_SEGUN_AUDITORIA,,,,"La fuente declara ensayos y certificaciones de materiales, componentes y sistemas para el sector construcción, usando 'asegurando el cumplimiento de los estándares de calidad y seguridad'.",Mantener ensayos y certificaciones como capacidades. Tratar 'asegurando el cumplimiento' como claim absoluto de fuente.,"El servicio está respaldado, pero la formulación de compromiso requiere revisión.",SI,,PENDIENTE_2A2,NO,G_DTC_16_31,SI,,SIN_CELULA_PRIORIZADA,FUERA_ALCANCE_O_SIN_APLICACION_SECTORIAL,"Relación válida, pero sin aplicación explícita suficiente a una de las cinco células priorizadas o correspondiente a un ámbito transversal/no priorizado.",FUERA_DE_CELULAS_PRIORIZADAS,NO,2026-08-17
R0274,DOC-16,Ficha 15 Division DTC trazado (1) (1).pdf,INFRA PÚBLICA RESILIENTE,COMPLEMENTARIA,Realizamos convenios de prestación de servicios a organismos públicos bajo la Ley 21.094 sobre universidades estatales,Convenios de prestación de servicios con organismos públicos,Realizamos convenios de prestación de servicios a organismos públicos bajo la Ley 21.094 sobre universidades estatales,Convenios con organismos públicos,organismos públicos,Sector público,DERIVADO: articulación con organismos públicos,2,Pie institucional,Texto visible p.2: 'Realizamos convenios de prestación de servicios a organismos públicos bajo la Ley 21.094 sobre universidades estatales'.,OK,Célula inferida por el rótulo explícito de p.1 “sector de la edificación pública”. Archivo idéntico a DOC-31; conservar ambos por trazabilidad hasta definir fuente canónica. Contenido también desarrollado en DOC-05.,MAPA_2A1_ORIGINAL,CORRECTO_CON_MATIZ,APTO_CON_MATIZ,ACEPTADA_CON_MATIZ,Convenios de prestación de servicios con organismos públicos,Convenios con organismos públicos,Sector público,La fuente declara que realiza convenios de prestación de servicios a organismos públicos bajo la Ley 21.094 sobre universidades estatales.,Mantener la relación como afirmación del documento. Verificar externamente el marco jurídico vigente antes de usarla como argumento de contratación.,La existencia del texto está verificada; la validez jurídica actual no se audita aquí.,SI,,PENDIENTE_2A2,NO,G_DTC_16_31,SI,INFRA PÚBLICA RESILIENTE,ASIGNADA_2A2,PROYECTO_INFRAESTRUCTURA_PUBLICA,Aplicación/proyecto público o infraestructura pública no perteneciente a Salud ni Metro/EFE.,SIN_CAMBIO,NO,2026-08-17
R0275,DOC-31,Ficha 15 Servicios de tecnología de la construcción (DTC).pdf,INFRA PÚBLICA RESILIENTE,PRINCIPAL,Servicios de Tecnología de la Construcción de IDIEM,Servicios de Tecnología de la Construcción,Brindamos asesorías expertas y acompañamos los procesos de innovación al sector de la edificación pública,Asesoría e innovación para edificación pública,sector de la edificación pública,Edificación pública,DERIVADO: innovación en infraestructura pública,1,Portada / propuesta,Texto visible p.1: 'BRINDAMOS ASESORÍAS EXPERTAS Y ACOMPAÑAMOS LOS PROCESOS DE INNOVACIÓN AL SECTOR DE LA EDIFICACIÓN PÚBLICA'.,OK,Célula inferida por el rótulo explícito de p.1 “sector de la edificación pública”. Archivo idéntico a DOC-16; conservar ambos por trazabilidad hasta definir fuente canónica.,MAPA_2A1_ORIGINAL,CORRECTO_Y_VERIFICABLE,APTO_FACTUAL,ACEPTADA,Servicios de Tecnología de la Construcción,Asesoría e innovación para edificación pública,Edificación pública,Contenido idéntico a DOC-16: declara Servicios de Tecnología de la Construcción y acompañamiento de innovación para el sector de la edificación pública.,"Mantener la traza documental, pero no contar DOC-31 como evidencia independiente de DOC-16. Definir una fuente canónica posteriormente.",La relación es correcta; DOC-31 y DOC-16 son duplicados exactos.,SI,,PENDIENTE_2A2,SI,G_DTC_16_31,NO,INFRA PÚBLICA RESILIENTE,ASIGNADA_2A2,PROYECTO_INFRAESTRUCTURA_PUBLICA,Aplicación/proyecto público o infraestructura pública no perteneciente a Salud ni Metro/EFE.,SIN_CAMBIO,NO,2026-08-17
R0276,DOC-31,Ficha 15 Servicios de tecnología de la construcción (DTC).pdf,INFRA PÚBLICA RESILIENTE,PRINCIPAL,Sustentabilidad y Arquitectura,Sustentabilidad y Arquitectura,"Desarrollamos soluciones sostenibles que integran la innovación y el análisis en infraestructura, ciudades y edificaciones para promover el desarrollo responsable y la eficiencia energética",Soluciones de sustentabilidad y arquitectura,"infraestructura, ciudades y edificaciones",Infraestructura y edificación pública,DERIVADO: sostenibilidad y eficiencia energética,1,Sustentabilidad y Arquitectura,Texto visible p.1 del bloque 'Sustentabilidad y Arquitectura'.,OK,Célula inferida por el rótulo explícito de p.1 “sector de la edificación pública”. Archivo idéntico a DOC-16; conservar ambos por trazabilidad hasta definir fuente canónica.,MAPA_2A1_ORIGINAL,CORRECTO_CON_MATIZ,APTO_CON_MATIZ,ACEPTADA_CON_MATIZ,Sustentabilidad y Arquitectura,Soluciones de sustentabilidad y arquitectura,Infraestructura y edificación pública,"Contenido idéntico a DOC-16: Sustentabilidad y Arquitectura aborda infraestructura, ciudades y edificaciones dentro de un documento orientado a edificación pública.",Aplicar la misma corrección de R0263 y no contar esta fila como evidencia independiente de DOC-16.,Duplicado exacto y misma sobreespecificación de aplicación.,NO,,PENDIENTE_2A2,NO,G_DTC_16_31,NO,INFRA PÚBLICA RESILIENTE,ASIGNADA_2A2,PROYECTO_INFRAESTRUCTURA_PUBLICA,Aplicación/proyecto público o infraestructura pública no perteneciente a Salud ni Metro/EFE.,SIN_CAMBIO,NO,2026-08-17
R0277,DOC-31,Ficha 15 Servicios de tecnología de la construcción (DTC).pdf,INFRA PÚBLICA RESILIENTE,PRINCIPAL,Sustentabilidad y Arquitectura,Sustentabilidad y Arquitectura,Ejecutamos planes y estudios de cambio climático enfocados en infraestructura territorial y comunal,Planes y estudios de cambio climático,infraestructura territorial y comunal,Infraestructura territorial/comunal,DERIVADO: resiliencia climática,2,Sustentabilidad y Arquitectura,Texto visible p.2: 'Ejecutamos planes y estudios de cambio climático enfocados en infraestructura territorial y comunal'.,OK,Célula inferida por el rótulo explícito de p.1 “sector de la edificación pública”. Archivo idéntico a DOC-16; conservar ambos por trazabilidad hasta definir fuente canónica.,MAPA_2A1_ORIGINAL,CORRECTO_Y_VERIFICABLE,APTO_FACTUAL,ACEPTADA,Sustentabilidad y Arquitectura,Planes y estudios de cambio climático,Infraestructura territorial/comunal,Contenido idéntico a DOC-16: planes y estudios de cambio climático en infraestructura territorial y comunal.,"Mantener la traza, sin duplicar el peso de evidencia respecto de R0264.",Relación correcta en un archivo duplicado exacto.,NO,,PENDIENTE_2A2,SI,G_DTC_16_31,NO,INFRA PÚBLICA RESILIENTE,ASIGNADA_2A2,PROYECTO_INFRAESTRUCTURA_PUBLICA,Aplicación/proyecto público o infraestructura pública no perteneciente a Salud ni Metro/EFE.,SIN_CAMBIO,NO,2026-08-17
R0278,DOC-31,Ficha 15 Servicios de tecnología de la construcción (DTC).pdf,INFRA PÚBLICA RESILIENTE,PRINCIPAL,Sustentabilidad y Arquitectura,Sustentabilidad y Arquitectura,"Realizamos cálculos de huella de carbono, huella hídrica, análisis energéticos, ciclo de vida de materiales, estudios de reciclaje y economía circular",Evaluación ambiental y circularidad,materiales / proyectos,Proyectos de construcción,DERIVADO: huellas y economía circular,2,Sustentabilidad y Arquitectura,"Texto visible p.2 enumera huella de carbono, huella hídrica, análisis energéticos, ciclo de vida de materiales, reciclaje y economía circular.",OK,Célula inferida por el rótulo explícito de p.1 “sector de la edificación pública”. Archivo idéntico a DOC-16; conservar ambos por trazabilidad hasta definir fuente canónica.,MAPA_2A1_ORIGINAL,CORRECCION_NECESARIA,NO_USAR_NORMALIZACION_ACTUAL,REEMPLAZAR_SEGUN_AUDITORIA,,,,"Contenido idéntico a DOC-16: huella de carbono/hídrica, análisis energéticos, ciclo de vida, reciclaje y economía circular.",Aplicar la misma corrección de R0265 y no contar esta fila como evidencia independiente.,Misma aplicación excesivamente generalizada en un duplicado exacto.,NO,,PENDIENTE_2A2,NO,G_DTC_16_31,NO,,SIN_CELULA_PRIORIZADA,FUERA_ALCANCE_O_SIN_APLICACION_SECTORIAL,"Relación válida, pero sin aplicación explícita suficiente a una de las cinco células priorizadas o correspondiente a un ámbito transversal/no priorizado.",FUERA_DE_CELULAS_PRIORIZADAS,NO,2026-08-17
R0279,DOC-31,Ficha 15 Servicios de tecnología de la construcción (DTC).pdf,INFRA PÚBLICA RESILIENTE,PRINCIPAL,Sustentabilidad y Arquitectura,Sustentabilidad y Arquitectura,"Brindamos asesorías a proyectos, revisión de normativas en diseño, estudios de cabida y factibilidad técnica de proyectos; estudios y análisis de Riesgo y Vulnerabilidad energética","Asesoría, factibilidad y riesgo/vulnerabilidad energética","nivel territorial, urbano y edificatorio",Proyectos/territorio/edificación,DERIVADO: factibilidad y vulnerabilidad energética,2,Sustentabilidad y Arquitectura,"Texto visible p.2 sobre asesorías a proyectos, normativa en diseño, cabida/factibilidad y Riesgo y Vulnerabilidad energética.",OK,Célula inferida por el rótulo explícito de p.1 “sector de la edificación pública”. Archivo idéntico a DOC-16; conservar ambos por trazabilidad hasta definir fuente canónica.,MAPA_2A1_ORIGINAL,CORRECCION_NECESARIA,NO_USAR_NORMALIZACION_ACTUAL,REEMPLAZAR_SEGUN_AUDITORIA,,,,Contenido idéntico a DOC-16: asesoría/factibilidad y riesgo-vulnerabilidad energética se agrupan en un mismo bloque.,Aplicar la misma separación propuesta en R0266 y no contar como evidencia independiente.,Misma fusión de prestaciones en un duplicado exacto.,NO,,PENDIENTE_2A2,NO,G_DTC_16_31,NO,,SIN_CELULA_PRIORIZADA,FUERA_ALCANCE_O_SIN_APLICACION_SECTORIAL,"Relación válida, pero sin aplicación explícita suficiente a una de las cinco células priorizadas o correspondiente a un ámbito transversal/no priorizado.",FUERA_DE_CELULAS_PRIORIZADAS,NO,2026-08-17
R0280,DOC-31,Ficha 15 Servicios de tecnología de la construcción (DTC).pdf,INFRA PÚBLICA RESILIENTE,PRINCIPAL,Ingeniería contra Incendios,Ingeniería contra Incendios,"Ofrecemos asesoría y estudios avanzados para la prevención y protección contra incendios, mejorando la seguridad en infraestructuras mediante análisis, simulaciones y ensayos específicos",Asesoría y estudios de ingeniería contra incendios,infraestructuras,Infraestructura pública/edificación,DERIVADO: protección contra incendios,1,Ingeniería contra Incendios,Texto visible p.1 del bloque 'Ingeniería contra Incendios'.,OK,Célula inferida por el rótulo explícito de p.1 “sector de la edificación pública”. Archivo idéntico a DOC-16; conservar ambos por trazabilidad hasta definir fuente canónica.,MAPA_2A1_ORIGINAL,CORRECTO_CON_MATIZ,APTO_CON_MATIZ,ACEPTADA_CON_MATIZ,Ingeniería contra Incendios,Asesoría y estudios de ingeniería contra incendios,Infraestructura pública/edificación,"Contenido idéntico a DOC-16: asesoría y estudios de ingeniería contra incendios con análisis, simulaciones y ensayos en infraestructuras.",Aplicar la misma precisión de aplicación que R0267; no contar como evidencia independiente.,Relación correcta con aplicación sobreespecificada y fuente duplicada.,NO,,PENDIENTE_2A2,NO,G_DTC_16_31,NO,INFRA PÚBLICA RESILIENTE,ASIGNADA_2A2,PROYECTO_INFRAESTRUCTURA_PUBLICA,Aplicación/proyecto público o infraestructura pública no perteneciente a Salud ni Metro/EFE.,SIN_CAMBIO,NO,2026-08-17
R0281,DOC-31,Ficha 15 Servicios de tecnología de la construcción (DTC).pdf,INFRA PÚBLICA RESILIENTE,PRINCIPAL,Ingeniería contra Incendios,Ingeniería contra Incendios,Realizamos estudios de vías de evacuación y análisis de carga combustible y resistencia al fuego; ensayos de laboratorio para verificar cumplimiento de normas de seguridad contra incendios,"Evaluación de evacuación, carga combustible y resistencia al fuego",edificaciones / sistemas constructivos,Edificación,DERIVADO: seguridad contra incendios,2,Ingeniería contra Incendios,"Texto visible p.2 sobre vías de evacuación, carga combustible, resistencia al fuego y ensayos de laboratorio.",OK,Célula inferida por el rótulo explícito de p.1 “sector de la edificación pública”. Archivo idéntico a DOC-16; conservar ambos por trazabilidad hasta definir fuente canónica.,MAPA_2A1_ORIGINAL,CORRECTO_CON_MATIZ,APTO_CON_MATIZ,ACEPTADA_CON_MATIZ,Ingeniería contra Incendios,"Evaluación de evacuación, carga combustible y resistencia al fuego",Edificación,"Contenido idéntico a DOC-16: vías de evacuación, carga combustible, resistencia al fuego y ensayos de laboratorio.",Aplicar la misma precisión de R0268; no contar como evidencia independiente.,Misma relación y misma limitación de aplicación en fuente duplicada.,NO,,PENDIENTE_2A2,NO,G_DTC_16_31,NO,,SIN_CELULA_PRIORIZADA,FUERA_ALCANCE_O_SIN_APLICACION_SECTORIAL,"Relación válida, pero sin aplicación explícita suficiente a una de las cinco células priorizadas o correspondiente a un ámbito transversal/no priorizado.",FUERA_DE_CELULAS_PRIORIZADAS,NO,2026-08-17
R0282,DOC-31,Ficha 15 Servicios de tecnología de la construcción (DTC).pdf,INFRA PÚBLICA RESILIENTE,PRINCIPAL,Ingeniería contra Incendios,Ingeniería contra Incendios,"Diseñamos estudios de seguridad y protección, evaluando la vulnerabilidad y resistencia al fuego con enfoque en desempeño y ventilación; Proveemos asesorías y peritajes especializados","Estudios de seguridad, vulnerabilidad y peritajes contra incendios",edificaciones / infraestructura,Edificación e infraestructura,DERIVADO: evaluación de vulnerabilidad al fuego,2,Ingeniería contra Incendios,"Texto visible p.2 sobre seguridad/protección, vulnerabilidad, enfoque en desempeño/ventilación y asesorías/peritajes.",OK,Célula inferida por el rótulo explícito de p.1 “sector de la edificación pública”. Archivo idéntico a DOC-16; conservar ambos por trazabilidad hasta definir fuente canónica.,MAPA_2A1_ORIGINAL,CORRECTO_Y_VERIFICABLE,APTO_FACTUAL,ACEPTADA,Ingeniería contra Incendios,"Estudios de seguridad, vulnerabilidad y peritajes contra incendios",Edificación e infraestructura,"Contenido idéntico a DOC-16: estudios de seguridad/protección, vulnerabilidad, resistencia al fuego, desempeño/ventilación y peritajes.","Mantener la traza, sin duplicar peso de evidencia respecto de R0269.",Relación correcta en archivo duplicado exacto.,NO,,PENDIENTE_2A2,SI,G_DTC_16_31,NO,,SIN_CELULA_PRIORIZADA,FUERA_ALCANCE_O_SIN_APLICACION_SECTORIAL,"Relación válida, pero sin aplicación explícita suficiente a una de las cinco células priorizadas o correspondiente a un ámbito transversal/no priorizado.",FUERA_DE_CELULAS_PRIORIZADAS,NO,2026-08-17
R0283,DOC-31,Ficha 15 Servicios de tecnología de la construcción (DTC).pdf,INFRA PÚBLICA RESILIENTE,PRINCIPAL,Acústica,Servicios de ingeniería acústica,"Brindamos servicios de medición, modelamiento y control de ruido para garantizar condiciones acústicas óptimas en diversos entornos, asegurando el cumplimiento de normativas y el confort de los usuarios","Medición, modelamiento y control de ruido",diversos entornos,Edificación/entornos públicos,DERIVADO: confort acústico,1,Acústica,Texto visible p.1 del bloque 'Acústica'.,REQUIERE REVISIÓN,Célula inferida por el rótulo explícito de p.1 “sector de la edificación pública”. Archivo idéntico a DOC-16; conservar ambos por trazabilidad hasta definir fuente canónica. La fuente usa 'garantizar/asegurando'; no reutilizar como compromiso absoluto.,MAPA_2A1_ORIGINAL,CORRECCION_NECESARIA,NO_USAR_NORMALIZACION_ACTUAL,REEMPLAZAR_SEGUN_AUDITORIA,,,,Contenido idéntico a DOC-16: medición/modelamiento/control de ruido junto a los claims 'garantizar' y 'asegurando'.,Aplicar la misma corrección de R0270 y no contar como evidencia independiente.,Mismos compromisos absolutos en una fuente duplicada.,SI,,PENDIENTE_2A2,NO,G_DTC_16_31,NO,,SIN_CELULA_PRIORIZADA,FUERA_ALCANCE_O_SIN_APLICACION_SECTORIAL,"Relación válida, pero sin aplicación explícita suficiente a una de las cinco células priorizadas o correspondiente a un ámbito transversal/no priorizado.",FUERA_DE_CELULAS_PRIORIZADAS,NO,2026-08-17
R0284,DOC-31,Ficha 15 Servicios de tecnología de la construcción (DTC).pdf,INFRA PÚBLICA RESILIENTE,PRINCIPAL,Acústica,Servicios de ingeniería acústica,Ensayos acústicos en laboratorio y terreno; líneas base de ruido; estudios de impacto acústico; monitoreo y mapas de ruido; soluciones acústicas para edificaciones,"Ensayos, monitoreo y soluciones acústicas",edificaciones y entornos,Edificación pública/entorno,DERIVADO: desempeño y monitoreo acústico,2,Acústica,"Texto visible p.2 agrupa ensayos acústicos, líneas base, impacto acústico, monitoreo/mapas y soluciones para edificaciones.",OK,Célula inferida por el rótulo explícito de p.1 “sector de la edificación pública”. Archivo idéntico a DOC-16; conservar ambos por trazabilidad hasta definir fuente canónica.,MAPA_2A1_ORIGINAL,CORRECTO_CON_MATIZ,APTO_CON_MATIZ,ACEPTADA_CON_MATIZ,Servicios de ingeniería acústica,"Ensayos, monitoreo y soluciones acústicas",Edificación pública/entorno,"Contenido idéntico a DOC-16: ensayos acústicos, líneas base, impacto, monitoreo/mapas y soluciones para edificaciones.",Aplicar la misma precisión de R0271; no contar como evidencia independiente.,Portafolio válido con alcances de aplicación distintos.,NO,,PENDIENTE_2A2,NO,G_DTC_16_31,NO,INFRA PÚBLICA RESILIENTE,ASIGNADA_2A2,PROYECTO_INFRAESTRUCTURA_PUBLICA,Aplicación/proyecto público o infraestructura pública no perteneciente a Salud ni Metro/EFE.,SIN_CAMBIO,NO,2026-08-17
R0285,DOC-31,Ficha 15 Servicios de tecnología de la construcción (DTC).pdf,INFRA PÚBLICA RESILIENTE,COMPLEMENTARIA,Acústica,Acústica ocupacional,Evaluamos y proponemos soluciones acústicas ocupacionales para cumplir con normas PREXOR y mitigar el ruido en lugares de trabajo,Soluciones acústicas ocupacionales / PREXOR,lugares de trabajo,Entornos laborales,DERIVADO: salud ocupacional,2,Acústica,Texto visible p.2 sobre soluciones acústicas ocupacionales y PREXOR.,REQUIERE REVISIÓN,Célula inferida por el rótulo explícito de p.1 “sector de la edificación pública”. Archivo idéntico a DOC-16; conservar ambos por trazabilidad hasta definir fuente canónica. Validar vigencia normativa antes de publicación futura.,MAPA_2A1_ORIGINAL,CORRECTO_CON_MATIZ,APTO_CON_MATIZ,ACEPTADA_CON_MATIZ,Acústica ocupacional,Soluciones acústicas ocupacionales / PREXOR,Entornos laborales,Contenido idéntico a DOC-16: soluciones acústicas ocupacionales asociadas a PREXOR.,Aplicar la misma revisión normativa de R0272; no contar como evidencia independiente.,Capacidad respaldada; vigencia normativa no verificada.,SI,,PENDIENTE_2A2,NO,G_DTC_16_31,NO,,SIN_CELULA_PRIORIZADA,FUERA_ALCANCE_O_SIN_APLICACION_SECTORIAL,"Relación válida, pero sin aplicación explícita suficiente a una de las cinco células priorizadas o correspondiente a un ámbito transversal/no priorizado.",FUERA_DE_CELULAS_PRIORIZADAS,NO,2026-08-17
R0286,DOC-31,Ficha 15 Servicios de tecnología de la construcción (DTC).pdf,INFRA PÚBLICA RESILIENTE,COMPLEMENTARIA,LABORATORIOS Y ENSAYOS,Laboratorios y ensayos,"Realizamos ensayos y certificaciones de materiales, componentes y sistemas, asegurando el cumplimiento de los estándares de calidad y seguridad para el sector de la construcción",Ensayos y certificaciones de materiales/componentes/sistemas,sector de la construcción,Construcción/edificación,DERIVADO: control de calidad y seguridad,2,LABORATORIOS Y ENSAYOS,Texto visible p.2 del bloque 'LABORATORIOS Y ENSAYOS'.,REQUIERE REVISIÓN,Célula inferida por el rótulo explícito de p.1 “sector de la edificación pública”. Archivo idéntico a DOC-16; conservar ambos por trazabilidad hasta definir fuente canónica. La fuente usa 'asegurando'; no reutilizar como garantía sin revisión.,MAPA_2A1_ORIGINAL,CORRECCION_NECESARIA,NO_USAR_NORMALIZACION_ACTUAL,REEMPLAZAR_SEGUN_AUDITORIA,,,,Contenido idéntico a DOC-16: ensayos/certificaciones para construcción con el claim 'asegurando el cumplimiento'.,Aplicar la misma corrección de R0273; no contar como evidencia independiente.,Mismo compromiso absoluto en fuente duplicada.,SI,,PENDIENTE_2A2,NO,G_DTC_16_31,NO,,SIN_CELULA_PRIORIZADA,FUERA_ALCANCE_O_SIN_APLICACION_SECTORIAL,"Relación válida, pero sin aplicación explícita suficiente a una de las cinco células priorizadas o correspondiente a un ámbito transversal/no priorizado.",FUERA_DE_CELULAS_PRIORIZADAS,NO,2026-08-17
R0287,DOC-31,Ficha 15 Servicios de tecnología de la construcción (DTC).pdf,INFRA PÚBLICA RESILIENTE,COMPLEMENTARIA,Realizamos convenios de prestación de servicios a organismos públicos bajo la Ley 21.094 sobre universidades estatales,Convenios de prestación de servicios con organismos públicos,Realizamos convenios de prestación de servicios a organismos públicos bajo la Ley 21.094 sobre universidades estatales,Convenios con organismos públicos,organismos públicos,Sector público,DERIVADO: articulación con organismos públicos,2,Pie institucional,Texto visible p.2: 'Realizamos convenios de prestación de servicios a organismos públicos bajo la Ley 21.094 sobre universidades estatales'.,OK,Célula inferida por el rótulo explícito de p.1 “sector de la edificación pública”. Archivo idéntico a DOC-16; conservar ambos por trazabilidad hasta definir fuente canónica. Contenido también desarrollado en DOC-05.,MAPA_2A1_ORIGINAL,CORRECTO_CON_MATIZ,APTO_CON_MATIZ,ACEPTADA_CON_MATIZ,Convenios de prestación de servicios con organismos públicos,Convenios con organismos públicos,Sector público,Contenido idéntico a DOC-16: convenios con organismos públicos bajo Ley 21.094.,Mantener la traza y aplicar la misma validación jurídica de R0274; no contar como evidencia independiente.,"La frase está en el documento, pero la vigencia jurídica actual no se verifica en 2A.1B.",SI,,PENDIENTE_2A2,NO,G_DTC_16_31,NO,INFRA PÚBLICA RESILIENTE,ASIGNADA_2A2,PROYECTO_INFRAESTRUCTURA_PUBLICA,Aplicación/proyecto público o infraestructura pública no perteneciente a Salud ni Metro/EFE.,SIN_CAMBIO,NO,2026-08-17
R0288,DOC-01,Brochure Idiem infraestructura VF.pdf,REQUIERE REVISIÓN,CASO_NOMINADO,Servicios de evaluación estructural / peritajes,Evaluación estructural y peritajes,NO IDENTIFICADO,NO IDENTIFICADO,Puente Viejo Cautín,Puente Viejo Cautín,DERIVADO: caso de aplicación,8,Etapa de construcción / caso Puente Viejo Cautín,Cita visual p.8: 'Puente Viejo Cautín. Servicios de evaluación estructural / peritajes.',INCORPORADA_2A1B,Omisión verificada durante auditoría 2A.1B; el caso estaba identificado por texto editorial y no tenía fila propia.,OMISION_VERIFICADA_2A1B,CORRECTO_Y_VERIFICABLE,APTO_FACTUAL,ACEPTADA,Evaluación estructural y peritajes,NO IDENTIFICADO,Puente Viejo Cautín,Cita visual p.8: 'Puente Viejo Cautín. Servicios de evaluación estructural / peritajes.',Relación incorporada al mapa por omisión verificada durante 2A.1B.,La fuente contiene identificación textual suficiente y el mapa original no tenía una relación específica.,NO,,PENDIENTE_2A2,SI,,SI,INFRA PÚBLICA RESILIENTE,ASIGNADA_2A2,PROYECTO_INFRAESTRUCTURA_PUBLICA,Aplicación/proyecto público o infraestructura pública no perteneciente a Salud ni Metro/EFE.,RESUELTA_DESDE_REVISION,NO,2026-08-17
R0289,DOC-01,Brochure Idiem infraestructura VF.pdf,REQUIERE REVISIÓN,CASO_NOMINADO,asesoría para diagnosticar la situación actual de las obras ejecutadas,Diagnóstico técnico de obras ejecutadas,diagnosticar la situación actual,Diagnóstico de estado actual,Centro Cultural GAM,Centro Cultural GAM,DERIVADO: caso de aplicación,13,Más de 100 años colaborando con la infraestructura chilena,"Cita literal p.13: 'También prestamos asesoría para diagnosticar la situación actual de las obras ejecutadas en el Centro Cultural GAM, que cuenta con 22.000 m2'.",INCORPORADA_2A1B,Omisión verificada durante auditoría 2A.1B.,OMISION_VERIFICADA_2A1B,CORRECTO_Y_VERIFICABLE,APTO_FACTUAL,ACEPTADA,Diagnóstico técnico de obras ejecutadas,Diagnóstico de estado actual,Centro Cultural GAM,"Cita literal p.13: 'También prestamos asesoría para diagnosticar la situación actual de las obras ejecutadas en el Centro Cultural GAM, que cuenta con 22.000 m2'.",Relación incorporada al mapa por omisión verificada durante 2A.1B.,La fuente contiene identificación textual suficiente y el mapa original no tenía una relación específica.,NO,,PENDIENTE_2A2,SI,,SI,INFRA PÚBLICA RESILIENTE,ASIGNADA_2A2,DECISION_USUARIO_2A2,El usuario valida explícitamente R0289 (Centro Cultural GAM) como INFRA PÚBLICA RESILIENTE.,RESUELTA_DESDE_REVISION,NO,2026-08-17
R0290,DOC-01,Brochure Idiem infraestructura VF.pdf,REQUIERE REVISIÓN,CASO_NOMINADO,ingeniería contra incendios,Ingeniería contra incendios,NO IDENTIFICADO,NO IDENTIFICADO,nuevo terminal internacional del Aeropuerto Arturo Merino Benítez,Terminal Internacional Aeropuerto AMB,DERIVADO: caso de aplicación,13,Caso Aeropuerto Arturo Merino Benítez,"Cita literal p.13: 'Adicionalmente contempló ingeniería contra incendios e ingeniería contractual, además de ensayos de especialidades.'",INCORPORADA_2A1B,Capacidad adicional del caso AMB omitida del mapa original.,OMISION_VERIFICADA_2A1B,CORRECTO_Y_VERIFICABLE,APTO_FACTUAL,ACEPTADA,Ingeniería contra incendios,NO IDENTIFICADO,Terminal Internacional Aeropuerto AMB,"Cita literal p.13: 'Adicionalmente contempló ingeniería contra incendios e ingeniería contractual, además de ensayos de especialidades.'",Relación incorporada al mapa por omisión verificada durante 2A.1B.,La fuente contiene identificación textual suficiente y el mapa original no tenía una relación específica.,NO,,PENDIENTE_2A2,SI,,SI,INFRA PÚBLICA RESILIENTE,ASIGNADA_2A2,PROYECTO_INFRAESTRUCTURA_PUBLICA,Aplicación/proyecto público o infraestructura pública no perteneciente a Salud ni Metro/EFE.,RESUELTA_DESDE_REVISION,NO,2026-08-17
R0291,DOC-01,Brochure Idiem infraestructura VF.pdf,REQUIERE REVISIÓN,CASO_NOMINADO,ingeniería contractual,Ingeniería contractual,NO IDENTIFICADO,NO IDENTIFICADO,nuevo terminal internacional del Aeropuerto Arturo Merino Benítez,Terminal Internacional Aeropuerto AMB,DERIVADO: caso de aplicación,13,Caso Aeropuerto Arturo Merino Benítez,"Cita literal p.13: 'Adicionalmente contempló ingeniería contra incendios e ingeniería contractual, además de ensayos de especialidades.'",INCORPORADA_2A1B,Capacidad adicional del caso AMB omitida del mapa original.,OMISION_VERIFICADA_2A1B,CORRECTO_Y_VERIFICABLE,APTO_FACTUAL,ACEPTADA,Ingeniería contractual,NO IDENTIFICADO,Terminal Internacional Aeropuerto AMB,"Cita literal p.13: 'Adicionalmente contempló ingeniería contra incendios e ingeniería contractual, además de ensayos de especialidades.'",Relación incorporada al mapa por omisión verificada durante 2A.1B.,La fuente contiene identificación textual suficiente y el mapa original no tenía una relación específica.,NO,,PENDIENTE_2A2,SI,,SI,INFRA PÚBLICA RESILIENTE,ASIGNADA_2A2,PROYECTO_INFRAESTRUCTURA_PUBLICA,Aplicación/proyecto público o infraestructura pública no perteneciente a Salud ni Metro/EFE.,RESUELTA_DESDE_REVISION,NO,2026-08-17
R0292,DOC-01,Brochure Idiem infraestructura VF.pdf,REQUIERE REVISIÓN,CASO_NOMINADO,ensayos de especialidades,Ensayos de especialidades,NO IDENTIFICADO,NO IDENTIFICADO,nuevo terminal internacional del Aeropuerto Arturo Merino Benítez,Terminal Internacional Aeropuerto AMB,DERIVADO: caso de aplicación,13,Caso Aeropuerto Arturo Merino Benítez,"Cita literal p.13: 'Adicionalmente contempló ingeniería contra incendios e ingeniería contractual, además de ensayos de especialidades.'",INCORPORADA_2A1B,Capacidad adicional del caso AMB omitida del mapa original.,OMISION_VERIFICADA_2A1B,CORRECTO_Y_VERIFICABLE,APTO_FACTUAL,ACEPTADA,Ensayos de especialidades,NO IDENTIFICADO,Terminal Internacional Aeropuerto AMB,"Cita literal p.13: 'Adicionalmente contempló ingeniería contra incendios e ingeniería contractual, además de ensayos de especialidades.'",Relación incorporada al mapa por omisión verificada durante 2A.1B.,La fuente contiene identificación textual suficiente y el mapa original no tenía una relación específica.,NO,,PENDIENTE_2A2,SI,,SI,INFRA PÚBLICA RESILIENTE,ASIGNADA_2A2,PROYECTO_INFRAESTRUCTURA_PUBLICA,Aplicación/proyecto público o infraestructura pública no perteneciente a Salud ni Metro/EFE.,RESUELTA_DESDE_REVISION,NO,2026-08-17
